page_id,book,family,page,lines,correctable,lines_with_span,spans,min_conf
book-01-p0001,1,A,1,42,39,2,3,0.326253
book-01-p0002,1,A,2,39,37,1,1,0.253040
book-01-p0003,1,A,3,41,39,3,3,0.506972
book-01-p0004,1,A,4,46,44,1,1,0.520512
book-01-p0005,1,A,5,20,17,0,0,
book-01-p0006,1,A,6,52,50,3,3,0.445898
book-01-p0007,1,A,7,57,54,6,8,0.388409
book-01-p0008,1,A,8,41,37,3,3,0.373905
book-01-p0009,1,A,9,30,27,0,0,
book-01-p0010,1,A,10,44,42,2,2,0.163512
book-01-p0011,1,A,11,44,42,2,2,0.163512
book-01-p0012,1,A,12,46,42,0,0,
book-01-p0013,1,A,13,44,42,0,0,
book-01-p0014,1,A,14,46,42,1,1,0.494512
book-01-p0015,1,A,15,41,39,1,1,0.584515
book-01-p0016,1,A,16,31,28,1,1,0.442569
book-01-p0017,1,A,17,45,43,1,1,0.538197
book-01-p0018,1,A,18,45,43,1,1,0.535985
book-01-p0019,1,A,19,44,42,1,1,0.531649
book-01-p0020,1,A,20,45,43,1,1,0.542224
book-01-p0021,1,A,21,44,42,1,1,0.401718
book-01-p0022,1,A,22,46,42,2,2,0.503766
book-01-p0023,1,A,23,37,35,0,0,
book-01-p0024,1,A,24,46,42,0,0,
book-01-p0025,1,A,25,44,42,0,0,
book-01-p0026,1,A,26,43,39,1,1,0.485181
book-01-p0027,1,A,27,44,42,0,0,
book-01-p0028,1,A,28,46,42,1,1,0.576007
book-01-p0029,1,A,29,44,42,1,1,0.571731
book-01-p0030,1,A,30,37,34,0,0,
book-01-p0031,1,A,31,44,42,0,0,
book-01-p0032,1,A,32,42,39,0,0,
book-01-p0033,1,A,33,44,42,0,0,
book-01-p0034,1,A,34,46,42,2,2,0.507592
book-01-p0035,1,A,35,44,42,1,1,0.358208
book-01-p0036,1,A,36,39,35,0,0,
book-01-p0037,1,A,37,40,38,0,0,
book-01-p0038,1,A,38,46,42,1,1,0.530386
book-01-p0039,1,A,39,44,42,1,1,0.595785
book-01-p0040,1,A,40,46,42,1,1,0.528474
book-01-p0041,1,A,41,44,42,0,0,
book-01-p0042,1,A,42,45,43,1,1,0.509720
book-01-p0043,1,A,43,44,42,0,0,
book-01-p0044,1,A,44,45,42,0,0,
book-01-p0045,1,A,45,42,40,0,0,
book-01-p0046,1,A,46,31,28,2,2,0.257240
book-01-p0047,1,A,47,44,42,0,0,
book-01-p0048,1,A,48,46,43,0,0,
book-01-p0049,1,A,49,44,42,3,3,0.420141
book-01-p0050,1,A,50,46,42,0,0,
book-01-p0051,1,A,51,39,37,1,1,0.519175
book-01-p0052,1,A,52,46,42,0,0,
book-01-p0053,1,A,53,37,36,2,2,0.343526
book-01-p0054,1,A,54,45,42,2,2,0.437000
book-01-p0055,1,A,55,44,42,0,0,
book-01-p0056,1,A,56,45,42,0,0,
book-01-p0057,1,A,57,44,42,0,0,
book-01-p0058,1,A,58,41,37,1,1,0.579457
book-01-p0059,1,A,59,32,30,2,2,0.556219
book-01-p0060,1,A,60,46,42,1,1,0.584988
book-01-p0061,1,A,61,43,41,1,1,0.567799
book-01-p0062,1,A,62,40,37,0,0,
book-01-p0063,1,A,63,44,42,0,0,
book-01-p0064,1,A,64,46,43,0,0,
book-01-p0065,1,A,65,44,42,2,2,0.513505
book-01-p0066,1,A,66,45,43,0,0,
book-01-p0067,1,A,67,44,42,0,0,
book-01-p0068,1,A,68,45,42,0,0,
book-01-p0069,1,A,69,44,42,0,0,
book-01-p0070,1,A,70,46,42,1,1,0.583426
book-01-p0071,1,A,71,39,37,0,0,
book-01-p0072,1,A,72,42,38,1,1,0.568528
book-01-p0073,1,A,73,44,42,1,1,0.508192
book-01-p0074,1,A,74,46,42,1,1,0.567265
book-01-p0075,1,A,75,45,42,0,0,
book-01-p0076,1,A,76,46,42,0,0,
book-01-p0077,1,A,77,26,24,1,1,0.593917
book-01-p0078,1,A,78,45,42,0,0,
book-01-p0079,1,A,79,44,42,0,0,
book-01-p0080,1,A,80,45,43,1,1,0.545005
book-01-p0081,1,A,81,44,42,0,0,
book-01-p0082,1,A,82,46,42,1,1,0.498361
book-01-p0083,1,A,83,29,27,1,1,0.569827
book-01-p0084,1,A,84,46,43,0,0,
book-01-p0085,1,A,85,44,42,0,0,
book-01-p0086,1,A,86,46,42,0,0,
book-01-p0087,1,A,87,44,42,0,0,
book-01-p0088,1,A,88,46,42,1,1,0.412301
book-01-p0089,1,A,89,44,42,0,0,
book-01-p0090,1,A,90,45,42,0,0,
book-01-p0091,1,A,91,38,36,2,2,0.470951
book-01-p0092,1,A,92,45,42,0,0,
book-01-p0093,1,A,93,44,42,0,0,
book-01-p0094,1,A,94,46,42,1,1,0.369446
book-01-p0095,1,A,95,44,42,0,0,
book-01-p0096,1,A,96,46,43,0,0,
book-01-p0097,1,A,97,44,42,2,2,0.561492
book-01-p0098,1,A,98,46,42,1,1,0.597917
book-01-p0099,1,A,99,31,29,0,0,
book-01-p0100,1,A,100,35,31,2,2,0.419629
book-01-p0101,1,A,101,44,42,2,2,0.530551
book-01-p0102,1,A,102,45,42,1,1,0.520829
book-01-p0103,1,A,103,44,42,0,0,
book-01-p0104,1,A,104,45,42,0,0,
book-01-p0105,1,A,105,44,42,0,0,
book-01-p0106,1,A,106,46,42,1,1,0.552261
book-01-p0107,1,A,107,43,41,1,1,0.583104
book-01-p0108,1,A,108,45,42,0,0,
book-01-p0109,1,A,109,44,42,1,1,0.550214
book-01-p0110,1,A,110,46,42,1,1,0.481823
book-01-p0111,1,A,111,26,24,0,0,
book-01-p0112,1,A,112,46,42,0,0,
book-01-p0113,1,A,113,45,43,3,4,0.352714
book-01-p0114,1,A,114,45,42,0,0,
book-01-p0115,1,A,115,44,42,0,0,
book-01-p0116,1,A,116,45,42,3,3,0.487693
book-01-p0117,1,A,117,44,42,1,1,0.454450
book-01-p0118,1,A,118,46,42,1,1,0.525850
book-01-p0119,1,A,119,44,42,2,2,0.540104
book-01-p0120,1,A,120,46,42,1,1,0.502993
book-01-p0121,1,A,121,44,42,2,2,0.536632
book-01-p0122,1,A,122,46,42,1,1,0.522083
book-01-p0123,1,A,123,44,42,0,0,
book-01-p0124,1,A,124,42,38,0,0,
book-01-p0125,1,A,125,44,42,0,0,
book-01-p0126,1,A,126,45,42,2,2,0.509341
book-01-p0127,1,A,127,44,42,0,0,
book-01-p0128,1,A,128,36,33,1,1,0.547667
book-01-p0129,1,A,129,40,39,1,1,0.500712
book-01-p0130,1,A,130,46,42,0,0,
book-01-p0131,1,A,131,44,42,2,2,0.504162
book-01-p0132,1,A,132,46,42,2,2,0.415376
book-01-p0133,1,A,133,44,42,1,1,0.455952
book-01-p0134,1,A,134,46,42,1,1,0.555582
book-01-p0135,1,A,135,45,42,3,3,0.541090
book-01-p0136,1,A,136,46,42,2,2,0.546191
book-01-p0137,1,A,137,44,42,5,6,0.494045
book-01-p0138,1,A,138,35,32,3,3,0.386375
book-01-p0139,1,A,139,44,42,0,0,
book-01-p0140,1,A,140,45,42,1,1,0.555016
book-01-p0141,1,A,141,44,42,1,1,0.532346
book-01-p0142,1,A,142,45,42,0,0,
book-01-p0143,1,A,143,44,42,0,0,
book-01-p0144,1,A,144,45,42,1,1,0.585255
book-01-p0145,1,A,145,43,41,0,0,
book-01-p0146,1,A,146,32,28,0,0,
book-01-p0147,1,A,147,44,42,1,1,0.556749
book-01-p0148,1,A,148,46,42,0,0,
book-01-p0149,1,A,149,44,42,1,1,0.556722
book-01-p0150,1,A,150,45,42,1,1,0.529001
book-01-p0151,1,A,151,44,42,0,0,
book-01-p0152,1,A,152,45,42,0,0,
book-01-p0153,1,A,153,44,42,0,0,
book-01-p0154,1,A,154,46,42,1,1,0.578838
book-01-p0155,1,A,155,40,38,0,0,
book-01-p0156,1,A,156,35,31,1,1,0.587843
book-01-p0157,1,A,157,44,42,1,1,0.516497
book-01-p0158,1,A,158,46,42,0,0,
book-01-p0159,1,A,159,44,42,0,0,
book-01-p0160,1,A,160,46,42,0,0,
book-01-p0161,1,A,161,44,43,0,0,
book-01-p0162,1,A,162,40,37,0,0,
book-01-p0163,1,A,163,44,42,0,0,
book-01-p0164,1,A,164,44,42,1,1,0.517311
book-01-p0165,1,A,165,44,42,3,3,0.266251
book-01-p0166,1,A,166,46,42,0,0,
book-01-p0167,1,A,167,44,42,0,0,
book-01-p0168,1,A,168,40,36,1,1,0.346730
book-01-p0169,1,A,169,44,42,0,0,
book-01-p0170,1,A,170,46,42,0,0,
book-01-p0171,1,A,171,44,42,0,0,
book-01-p0172,1,A,172,46,42,0,0,
book-01-p0173,1,A,173,44,42,0,0,
book-01-p0174,1,A,174,45,43,1,1,0.530238
book-01-p0175,1,A,175,44,42,1,1,0.527963
book-01-p0176,1,A,176,44,42,2,2,0.581958
book-01-p0177,1,A,177,44,42,1,1,0.437226
book-01-p0178,1,A,178,45,42,0,0,
book-01-p0179,1,A,179,28,26,1,1,0.523117
book-01-p0180,1,A,180,45,42,1,1,0.540793
book-01-p0181,1,A,181,44,42,1,1,0.548859
book-01-p0182,1,A,182,45,42,1,1,0.577037
book-01-p0183,1,A,183,36,34,1,1,0.547224
book-01-p0184,1,A,184,45,42,2,2,0.580733
book-01-p0185,1,A,185,44,42,0,0,
book-01-p0186,1,A,186,44,42,1,1,0.591449
book-01-p0187,1,A,187,44,42,0,0,
book-01-p0188,1,A,188,45,42,0,0,
book-01-p0189,1,A,189,33,32,0,0,
book-01-p0190,1,A,190,34,31,0,0,
book-01-p0191,1,A,191,44,43,1,1,0.590174
book-01-p0192,1,A,192,46,42,1,1,0.578277
book-01-p0193,1,A,193,44,42,0,0,
book-01-p0194,1,A,194,46,42,1,1,0.508920
book-01-p0195,1,A,195,44,42,7,7,0.355480
book-01-p0196,1,A,196,41,37,0,0,
book-01-p0197,1,A,197,44,42,1,1,0.517095
book-01-p0198,1,A,198,45,42,0,0,
book-01-p0199,1,A,199,44,42,0,0,
book-01-p0200,1,A,200,39,36,3,3,0.522811
book-01-p0201,1,A,201,44,43,1,1,0.551455
book-01-p0202,1,A,202,46,42,0,0,
book-01-p0203,1,A,203,44,42,1,1,0.599040
book-01-p0204,1,A,204,46,42,0,0,
book-01-p0205,1,A,205,44,42,0,0,
book-01-p0206,1,A,206,45,41,1,1,0.379593
book-01-p0207,1,A,207,40,38,1,1,0.522814
book-01-p0208,1,A,208,46,42,0,0,
book-01-p0209,1,A,209,44,42,0,0,
book-01-p0210,1,A,210,38,35,0,0,
book-01-p0211,1,A,211,44,42,0,0,
book-01-p0212,1,A,212,45,42,1,1,0.582937
book-01-p0213,1,A,213,44,42,0,0,
book-01-p0214,1,A,214,40,37,0,0,
book-01-p0215,1,A,215,44,42,0,0,
book-01-p0216,1,A,216,46,42,1,1,0.542076
book-01-p0217,1,A,217,38,36,0,0,
book-01-p0218,1,A,218,46,42,1,1,0.543628
book-01-p0219,1,A,219,44,42,1,1,0.534350
book-01-p0220,1,A,220,46,42,0,0,
book-01-p0221,1,A,221,44,42,2,2,0.502770
book-01-p0222,1,A,222,41,38,1,1,0.517852
book-01-p0223,1,A,223,44,42,1,1,0.571357
book-01-p0224,1,A,224,45,42,0,0,
book-01-p0225,1,A,225,44,42,0,0,
book-01-p0226,1,A,226,47,43,2,2,0.317821
book-01-p0227,1,A,227,44,42,1,1,0.510278
book-01-p0228,1,A,228,40,36,1,1,0.395557
book-01-p0229,1,A,229,44,42,1,1,0.503546
book-01-p0230,1,A,230,46,42,0,0,
book-01-p0231,1,A,231,44,43,2,2,0.544704
book-01-p0232,1,A,232,46,42,0,0,
book-01-p0233,1,A,233,38,36,0,0,
book-01-p0234,1,A,234,45,42,1,1,0.535550
book-01-p0235,1,A,235,44,42,0,0,
book-01-p0236,1,A,236,45,42,2,2,0.535736
book-01-p0237,1,A,237,44,42,0,0,
book-01-p0238,1,A,238,44,42,0,0,
book-01-p0239,1,A,239,44,42,0,0,
book-01-p0240,1,A,240,46,42,0,0,
book-01-p0241,1,A,241,44,42,1,1,0.533401
book-01-p0242,1,A,242,25,21,0,0,
book-01-p0243,1,A,243,44,42,0,0,
book-01-p0244,1,A,244,46,42,0,0,
book-01-p0245,1,A,245,44,42,0,0,
book-01-p0246,1,A,246,45,42,0,0,
book-01-p0247,1,A,247,44,42,2,2,0.371761
book-01-p0248,1,A,248,45,42,4,4,0.527314
book-01-p0249,1,A,249,31,29,1,1,0.582243
book-01-p0250,1,A,250,46,42,2,2,0.473183
book-01-p0251,1,A,251,44,42,0,0,
book-01-p0252,1,A,252,46,42,1,1,0.533568
book-01-p0253,1,A,253,44,42,0,0,
book-01-p0254,1,A,254,46,42,0,0,
book-01-p0255,1,A,255,44,42,1,1,0.522287
book-01-p0256,1,A,256,46,42,1,1,0.594278
book-01-p0257,1,A,257,44,42,0,0,
book-01-p0258,1,A,258,35,32,0,0,
book-01-p0259,1,A,259,44,42,1,1,0.535007
book-01-p0260,1,A,260,45,42,1,1,0.539349
book-01-p0261,1,A,261,44,42,2,2,0.408013
book-01-p0262,1,A,262,45,42,1,1,0.508363
book-01-p0263,1,A,263,44,42,1,1,0.547785
book-01-p0264,1,A,264,43,39,1,1,0.544672
book-01-p0265,1,A,265,44,42,0,0,
book-01-p0266,1,A,266,46,42,0,0,
book-01-p0267,1,A,267,44,42,0,0,
book-01-p0268,1,A,268,39,35,1,1,0.575704
book-01-p0269,1,A,269,44,42,0,0,
book-01-p0270,1,A,270,45,42,0,0,
book-01-p0271,1,A,271,64,61,1,1,0.518896
book-01-p0272,1,A,272,46,42,0,0,
book-01-p0273,1,A,273,44,42,1,1,0.480056
book-01-p0274,1,A,274,46,43,1,1,0.509140
book-01-p0275,1,A,275,36,33,0,0,
book-01-p0276,1,A,276,45,42,0,0,
book-01-p0277,1,A,277,44,42,0,0,
book-01-p0278,1,A,278,45,42,0,0,
book-01-p0279,1,A,279,44,42,2,2,0.532465
book-01-p0280,1,A,280,45,42,2,2,0.485912
book-01-p0281,1,A,281,39,37,1,1,0.584895
book-01-p0282,1,A,282,44,42,0,0,
book-01-p0283,1,A,283,44,42,2,2,0.583988
book-01-p0284,1,A,284,44,42,0,0,
book-01-p0285,1,A,285,44,42,1,1,0.533974
book-01-p0286,1,A,286,45,42,0,0,
book-01-p0287,1,A,287,44,42,1,1,0.552211
book-01-p0288,1,A,288,45,42,0,0,
book-01-p0289,1,A,289,33,31,1,1,0.570877
book-01-p0290,1,A,290,46,42,1,1,0.499133
book-01-p0291,1,A,291,44,42,1,1,0.588727
book-01-p0292,1,A,292,45,42,1,1,0.587379
book-01-p0293,1,A,293,44,42,0,0,
book-01-p0294,1,A,294,45,42,0,0,
book-01-p0295,1,A,295,44,42,0,0,
book-01-p0296,1,A,296,46,42,0,0,
book-01-p0297,1,A,297,44,42,0,0,
book-01-p0298,1,A,298,46,42,1,1,0.428017
book-01-p0299,1,A,299,44,42,1,1,0.500224
book-01-p0300,1,A,300,38,34,0,0,
book-01-p0301,1,A,301,44,42,0,0,
book-01-p0302,1,A,302,46,42,1,1,0.527146
book-01-p0303,1,A,303,44,42,0,0,
book-01-p0304,1,A,304,45,42,1,1,0.494355
book-01-p0305,1,A,305,44,42,1,1,0.536838
book-01-p0306,1,A,306,45,42,0,0,
book-01-p0307,1,A,307,33,26,1,1,0.352405
book-01-p0308,1,A,308,16,15,7,8,0.182710
book-01-p0309,1,A,309,13,12,1,1,0.574724
book-01-p0310,1,A,310,18,17,2,2,0.399639
book-01-p0311,1,A,311,8,8,0,0,
book-01-p0312,1,A,312,39,34,3,3,0.404905
book-01-p0313,1,A,313,53,51,7,8,0.535468
book-01-p0314,1,A,314,31,28,0,0,
book-01-p0315,1,A,315,2,1,0,0,
book-02-p0001,2,A,1,8,7,7,10,0.340111
book-02-p0002,2,A,2,54,54,30,43,0.154274
book-02-p0003,2,A,3,16,13,2,3,0.558247
book-02-p0004,2,A,4,13,12,0,0,
book-02-p0005,2,A,5,17,16,2,2,0.224979
book-02-p0006,2,A,6,8,8,2,2,0.557208
book-02-p0007,2,A,7,40,36,3,3,0.516106
book-02-p0008,2,A,8,53,51,5,6,0.509539
book-02-p0009,2,A,9,30,26,2,2,0.484500
book-02-p0010,2,A,10,55,20,20,20,0.089068
book-02-p0011,2,A,11,21,18,1,1,0.533109
book-02-p0012,2,A,12,44,43,0,0,
book-02-p0013,2,A,13,46,44,3,3,0.389945
book-02-p0014,2,A,14,44,42,0,0,
book-02-p0015,2,A,15,46,42,0,0,
book-02-p0016,2,A,16,10,9,1,1,0.427478
book-02-p0017,2,A,17,46,42,1,1,0.581159
book-02-p0018,2,A,18,44,43,2,2,0.517135
book-02-p0019,2,A,19,45,43,3,3,0.535859
book-02-p0020,2,A,20,44,42,1,1,0.537683
book-02-p0021,2,A,21,45,44,1,1,0.580664
book-02-p0022,2,A,22,44,42,2,2,0.533819
book-02-p0023,2,A,23,46,42,0,0,
book-02-p0024,2,A,24,30,28,0,0,
book-02-p0025,2,A,25,38,33,0,0,
book-02-p0026,2,A,26,32,30,2,2,0.507310
book-02-p0027,2,A,27,46,44,4,4,0.337562
book-02-p0028,2,A,28,44,43,4,4,0.229055
book-02-p0029,2,A,29,45,43,2,2,0.500138
book-02-p0030,2,A,30,36,34,0,0,
book-02-p0031,2,A,31,15,13,1,1,0.295865
book-02-p0032,2,A,32,46,44,1,2,0.483011
book-02-p0033,2,A,33,44,40,3,3,0.524143
book-02-p0034,2,A,34,40,38,1,1,0.495906
book-02-p0035,2,A,35,46,43,1,1,0.569176
book-02-p0036,2,A,36,39,37,0,0,
book-02-p0037,2,A,37,33,31,1,1,0.571800
book-02-p0038,2,A,38,44,43,1,1,0.449556
book-02-p0039,2,A,39,45,44,2,2,0.463681
book-02-p0040,2,A,40,44,43,0,0,
book-02-p0041,2,A,41,20,19,0,0,
book-02-p0042,2,A,42,44,43,4,5,0.445265
book-02-p0043,2,A,43,45,44,1,1,0.405998
book-02-p0044,2,A,44,44,42,1,1,0.543050
book-02-p0045,2,A,45,44,43,8,8,0.507155
book-02-p0046,2,A,46,44,43,3,3,0.500832
book-02-p0047,2,A,47,44,43,1,1,0.570511
book-02-p0048,2,A,48,44,43,1,1,0.593937
book-02-p0049,2,A,49,46,44,3,3,0.519427
book-02-p0050,2,A,50,32,25,1,1,0.401142
book-02-p0051,2,A,51,46,42,1,1,0.556336
book-02-p0052,2,A,52,44,42,1,1,0.516481
book-02-p0053,2,A,53,45,43,0,0,
book-02-p0054,2,A,54,39,37,0,0,
book-02-p0055,2,A,55,33,32,7,7,0.185013
book-02-p0056,2,A,56,43,42,2,3,0.544455
book-02-p0057,2,A,57,43,42,1,1,0.530044
book-02-p0058,2,A,58,43,41,2,2,0.577176
book-02-p0059,2,A,59,45,43,4,4,0.436978
book-02-p0060,2,A,60,44,42,2,2,0.420328
book-02-p0061,2,A,61,34,31,1,1,0.591948
book-02-p0062,2,A,62,7,5,0,0,
book-02-p0063,2,A,63,46,43,0,0,
book-02-p0064,2,A,64,36,33,1,1,0.591410
book-02-p0065,2,A,65,44,41,2,2,0.544770
book-02-p0066,2,A,66,44,42,0,0,
book-02-p0067,2,A,67,44,42,1,1,0.570736
book-02-p0068,2,A,68,44,42,4,4,0.479836
book-02-p0069,2,A,69,45,43,1,1,0.557147
book-02-p0070,2,A,70,39,37,2,2,0.523515
book-02-p0071,2,A,71,13,12,2,2,0.527951
book-02-p0072,2,A,72,45,44,2,2,0.319577
book-02-p0073,2,A,73,45,43,3,3,0.464934
book-02-p0074,2,A,74,40,38,3,3,0.500644
book-02-p0075,2,A,75,43,41,0,0,
book-02-p0076,2,A,76,44,42,1,1,0.556356
book-02-p0077,2,A,77,36,34,0,0,
book-02-p0078,2,A,78,44,42,2,2,0.544875
book-02-p0079,2,A,79,45,43,3,3,0.506634
book-02-p0080,2,A,80,44,42,0,0,
book-02-p0081,2,A,81,44,43,1,1,0.593198
book-02-p0082,2,A,82,44,42,1,1,0.526042
book-02-p0083,2,A,83,45,43,1,1,0.560880
book-02-p0084,2,A,84,44,42,0,0,
book-02-p0085,2,A,85,44,43,0,0,
book-02-p0086,2,A,86,44,42,1,1,0.502968
book-02-p0087,2,A,87,41,37,1,1,0.398689
book-02-p0088,2,A,88,24,22,1,1,0.588772
book-02-p0089,2,A,89,45,43,3,3,0.409576
book-02-p0090,2,A,90,44,42,2,2,0.569988
book-02-p0091,2,A,91,36,35,2,2,0.527134
book-02-p0092,2,A,92,44,42,1,1,0.425837
book-02-p0093,2,A,93,45,43,2,2,0.544910
book-02-p0094,2,A,94,44,42,4,4,0.438864
book-02-p0095,2,A,95,39,36,0,0,
book-02-p0096,2,A,96,12,11,0,0,
book-02-p0097,2,A,97,45,43,2,2,0.512964
book-02-p0098,2,A,98,44,42,1,1,0.553686
book-02-p0099,2,A,99,46,44,5,5,0.322843
book-02-p0100,2,A,100,44,42,1,1,0.575943
book-02-p0101,2,A,101,45,44,3,3,0.431742
book-02-p0102,2,A,102,44,43,1,1,0.575606
book-02-p0103,2,A,103,45,43,3,3,0.546544
book-02-p0104,2,A,104,44,43,0,0,
book-02-p0105,2,A,105,44,43,0,0,
book-02-p0106,2,A,106,44,42,2,2,0.426174
book-02-p0107,2,A,107,41,36,1,1,0.584977
book-02-p0108,2,A,108,44,43,1,1,0.546286
book-02-p0109,2,A,109,45,43,0,0,
book-02-p0110,2,A,110,44,42,0,0,
book-02-p0111,2,A,111,46,44,3,3,0.441936
book-02-p0112,2,A,112,44,42,2,2,0.293335
book-02-p0113,2,A,113,46,44,2,2,0.494400
book-02-p0114,2,A,114,44,43,2,3,0.277231
book-02-p0115,2,A,115,45,43,4,4,0.474899
book-02-p0116,2,A,116,37,35,1,2,0.569773
book-02-p0117,2,A,117,45,43,0,0,
book-02-p0118,2,A,118,44,43,1,1,0.489602
book-02-p0119,2,A,119,45,43,2,2,0.574137
book-02-p0120,2,A,120,44,42,1,1,0.502603
book-02-p0121,2,A,121,46,44,1,1,0.578429
book-02-p0122,2,A,122,44,43,1,1,0.518592
book-02-p0123,2,A,123,46,43,1,1,0.263605
book-02-p0124,2,A,124,44,43,2,2,0.389030
book-02-p0125,2,A,125,45,44,6,8,0.260725
book-02-p0126,2,A,126,45,43,0,0,
book-02-p0127,2,A,127,38,36,1,2,0.239126
book-02-p0128,2,A,128,44,43,3,3,0.503654
book-02-p0129,2,A,129,45,43,0,0,
book-02-p0130,2,A,130,44,42,1,1,0.576233
book-02-p0131,2,A,131,46,44,1,1,0.495328
book-02-p0132,2,A,132,44,43,0,0,
book-02-p0133,2,A,133,46,44,0,0,
book-02-p0134,2,A,134,44,43,1,2,0.556667
book-02-p0135,2,A,135,45,43,0,0,
book-02-p0136,2,A,136,40,38,1,1,0.558701
book-02-p0137,2,A,137,26,25,2,2,0.338498
book-02-p0138,2,A,138,44,43,1,1,0.436599
book-02-p0139,2,A,139,45,43,0,0,
book-02-p0140,2,A,140,44,42,1,1,0.583695
book-02-p0141,2,A,141,45,43,0,0,
book-02-p0142,2,A,142,44,43,1,1,0.534679
book-02-p0143,2,A,143,44,43,0,0,
book-02-p0144,2,A,144,44,43,0,0,
book-02-p0145,2,A,145,45,43,1,2,0.543813
book-02-p0146,2,A,146,43,41,0,0,
book-02-p0147,2,A,147,42,39,1,1,0.521141
book-02-p0148,2,A,148,44,43,1,1,0.516479
book-02-p0149,2,A,149,46,44,5,5,0.265224
book-02-p0150,2,A,150,44,43,1,1,0.530794
book-02-p0151,2,A,151,45,43,2,2,0.433935
book-02-p0152,2,A,152,44,42,0,0,
book-02-p0153,2,A,153,44,43,2,2,0.503317
book-02-p0154,2,A,154,33,31,0,0,
book-02-p0155,2,A,155,46,42,1,1,0.566149
book-02-p0156,2,A,156,44,43,2,2,0.498032
book-02-p0157,2,A,157,45,44,0,0,
book-02-p0158,2,A,158,44,43,3,6,0.366407
book-02-p0159,2,A,159,45,43,2,2,0.364259
book-02-p0160,2,A,160,43,42,1,1,0.454342
book-02-p0161,2,A,161,44,43,5,5,0.237672
book-02-p0162,2,A,162,43,42,0,0,
book-02-p0163,2,A,163,43,42,2,2,0.529339
book-02-p0164,2,A,164,43,42,1,1,0.530375
book-02-p0165,2,A,165,44,43,4,4,0.501043
book-02-p0166,2,A,166,44,42,1,1,0.587274
book-02-p0167,2,A,167,44,43,1,1,0.541851
book-02-p0168,2,A,168,28,26,1,1,0.590376
book-02-p0169,2,A,169,45,43,1,1,0.596227
book-02-p0170,2,A,170,44,43,4,4,0.522135
book-02-p0171,2,A,171,46,45,1,1,0.403951
book-02-p0172,2,A,172,45,43,4,4,0.467756
book-02-p0173,2,A,173,46,45,4,4,0.442226
book-02-p0174,2,A,174,45,44,2,2,0.552117
book-02-p0175,2,A,175,44,43,2,2,0.542339
book-02-p0176,2,A,176,44,42,1,1,0.502081
book-02-p0177,2,A,177,44,43,2,2,0.544324
book-02-p0178,2,A,178,44,42,1,1,0.586713
book-02-p0179,2,A,179,45,43,0,0,
book-02-p0180,2,A,180,35,34,2,3,0.465088
book-02-p0181,2,A,181,45,42,3,4,0.537196
book-02-p0182,2,A,182,44,43,1,1,0.573387
book-02-p0183,2,A,183,45,44,1,1,0.549943
book-02-p0184,2,A,184,44,43,1,1,0.569561
book-02-p0185,2,A,185,45,44,2,2,0.544241
book-02-p0186,2,A,186,44,43,1,1,0.585673
book-02-p0187,2,A,187,44,43,1,1,0.598151
book-02-p0188,2,A,188,44,42,2,2,0.525853
book-02-p0189,2,A,189,41,38,1,1,0.482515
book-02-p0190,2,A,190,28,27,0,0,
book-02-p0191,2,A,191,45,43,1,1,0.530084
book-02-p0192,2,A,192,44,43,1,1,0.561686
book-02-p0193,2,A,193,46,44,2,2,0.514333
book-02-p0194,2,A,194,43,42,2,2,0.381360
book-02-p0195,2,A,195,46,43,1,2,0.535083
book-02-p0196,2,A,196,44,43,1,1,0.501999
book-02-p0197,2,A,197,46,44,5,5,0.530276
book-02-p0198,2,A,198,44,42,2,2,0.531589
book-02-p0199,2,A,199,45,43,4,4,0.333254
book-02-p0200,2,A,200,44,42,4,4,0.525786
book-02-p0201,2,A,201,39,37,1,1,0.538853
book-02-p0202,2,A,202,41,40,40,53,0.105304
book-02-p0203,2,A,203,0,0,0,0,
book-02-p0204,2,A,204,0,0,0,0,
book-03-p0001,3,A,1,7,6,6,10,0.135736
book-03-p0002,3,A,2,35,34,22,40,0.169152
book-03-p0003,3,A,3,17,17,1,1,0.507857
book-03-p0004,3,A,4,20,15,8,8,0.102316
book-03-p0005,3,A,5,22,21,1,1,0.547272
book-03-p0006,3,A,6,22,21,21,21,0.097097
book-03-p0007,3,A,7,45,43,4,5,0.477689
book-03-p0008,3,A,8,55,51,5,5,0.534079
book-03-p0009,3,A,9,0,0,0,0,
book-03-p0010,3,A,10,0,0,0,0,
book-03-p0011,3,A,11,29,28,3,3,0.453592
book-03-p0012,3,A,12,44,43,5,6,0.469087
book-03-p0013,3,A,13,45,43,3,3,0.585670
book-03-p0014,3,A,14,44,42,1,1,0.155023
book-03-p0015,3,A,15,45,44,2,2,0.322475
book-03-p0016,3,A,16,44,43,3,9,0.310058
book-03-p0017,3,A,17,46,44,2,2,0.549758
book-03-p0018,3,A,18,44,42,1,1,0.519041
book-03-p0019,3,A,19,45,43,3,5,0.282726
book-03-p0020,3,A,20,44,43,2,3,0.534259
book-03-p0021,3,A,21,45,43,1,1,0.550665
book-03-p0022,3,A,22,33,31,2,2,0.526907
book-03-p0023,3,A,23,30,28,4,4,0.385257
book-03-p0024,3,A,24,45,43,4,5,0.521049
book-03-p0025,3,A,25,45,42,2,2,0.416057
book-03-p0026,3,A,26,44,43,3,3,0.315090
book-03-p0027,3,A,27,45,44,3,4,0.323256
book-03-p0028,3,A,28,44,43,5,5,0.217245
book-03-p0029,3,A,29,45,43,2,2,0.228050
book-03-p0030,3,A,30,44,42,3,4,0.414043
book-03-p0031,3,A,31,45,43,1,1,0.489071
book-03-p0032,3,A,32,24,22,1,1,0.466186
book-03-p0033,3,A,33,44,42,4,4,0.564247
book-03-p0034,3,A,34,44,43,3,5,0.461140
book-03-p0035,3,A,35,46,44,4,4,0.532375
book-03-p0036,3,A,36,45,44,0,0,
book-03-p0037,3,A,37,43,42,1,2,0.501973
book-03-p0038,3,A,38,44,43,2,2,0.296915
book-03-p0039,3,A,39,45,43,4,4,0.399532
book-03-p0040,3,A,40,44,43,2,5,0.359940
book-03-p0041,3,A,41,45,44,1,1,0.599074
book-03-p0042,3,A,42,44,43,4,5,0.522114
book-03-p0043,3,A,43,45,43,2,3,0.514110
book-03-p0044,3,A,44,42,40,2,2,0.422985
book-03-p0045,3,A,45,27,26,2,2,0.420742
book-03-p0046,3,A,46,43,42,2,5,0.406524
book-03-p0047,3,A,47,46,43,1,1,0.557400
book-03-p0048,3,A,48,45,44,5,5,0.296712
book-03-p0049,3,A,49,46,44,6,6,0.509366
book-03-p0050,3,A,50,44,43,2,2,0.390102
book-03-p0051,3,A,51,45,41,2,2,0.514565
book-03-p0052,3,A,52,23,22,2,5,0.297198
book-03-p0053,3,A,53,45,43,2,2,0.456914
book-03-p0054,3,A,54,44,42,1,1,0.554656
book-03-p0055,3,A,55,44,43,2,2,0.493143
book-03-p0056,3,A,56,44,43,0,0,
book-03-p0057,3,A,57,45,43,2,3,0.419406
book-03-p0058,3,A,58,44,42,3,3,0.429534
book-03-p0059,3,A,59,46,44,2,2,0.518974
book-03-p0060,3,A,60,45,44,3,7,0.325846
book-03-p0061,3,A,61,44,43,2,2,0.361249
book-03-p0062,3,A,62,44,43,5,5,0.372459
book-03-p0063,3,A,63,45,43,3,3,0.446137
book-03-p0064,3,A,64,23,20,0,0,
book-03-p0065,3,A,65,45,44,1,1,0.266050
book-03-p0066,3,A,66,44,42,1,1,0.578175
book-03-p0067,3,A,67,45,43,1,1,0.477823
book-03-p0068,3,A,68,44,43,1,1,0.546959
book-03-p0069,3,A,69,44,43,1,2,0.545413
book-03-p0070,3,A,70,44,43,4,4,0.358225
book-03-p0071,3,A,71,44,43,5,5,0.415019
book-03-p0072,3,A,72,43,41,0,0,
book-03-p0073,3,A,73,45,42,2,2,0.516570
book-03-p0074,3,A,74,43,42,2,2,0.561064
book-03-p0075,3,A,75,45,43,2,2,0.334083
book-03-p0076,3,A,76,44,43,2,2,0.504891
book-03-p0077,3,A,77,43,42,4,5,0.229893
book-03-p0078,3,A,78,44,42,1,1,0.563168
book-03-p0079,3,A,79,44,43,2,5,0.486824
book-03-p0080,3,A,80,28,26,4,5,0.248749
book-03-p0081,3,A,81,44,43,2,2,0.433466
book-03-p0082,3,A,82,44,43,3,4,0.500624
book-03-p0083,3,A,83,46,45,3,4,0.459775
book-03-p0084,3,A,84,46,45,6,7,0.265654
book-03-p0085,3,A,85,45,44,3,3,0.352896
book-03-p0086,3,A,86,43,42,2,5,0.234049
book-03-p0087,3,A,87,43,42,1,1,0.598200
book-03-p0088,3,A,88,43,41,3,3,0.509001
book-03-p0089,3,A,89,46,44,1,1,0.524181
book-03-p0090,3,A,90,44,43,0,0,
book-03-p0091,3,A,91,45,43,4,4,0.499517
book-03-p0092,3,A,92,25,23,0,0,
book-03-p0093,3,A,93,45,43,0,0,
book-03-p0094,3,A,94,44,43,1,1,0.349666
book-03-p0095,3,A,95,41,38,1,1,0.541708
book-03-p0096,3,A,96,44,43,3,4,0.338702
book-03-p0097,3,A,97,45,43,1,1,0.534033
book-03-p0098,3,A,98,44,42,2,3,0.497727
book-03-p0099,3,A,99,25,21,3,3,0.098287
book-03-p0100,3,A,100,45,43,4,4,0.448304
book-03-p0101,3,A,101,46,44,4,4,0.509883
book-03-p0102,3,A,102,44,42,1,1,0.582130
book-03-p0103,3,A,103,44,42,0,0,
book-03-p0104,3,A,104,44,42,0,0,
book-03-p0105,3,A,105,44,43,9,9,0.392163
book-03-p0106,3,A,106,44,42,2,2,0.428662
book-03-p0107,3,A,107,27,22,8,8,0.114675
book-03-p0108,3,A,108,10,9,2,2,0.376221
book-03-p0109,3,A,109,44,43,0,0,
book-03-p0110,3,A,110,44,43,3,4,0.508758
book-03-p0111,3,A,111,46,44,2,2,0.517835
book-03-p0112,3,A,112,44,43,0,0,
book-03-p0113,3,A,113,44,43,1,1,0.432771
book-03-p0114,3,A,114,44,42,2,2,0.534955
book-03-p0115,3,A,115,44,43,2,3,0.455381
book-03-p0116,3,A,116,37,34,1,1,0.550585
book-03-p0117,3,A,117,27,25,4,5,0.216028
book-03-p0118,3,A,118,44,43,6,7,0.189351
book-03-p0119,3,A,119,45,43,3,3,0.119953
book-03-p0120,3,A,120,44,43,3,3,0.396810
book-03-p0121,3,A,121,44,43,1,1,0.523055
book-03-p0122,3,A,122,44,43,3,4,0.403242
book-03-p0123,3,A,123,46,44,2,2,0.317377
book-03-p0124,3,A,124,44,43,5,5,0.505838
book-03-p0125,3,A,125,46,43,0,0,
book-03-p0126,3,A,126,44,42,5,5,0.383118
book-03-p0127,3,A,127,45,43,6,8,0.225632
book-03-p0128,3,A,128,45,43,1,1,0.538685
book-03-p0129,3,A,129,11,11,3,5,0.182404
book-03-p0130,3,A,130,44,42,4,4,0.424750
book-03-p0131,3,A,131,45,43,1,3,0.513101
book-03-p0132,3,A,132,44,43,1,1,0.545474
book-03-p0133,3,A,133,45,44,3,3,0.540866
book-03-p0134,3,A,134,44,43,1,1,0.554754
book-03-p0135,3,A,135,44,43,1,1,0.504690
book-03-p0136,3,A,136,44,43,4,4,0.509056
book-03-p0137,3,A,137,44,43,1,1,0.441951
book-03-p0138,3,A,138,44,43,5,9,0.311497
book-03-p0139,3,A,139,44,43,1,2,0.522262
book-03-p0140,3,A,140,44,43,6,6,0.402590
book-03-p0141,3,A,141,19,17,3,3,0.505795
book-03-p0142,3,A,142,44,43,3,3,0.528172
book-03-p0143,3,A,143,46,44,2,2,0.500493
book-03-p0144,3,A,144,44,43,1,1,0.473318
book-03-p0145,3,A,145,45,44,1,1,0.561438
book-03-p0146,3,A,146,44,43,0,0,
book-03-p0147,3,A,147,44,43,1,1,0.570533
book-03-p0148,3,A,148,44,43,5,8,0.414297
book-03-p0149,3,A,149,43,40,5,5,0.344750
book-03-p0150,3,A,150,23,22,1,1,0.507243
book-03-p0151,3,A,151,44,43,0,0,
book-03-p0152,3,A,152,44,43,6,7,0.365051
book-03-p0153,3,A,153,44,43,3,3,0.498726
book-03-p0154,3,A,154,43,42,5,6,0.482583
book-03-p0155,3,A,155,46,43,4,4,0.500533
book-03-p0156,3,A,156,45,44,2,2,0.499243
book-03-p0157,3,A,157,45,44,3,4,0.459855
book-03-p0158,3,A,158,26,23,1,1,0.532000
book-03-p0159,3,A,159,47,43,0,0,
book-03-p0160,3,A,160,44,43,3,5,0.320061
book-03-p0161,3,A,161,46,43,4,4,0.496661
book-03-p0162,3,A,162,44,43,3,3,0.530756
book-03-p0163,3,A,163,44,43,2,2,0.489408
book-03-p0164,3,A,164,44,43,2,2,0.440154
book-03-p0165,3,A,165,42,41,1,1,0.403400
book-03-p0166,3,A,166,44,43,1,1,0.586662
book-03-p0167,3,A,167,45,43,0,0,
book-03-p0168,3,A,168,44,43,0,0,
book-03-p0169,3,A,169,45,37,4,5,0.272552
book-03-p0170,3,A,170,26,23,1,1,0.583380
book-03-p0171,3,A,171,45,44,3,3,0.458911
book-03-p0172,3,A,172,44,43,4,5,0.490200
book-03-p0173,3,A,173,44,43,1,3,0.411784
book-03-p0174,3,A,174,44,43,1,1,0.597778
book-03-p0175,3,A,175,44,43,2,2,0.316314
book-03-p0176,3,A,176,44,43,4,4,0.502663
book-03-p0177,3,A,177,40,39,4,4,0.103635
book-03-p0178,3,A,178,43,41,1,1,0.383197
book-03-p0179,3,A,179,44,42,2,2,0.469970
book-03-p0180,3,A,180,44,43,2,3,0.512257
book-03-p0181,3,A,181,45,42,2,2,0.494446
book-03-p0182,3,A,182,44,43,1,1,0.555681
book-03-p0183,3,A,183,44,42,3,4,0.416304
book-03-p0184,3,A,184,45,43,1,1,0.462339
book-03-p0185,3,A,185,45,42,1,1,0.550562
book-03-p0186,3,A,186,44,42,1,1,0.519781
book-03-p0187,3,A,187,44,43,5,11,0.286680
book-03-p0188,3,A,188,44,43,2,3,0.469801
book-03-p0189,3,A,189,45,43,5,6,0.499893
book-03-p0190,3,A,190,44,42,2,2,0.477996
book-03-p0191,3,A,191,48,35,17,20,0.096327
book-03-p0192,3,A,192,44,42,1,1,0.529191
book-03-p0193,3,A,193,45,43,4,4,0.391349
book-03-p0194,3,A,194,44,43,1,1,0.540359
book-03-p0195,3,A,195,43,42,1,3,0.408879
book-03-p0196,3,A,196,44,43,4,4,0.544629
book-03-p0197,3,A,197,44,42,3,3,0.431219
book-03-p0198,3,A,198,45,44,26,39,0.088989
book-04-p0001,4,A,1,8,6,6,13,0.145929
book-04-p0002,4,A,2,47,47,22,29,0.246901
book-04-p0003,4,A,3,1,1,1,1,0.525728
book-04-p0004,4,A,4,0,0,0,0,
book-04-p0005,4,A,5,0,0,0,0,
book-04-p0006,4,A,6,0,0,0,0,
book-04-p0007,4,A,7,0,0,0,0,
book-04-p0008,4,A,8,0,0,0,0,
book-04-p0009,4,A,9,0,0,0,0,
book-04-p0010,4,A,10,1,0,0,0,
book-04-p0011,4,A,11,15,13,2,2,0.113557
book-04-p0012,4,A,12,8,8,2,3,0.435171
book-04-p0013,4,A,13,18,16,4,4,0.457984
book-04-p0014,4,A,14,25,24,8,11,0.437467
book-04-p0015,4,A,15,25,23,4,5,0.333803
book-04-p0016,4,A,16,23,22,10,13,0.383457
book-04-p0017,4,A,17,24,22,8,9,0.338853
book-04-p0018,4,A,18,32,31,10,12,0.447348
book-04-p0019,4,A,19,37,37,8,8,0.280337
book-04-p0020,4,A,20,49,47,7,7,0.380625
book-04-p0021,4,A,21,45,44,7,8,0.350255
book-04-p0022,4,A,22,39,22,18,21,0.098981
book-04-p0023,4,A,23,22,21,1,1,0.496555
book-04-p0024,4,A,24,43,42,2,2,0.540852
book-04-p0025,4,A,25,46,43,1,1,0.463915
book-04-p0026,4,A,26,44,42,1,1,0.567613
book-04-p0027,4,A,27,11,7,0,0,
book-04-p0028,4,A,28,21,18,17,24,0.084091
book-04-p0029,4,A,29,6,6,3,3,0.496923
book-04-p0030,4,A,30,6,3,1,1,0.501061
book-04-p0031,4,A,31,46,44,1,1,0.520725
book-04-p0032,4,A,32,44,43,5,5,0.320867
book-04-p0033,4,A,33,45,43,2,2,0.559362
book-04-p0034,4,A,34,44,43,3,3,0.312742
book-04-p0035,4,A,35,46,43,0,0,
book-04-p0036,4,A,36,44,43,0,0,
book-04-p0037,4,A,37,40,36,1,1,0.526585
book-04-p0038,4,A,38,23,22,2,3,0.442379
book-04-p0039,4,A,39,46,44,1,1,0.599793
book-04-p0040,4,A,40,44,42,0,0,
book-04-p0041,4,A,41,46,44,2,2,0.286161
book-04-p0042,4,A,42,44,42,1,1,0.577587
book-04-p0043,4,A,43,45,43,2,2,0.511878
book-04-p0044,4,A,44,44,43,1,1,0.595809
book-04-p0045,4,A,45,40,38,0,0,
book-04-p0046,4,A,46,22,21,0,0,
book-04-p0047,4,A,47,44,43,0,0,
book-04-p0048,4,A,48,42,40,0,0,
book-04-p0049,4,A,49,41,39,0,0,
book-04-p0050,4,A,50,44,43,2,3,0.521761
book-04-p0051,4,A,51,45,42,0,0,
book-04-p0052,4,A,52,38,35,2,3,0.413591
book-04-p0053,4,A,53,23,22,3,3,0.248574
book-04-p0054,4,A,54,44,43,1,1,0.485470
book-04-p0055,4,A,55,44,43,1,1,0.547717
book-04-p0056,4,A,56,44,42,0,0,
book-04-p0057,4,A,57,45,42,0,0,
book-04-p0058,4,A,58,44,42,2,2,0.499627
book-04-p0059,4,A,59,46,43,1,1,0.466864
book-04-p0060,4,A,60,39,38,0,0,
book-04-p0061,4,A,61,45,43,0,0,
book-04-p0062,4,A,62,44,43,0,0,
book-04-p0063,4,A,63,40,39,1,1,0.430160
book-04-p0064,4,A,64,41,40,1,1,0.540702
book-04-p0065,4,A,65,45,43,1,1,0.318700
book-04-p0066,4,A,66,44,42,1,1,0.571217
book-04-p0067,4,A,67,44,43,3,3,0.190559
book-04-p0068,4,A,68,44,42,1,1,0.584488
book-04-p0069,4,A,69,23,22,0,0,
book-04-p0070,4,A,70,44,43,1,4,0.433826
book-04-p0071,4,A,71,45,44,0,0,
book-04-p0072,4,A,72,44,43,2,5,0.280891
book-04-p0073,4,A,73,46,44,1,1,0.385941
book-04-p0074,4,A,74,19,15,1,1,0.514307
book-04-p0075,4,A,75,46,45,1,1,0.229032
book-04-p0076,4,A,76,44,43,2,2,0.507907
book-04-p0077,4,A,77,45,44,3,3,0.294897
book-04-p0078,4,A,78,44,42,0,0,
book-04-p0079,4,A,79,44,43,1,1,0.549148
book-04-p0080,4,A,80,44,42,1,1,0.531542
book-04-p0081,4,A,81,44,42,2,2,0.561932
book-04-p0082,4,A,82,43,41,2,3,0.428855
book-04-p0083,4,A,83,40,39,0,0,
book-04-p0084,4,A,84,34,31,1,1,0.585988
book-04-p0085,4,A,85,27,26,1,1,0.596351
book-04-p0086,4,A,86,44,42,0,0,
book-04-p0087,4,A,87,39,36,0,0,
book-04-p0088,4,A,88,22,20,0,0,
book-04-p0089,4,A,89,45,44,1,1,0.382944
book-04-p0090,4,A,90,44,43,1,1,0.493975
book-04-p0091,4,A,91,40,36,0,0,
book-04-p0092,4,A,92,44,42,0,0,
book-04-p0093,4,A,93,44,43,2,2,0.377999
book-04-p0094,4,A,94,20,19,2,2,0.554142
book-04-p0095,4,A,95,45,44,3,3,0.502409
book-04-p0096,4,A,96,44,43,2,6,0.337393
book-04-p0097,4,A,97,44,42,1,1,0.413631
book-04-p0098,4,A,98,44,42,1,1,0.506767
book-04-p0099,4,A,99,44,41,2,2,0.507936
book-04-p0100,4,A,100,40,39,0,0,
book-04-p0101,4,A,101,46,44,1,1,0.294218
book-04-p0102,4,A,102,44,43,1,1,0.518647
book-04-p0103,4,A,103,45,43,2,2,0.404190
book-04-p0104,4,A,104,19,16,1,1,0.399462
book-04-p0105,4,A,105,45,43,0,0,
book-04-p0106,4,A,106,34,31,2,2,0.554840
book-04-p0107,4,A,107,26,24,3,3,0.461379
book-04-p0108,4,A,108,44,43,0,0,
book-04-p0109,4,A,109,45,43,0,0,
book-04-p0110,4,A,110,44,43,4,4,0.501349
book-04-p0111,4,A,111,46,42,4,5,0.465025
book-04-p0112,4,A,112,44,43,1,3,0.350902
book-04-p0113,4,A,113,40,36,0,0,
book-04-p0114,4,A,114,44,43,2,2,0.418462
book-04-p0115,4,A,115,44,43,1,1,0.545301
book-04-p0116,4,A,116,39,37,2,2,0.505270
book-04-p0117,4,A,117,40,39,2,2,0.411608
book-04-p0118,4,A,118,44,43,2,3,0.424801
book-04-p0119,4,A,119,45,43,1,8,0.251243
book-04-p0120,4,A,120,44,43,0,0,
book-04-p0121,4,A,121,45,43,1,1,0.578828
book-04-p0122,4,A,122,44,43,0,0,
book-04-p0123,4,A,123,45,42,1,1,0.508680
book-04-p0124,4,A,124,44,43,1,2,0.454540
book-04-p0125,4,A,125,46,44,1,1,0.196461
book-04-p0126,4,A,126,44,43,1,1,0.510403
book-04-p0127,4,A,127,45,43,0,0,
book-04-p0128,4,A,128,39,37,2,2,0.412140
book-04-p0129,4,A,129,41,39,2,4,0.194652
book-04-p0130,4,A,130,30,27,0,0,
book-04-p0131,4,A,131,27,25,2,2,0.260181
book-04-p0132,4,A,132,44,43,1,1,0.530060
book-04-p0133,4,A,133,42,39,1,1,0.528282
book-04-p0134,4,A,134,32,31,16,18,0.111544
book-04-p0135,4,A,135,46,43,3,3,0.309912
book-04-p0136,4,A,136,41,39,1,1,0.535521
book-04-p0137,4,A,137,22,20,0,0,
book-04-p0138,4,A,138,44,42,1,1,0.542225
book-04-p0139,4,A,139,45,43,1,1,0.518722
book-04-p0140,4,A,140,44,43,0,0,
book-04-p0141,4,A,141,45,43,3,3,0.524459
book-04-p0142,4,A,142,44,43,0,0,
book-04-p0143,4,A,143,44,43,2,2,0.451735
book-04-p0144,4,A,144,44,43,0,0,
book-04-p0145,4,A,145,46,42,0,0,
book-04-p0146,4,A,146,44,43,3,3,0.523814
book-04-p0147,4,A,147,45,42,1,1,0.518457
book-04-p0148,4,A,148,44,43,0,0,
book-04-p0149,4,A,149,22,18,2,2,0.526199
book-04-p0150,4,A,150,44,43,2,2,0.506205
book-04-p0151,4,A,151,35,32,0,0,
book-04-p0152,4,A,152,27,26,2,2,0.186094
book-04-p0153,4,A,153,44,43,1,1,0.568004
book-04-p0154,4,A,154,44,43,3,3,0.519999
book-04-p0155,4,A,155,45,43,1,1,0.520380
book-04-p0156,4,A,156,44,43,3,5,0.274624
book-04-p0157,4,A,157,23,22,2,2,0.544348
book-04-p0158,4,A,158,44,43,0,0,
book-04-p0159,4,A,159,45,44,2,2,0.316614
book-04-p0160,4,A,160,44,43,1,1,0.526551
book-04-p0161,4,A,161,45,43,2,2,0.536644
book-04-p0162,4,A,162,44,42,2,5,0.526910
book-04-p0163,4,A,163,42,39,1,1,0.543171
book-04-p0164,4,A,164,44,43,1,1,0.570208
book-04-p0165,4,A,165,44,43,2,3,0.421712
book-04-p0166,4,A,166,44,43,2,2,0.463386
book-04-p0167,4,A,167,44,43,4,5,0.471298
book-04-p0168,4,A,168,46,44,2,3,0.187901
book-04-p0169,4,A,169,37,34,1,1,0.467348
book-04-p0170,4,A,170,26,24,1,1,0.587775
book-04-p0171,4,A,171,45,43,2,2,0.386889
book-04-p0172,4,A,172,44,43,1,1,0.590584
book-04-p0173,4,A,173,39,36,0,0,
book-04-p0174,4,A,174,44,43,3,3,0.537745
book-04-p0175,4,A,175,18,16,0,0,
book-04-p0176,4,A,176,13,11,1,1,0.127609
book-04-p0177,4,A,177,45,43,2,2,0.577263
book-04-p0178,4,A,178,44,42,1,1,0.587147
book-04-p0179,4,A,179,44,43,2,3,0.490560
book-04-p0180,4,A,180,44,43,1,1,0.564280
book-04-p0181,4,A,181,24,22,1,2,0.386440
book-04-p0182,4,A,182,44,43,3,3,0.345251
book-04-p0183,4,A,183,44,43,2,4,0.450265
book-04-p0184,4,A,184,44,43,3,3,0.534857
book-04-p0185,4,A,185,40,37,0,0,
book-04-p0186,4,A,186,24,23,1,2,0.388351
book-04-p0187,4,A,187,44,43,3,3,0.410292
book-04-p0188,4,A,188,46,42,0,0,
book-04-p0189,4,A,189,44,42,2,2,0.474870
book-04-p0190,4,A,190,44,43,2,2,0.526576
book-04-p0191,4,A,191,40,39,1,2,0.521727
book-04-p0192,4,A,192,44,43,0,0,
book-04-p0193,4,A,193,45,42,1,1,0.507939
book-04-p0194,4,A,194,44,43,1,2,0.426017
book-04-p0195,4,A,195,45,44,2,2,0.511737
book-04-p0196,4,A,196,45,43,3,3,0.492762
book-04-p0197,4,A,197,45,44,3,3,0.384420
book-04-p0198,4,A,198,36,32,3,3,0.155444
book-04-p0199,4,A,199,26,25,1,1,0.351243
book-04-p0200,4,A,200,44,43,5,6,0.530743
book-04-p0201,4,A,201,45,43,1,1,0.513778
book-04-p0202,4,A,202,44,43,1,2,0.515811
book-04-p0203,4,A,203,44,43,1,1,0.555577
book-04-p0204,4,A,204,24,21,0,0,
book-04-p0205,4,A,205,45,43,0,0,
book-04-p0206,4,A,206,44,43,0,0,
book-04-p0207,4,A,207,45,43,0,0,
book-04-p0208,4,A,208,44,43,3,3,0.540789
book-04-p0209,4,A,209,46,42,0,0,
book-04-p0210,4,A,210,44,43,3,4,0.277572
book-04-p0211,4,A,211,45,43,3,3,0.569236
book-04-p0212,4,A,212,40,38,1,1,0.516798
book-04-p0213,4,A,213,45,43,0,0,
book-04-p0214,4,A,214,43,41,3,4,0.233603
book-04-p0215,4,A,215,46,43,2,2,0.502808
book-04-p0216,4,A,216,44,43,5,5,0.518825
book-04-p0217,4,A,217,46,44,0,0,
book-04-p0218,4,A,218,44,42,2,2,0.512190
book-04-p0219,4,A,219,46,42,2,2,0.538285
book-04-p0220,4,A,220,44,43,1,1,0.578056
book-04-p0221,4,A,221,45,43,0,0,
book-04-p0222,4,A,222,44,43,1,1,0.579810
book-04-p0223,4,A,223,46,42,3,3,0.553679
book-04-p0224,4,A,224,44,43,3,3,0.496909
book-04-p0225,4,A,225,43,41,0,0,
book-04-p0226,4,A,226,44,43,3,3,0.457735
book-04-p0227,4,A,227,44,43,2,3,0.524248
book-04-p0228,4,A,228,41,39,2,2,0.521512
book-04-p0229,4,A,229,37,26,0,0,
book-04-p0230,4,A,230,22,21,2,2,0.533361
book-04-p0231,4,A,231,45,42,0,0,
book-04-p0232,4,A,232,44,43,2,2,0.280656
book-04-p0233,4,A,233,46,42,0,0,
book-04-p0234,4,A,234,21,19,1,2,0.537644
book-04-p0235,4,A,235,45,42,3,3,0.510494
book-04-p0236,4,A,236,43,42,1,1,0.530041
book-04-p0237,4,A,237,43,42,0,0,
book-04-p0238,4,A,238,29,22,0,0,
book-04-p0239,4,A,239,43,40,3,3,0.286534
book-04-p0240,4,A,240,43,41,2,2,0.478858
book-04-p0241,4,A,241,44,42,1,1,0.530488
book-04-p0242,4,A,242,43,42,2,3,0.475265
book-04-p0243,4,A,243,44,41,4,4,0.452659
book-04-p0244,4,A,244,30,29,5,5,0.335669
book-04-p0245,4,A,245,0,0,0,0,
book-04-p0246,4,A,246,0,0,0,0,
book-05-p0001,5,A,1,7,6,6,11,0.185599
book-05-p0002,5,A,2,55,55,29,40,0.170954
book-05-p0003,5,A,3,14,13,1,1,0.414961
book-05-p0004,5,A,4,43,39,2,2,0.559294
book-05-p0005,5,A,5,40,39,2,2,0.558743
book-05-p0006,5,A,6,28,27,2,2,0.432999
book-05-p0007,5,A,7,30,29,2,2,0.341421
book-05-p0008,5,A,8,28,28,4,4,0.283024
book-05-p0009,5,A,9,48,46,3,3,0.492374
book-05-p0010,5,A,10,51,48,12,14,0.456603
book-05-p0011,5,A,11,51,50,15,16,0.350953
book-05-p0012,5,A,12,49,47,10,12,0.160791
book-05-p0013,5,A,13,21,18,2,2,0.167314
book-05-p0014,5,A,14,0,0,0,0,
book-05-p0015,5,A,15,34,31,1,2,0.504764
book-05-p0016,5,A,16,44,43,3,3,0.441930
book-05-p0017,5,A,17,46,44,4,4,0.504252
book-05-p0018,5,A,18,44,42,1,1,0.423957
book-05-p0019,5,A,19,42,41,0,0,
book-05-p0020,5,A,20,40,38,2,2,0.443668
book-05-p0021,5,A,21,43,40,0,0,
book-05-p0022,5,A,22,44,43,1,2,0.350192
book-05-p0023,5,A,23,45,42,1,1,0.588834
book-05-p0024,5,A,24,44,43,4,4,0.521376
book-05-p0025,5,A,25,20,19,0,0,
book-05-p0026,5,A,26,44,43,6,6,0.417577
book-05-p0027,5,A,27,44,42,0,0,
book-05-p0028,5,A,28,43,41,3,3,0.519065
book-05-p0029,5,A,29,46,42,2,2,0.505260
book-05-p0030,5,A,30,44,43,3,4,0.494475
book-05-p0031,5,A,31,46,43,3,3,0.483628
book-05-p0032,5,A,32,34,32,1,1,0.483814
book-05-p0033,5,A,33,46,44,4,5,0.429762
book-05-p0034,5,A,34,44,43,2,2,0.286081
book-05-p0035,5,A,35,45,43,0,0,
book-05-p0036,5,A,36,44,43,5,5,0.324608
book-05-p0037,5,A,37,45,43,1,2,0.401219
book-05-p0038,5,A,38,44,43,5,5,0.325586
book-05-p0039,5,A,39,32,30,0,0,
book-05-p0040,5,A,40,27,25,1,1,0.560695
book-05-p0041,5,A,41,47,45,4,4,0.517326
book-05-p0042,5,A,42,45,44,2,2,0.357998
book-05-p0043,5,A,43,42,41,1,1,0.574809
book-05-p0044,5,A,44,44,43,3,3,0.342482
book-05-p0045,5,A,45,41,40,0,0,
book-05-p0046,5,A,46,44,43,3,3,0.367799
book-05-p0047,5,A,47,40,38,1,1,0.340115
book-05-p0048,5,A,48,25,23,1,1,0.521535
book-05-p0049,5,A,49,45,43,3,3,0.519828
book-05-p0050,5,A,50,29,27,4,4,0.513118
book-05-p0051,5,A,51,27,23,0,0,
book-05-p0052,5,A,52,43,42,2,2,0.420226
book-05-p0053,5,A,53,45,44,1,1,0.586212
book-05-p0054,5,A,54,44,43,6,6,0.506742
book-05-p0055,5,A,55,46,44,3,3,0.365636
book-05-p0056,5,A,56,23,21,2,3,0.393529
book-05-p0057,5,A,57,46,43,1,3,0.526824
book-05-p0058,5,A,58,44,43,5,5,0.496813
book-05-p0059,5,A,59,42,39,1,1,0.510270
book-05-p0060,5,A,60,24,23,2,3,0.419642
book-05-p0061,5,A,61,45,42,0,0,
book-05-p0062,5,A,62,44,43,7,7,0.323599
book-05-p0063,5,A,63,32,30,1,1,0.505907
book-05-p0064,5,A,64,45,43,8,9,0.255785
book-05-p0065,5,A,65,41,38,0,0,
book-05-p0066,5,A,66,44,43,2,2,0.457064
book-05-p0067,5,A,67,45,42,2,2,0.538412
book-05-p0068,5,A,68,36,34,5,5,0.512109
book-05-p0069,5,A,69,27,24,1,1,0.544825
book-05-p0070,5,A,70,44,43,4,4,0.372874
book-05-p0071,5,A,71,43,40,1,1,0.553768
book-05-p0072,5,A,72,41,40,3,4,0.338994
book-05-p0073,5,A,73,45,43,0,0,
book-05-p0074,5,A,74,36,34,5,7,0.434790
book-05-p0075,5,A,75,40,39,0,0,
book-05-p0076,5,A,76,24,23,6,7,0.438295
book-05-p0077,5,A,77,3,2,0,0,
book-05-p0078,5,A,78,44,43,5,5,0.536373
book-05-p0079,5,A,79,45,44,1,1,0.578450
book-05-p0080,5,A,80,23,22,2,2,0.568848
book-05-p0081,5,A,81,46,44,2,2,0.399997
book-05-p0082,5,A,82,44,43,5,7,0.279380
book-05-p0083,5,A,83,45,43,6,7,0.499458
book-05-p0084,5,A,84,42,41,8,9,0.382355
book-05-p0085,5,A,85,44,43,3,3,0.501199
book-05-p0086,5,A,86,41,39,6,6,0.449009
book-05-p0087,5,A,87,44,41,0,0,
book-05-p0088,5,A,88,45,44,4,7,0.369165
book-05-p0089,5,A,89,43,41,1,1,0.450894
book-05-p0090,5,A,90,39,37,3,3,0.264619
book-05-p0091,5,A,91,45,42,0,0,
book-05-p0092,5,A,92,42,40,1,1,0.593343
book-05-p0093,5,A,93,28,24,0,0,
book-05-p0094,5,A,94,38,36,5,5,0.347751
book-05-p0095,5,A,95,42,39,0,0,
book-05-p0096,5,A,96,44,43,7,10,0.312673
book-05-p0097,5,A,97,45,42,0,0,
book-05-p0098,5,A,98,41,40,3,3,0.379212
book-05-p0099,5,A,99,46,42,1,1,0.510936
book-05-p0100,5,A,100,44,43,9,11,0.369879
book-05-p0101,5,A,101,47,43,4,4,0.434206
book-05-p0102,5,A,102,45,44,6,7,0.246405
book-05-p0103,5,A,103,46,44,1,1,0.544763
book-05-p0104,5,A,104,45,44,4,4,0.503490
book-05-p0105,5,A,105,45,42,1,1,0.529966
book-05-p0106,5,A,106,31,29,2,2,0.471007
book-05-p0107,5,A,107,45,43,0,0,
book-05-p0108,5,A,108,44,42,3,3,0.510810
book-05-p0109,5,A,109,27,24,1,1,0.563004
book-05-p0110,5,A,110,44,42,0,0,
book-05-p0111,5,A,111,44,41,1,1,0.584754
book-05-p0112,5,A,112,43,42,6,6,0.295192
book-05-p0113,5,A,113,45,43,1,1,0.536368
book-05-p0114,5,A,114,44,43,4,5,0.399919
book-05-p0115,5,A,115,23,20,2,2,0.482423
book-05-p0116,5,A,116,44,43,4,4,0.342927
book-05-p0117,5,A,117,45,43,4,6,0.214858
book-05-p0118,5,A,118,28,26,0,0,
book-05-p0119,5,A,119,45,43,1,1,0.583309
book-05-p0120,5,A,120,44,43,2,5,0.284920
book-05-p0121,5,A,121,44,43,4,4,0.494628
book-05-p0122,5,A,122,44,43,5,5,0.440496
book-05-p0123,5,A,123,45,43,5,5,0.258804
book-05-p0124,5,A,124,43,41,4,4,0.520032
book-05-p0125,5,A,125,41,38,4,4,0.396636
book-05-p0126,5,A,126,22,21,1,1,0.502902
book-05-p0127,5,A,127,45,43,1,1,0.536096
book-05-p0128,5,A,128,44,43,1,1,0.394035
book-05-p0129,5,A,129,46,44,4,5,0.395514
book-05-p0130,5,A,130,23,21,0,0,
book-05-p0131,5,A,131,45,43,2,2,0.517387
book-05-p0132,5,A,132,44,43,2,2,0.377064
book-05-p0133,5,A,133,45,42,0,0,
book-05-p0134,5,A,134,42,40,1,1,0.545150
book-05-p0135,5,A,135,25,21,1,1,0.599594
book-05-p0136,5,A,136,44,43,3,3,0.458988
book-05-p0137,5,A,137,46,44,1,2,0.512100
book-05-p0138,5,A,138,39,37,5,5,0.394126
book-05-p0139,5,A,139,28,26,2,2,0.565406
book-05-p0140,5,A,140,44,43,0,0,
book-05-p0141,5,A,141,46,44,4,4,0.517299
book-05-p0142,5,A,142,44,43,4,5,0.280609
book-05-p0143,5,A,143,14,13,1,1,0.576788
book-05-p0144,5,A,144,0,0,0,0,
book-05-p0145,5,A,145,45,42,4,4,0.484831
book-05-p0146,5,A,146,44,43,3,5,0.419422
book-05-p0147,5,A,147,46,42,2,3,0.534346
book-05-p0148,5,A,148,40,38,2,2,0.532896
book-05-p0149,5,A,149,24,22,1,1,0.590854
book-05-p0150,5,A,150,44,43,4,6,0.393250
book-05-p0151,5,A,151,46,42,1,1,0.522935
book-05-p0152,5,A,152,44,43,3,3,0.375409
book-05-p0153,5,A,153,39,35,1,1,0.486491
book-05-p0154,5,A,154,44,43,2,2,0.492848
book-05-p0155,5,A,155,45,43,2,2,0.361830
book-05-p0156,5,A,156,44,43,6,6,0.286841
book-05-p0157,5,A,157,45,42,1,1,0.520908
book-05-p0158,5,A,158,44,43,2,2,0.372865
book-05-p0159,5,A,159,45,43,0,0,
book-05-p0160,5,A,160,39,37,2,2,0.511966
book-05-p0161,5,A,161,23,20,0,0,
book-05-p0162,5,A,162,44,43,1,1,0.501809
book-05-p0163,5,A,163,45,42,6,6,0.340105
book-05-p0164,5,A,164,21,19,1,1,0.485895
book-05-p0165,5,A,165,45,44,2,2,0.576275
book-05-p0166,5,A,166,43,42,1,1,0.513319
book-05-p0167,5,A,167,44,42,2,2,0.567392
book-05-p0168,5,A,168,44,43,3,3,0.304254
book-05-p0169,5,A,169,44,43,2,2,0.516865
book-05-p0170,5,A,170,44,43,4,4,0.509361
book-05-p0171,5,A,171,21,19,0,0,
book-05-p0172,5,A,172,44,43,0,0,
book-05-p0173,5,A,173,46,44,1,1,0.434424
book-05-p0174,5,A,174,44,43,3,3,0.321350
book-05-p0175,5,A,175,45,44,3,3,0.314864
book-05-p0176,5,A,176,40,38,1,1,0.515145
book-05-p0177,5,A,177,22,22,1,1,0.571609
book-05-p0178,5,A,178,44,43,3,3,0.403973
book-05-p0179,5,A,179,44,42,1,1,0.524830
book-05-p0180,5,A,180,44,43,0,0,
book-05-p0181,5,A,181,20,19,0,0,
book-05-p0182,5,A,182,43,42,2,2,0.429077
book-05-p0183,5,A,183,44,43,0,0,
book-05-p0184,5,A,184,36,34,1,1,0.330912
book-05-p0185,5,A,185,20,18,0,0,
book-05-p0186,5,A,186,44,42,0,0,
book-05-p0187,5,A,187,44,43,2,2,0.413226
book-05-p0188,5,A,188,44,43,3,3,0.502128
book-05-p0189,5,A,189,45,44,2,2,0.428583
book-05-p0190,5,A,190,42,40,1,1,0.286242
book-05-p0191,5,A,191,44,42,1,1,0.517054
book-05-p0192,5,A,192,44,42,1,1,0.374210
book-05-p0193,5,A,193,44,43,1,1,0.572394
book-05-p0194,5,A,194,40,39,1,1,0.509626
book-05-p0195,5,A,195,45,43,3,4,0.415724
book-05-p0196,5,A,196,44,42,2,2,0.507147
book-05-p0197,5,A,197,41,38,2,2,0.489691
book-05-p0198,5,A,198,45,44,3,4,0.374546
book-05-p0199,5,A,199,42,40,1,1,0.544838
book-05-p0200,5,A,200,44,43,4,4,0.433231
book-05-p0201,5,A,201,46,43,5,5,0.459164
book-05-p0202,5,A,202,32,27,0,0,
book-05-p0203,5,A,203,28,25,0,0,
book-05-p0204,5,A,204,44,43,1,1,0.590634
book-05-p0205,5,A,205,38,36,0,0,
book-05-p0206,5,A,206,36,35,4,4,0.477929
book-05-p0207,5,A,207,46,43,4,5,0.478711
book-05-p0208,5,A,208,42,40,0,0,
book-05-p0209,5,A,209,44,43,1,1,0.594119
book-05-p0210,5,A,210,31,29,0,0,
book-05-p0211,5,A,211,28,27,3,4,0.364473
book-05-p0212,5,A,212,44,43,2,2,0.508762
book-05-p0213,5,A,213,46,44,0,0,
book-05-p0214,5,A,214,43,42,5,7,0.473007
book-05-p0215,5,A,215,33,26,1,1,0.535388
book-05-p0216,5,A,216,25,24,0,0,
book-05-p0217,5,A,217,45,43,0,0,
book-05-p0218,5,A,218,44,43,1,1,0.418579
book-05-p0219,5,A,219,30,28,3,3,0.390958
book-05-p0220,5,A,220,26,24,2,2,0.511369
book-05-p0221,5,A,221,45,44,2,2,0.558114
book-05-p0222,5,A,222,44,43,3,3,0.397771
book-05-p0223,5,A,223,24,20,2,2,0.370245
book-05-p0224,5,A,224,44,42,0,0,
book-05-p0225,5,A,225,45,43,3,3,0.546529
book-05-p0226,5,A,226,34,32,1,1,0.409076
book-05-p0227,5,A,227,23,23,2,3,0.210849
book-05-p0228,5,A,228,44,42,2,2,0.481296
book-05-p0229,5,A,229,46,43,5,5,0.380958
book-05-p0230,5,A,230,44,43,2,2,0.495288
book-05-p0231,5,A,231,45,42,3,3,0.515885
book-05-p0232,5,A,232,44,43,3,3,0.374643
book-05-p0233,5,A,233,25,24,3,3,0.379355
book-05-p0234,5,A,234,44,42,5,5,0.204151
book-05-p0235,5,A,235,46,44,2,2,0.538030
book-05-p0236,5,A,236,44,43,4,7,0.469905
book-05-p0237,5,A,237,46,43,2,2,0.297833
book-05-p0238,5,A,238,44,42,2,2,0.561464
book-05-p0239,5,A,239,43,41,1,1,0.572433
book-05-p0240,5,A,240,43,42,2,2,0.500488
book-05-p0241,5,A,241,44,43,2,2,0.328195
book-05-p0242,5,A,242,43,42,1,1,0.432789
book-05-p0243,5,A,243,44,43,4,4,0.484627
book-05-p0244,5,A,244,37,36,2,2,0.530499
book-05-p0245,5,A,245,33,32,1,1,0.507134
book-05-p0246,5,A,246,44,43,4,4,0.367438
book-05-p0247,5,A,247,45,44,3,3,0.448465
book-05-p0248,5,A,248,34,33,1,1,0.585134
book-05-p0249,5,A,249,1,1,0,0,
book-05-p0250,5,A,250,0,0,0,0,
book-06-p0001,6,A,1,8,7,7,12,0.303464
book-06-p0002,6,A,2,49,49,20,32,0.210552
book-06-p0003,6,A,3,15,11,3,4,0.339812
book-06-p0004,6,A,4,11,9,0,0,
book-06-p0005,6,A,5,38,36,3,3,0.429207
book-06-p0006,6,A,6,24,22,5,5,0.484884
book-06-p0007,6,A,7,48,48,12,12,0.340681
book-06-p0008,6,A,8,59,58,8,9,0.523247
book-06-p0009,6,A,9,59,53,9,11,0.244625
book-06-p0010,6,A,10,59,58,10,12,0.393384
book-06-p0011,6,A,11,53,49,8,9,0.288272
book-06-p0012,6,A,12,34,29,29,31,0.102682
book-06-p0013,6,A,13,0,0,0,0,
book-06-p0014,6,A,14,0,0,0,0,
book-06-p0015,6,A,15,29,26,2,2,0.561106
book-06-p0016,6,A,16,44,43,1,1,0.520643
book-06-p0017,6,A,17,45,43,2,2,0.524383
book-06-p0018,6,A,18,12,10,0,0,
book-06-p0019,6,A,19,45,43,0,0,
book-06-p0020,6,A,20,44,43,3,4,0.387621
book-06-p0021,6,A,21,46,44,4,4,0.430213
book-06-p0022,6,A,22,39,38,3,3,0.489864
book-06-p0023,6,A,23,45,43,1,1,0.511349
book-06-p0024,6,A,24,44,42,3,3,0.218326
book-06-p0025,6,A,25,21,19,1,1,0.592691
book-06-p0026,6,A,26,26,25,1,2,0.500194
book-06-p0027,6,A,27,46,44,3,3,0.465315
book-06-p0028,6,A,28,44,43,1,1,0.423649
book-06-p0029,6,A,29,46,44,2,2,0.543360
book-06-p0030,6,A,30,28,26,1,1,0.516713
book-06-p0031,6,A,31,16,14,2,3,0.418768
book-06-p0032,6,A,32,44,43,3,5,0.354413
book-06-p0033,6,A,33,46,44,1,1,0.409604
book-06-p0034,6,A,34,44,43,0,0,
book-06-p0035,6,A,35,43,40,1,1,0.582440
book-06-p0036,6,A,36,40,39,2,2,0.519922
book-06-p0037,6,A,37,45,43,1,1,0.526919
book-06-p0038,6,A,38,44,43,2,2,0.430916
book-06-p0039,6,A,39,44,41,4,4,0.452116
book-06-p0040,6,A,40,39,38,0,0,
book-06-p0041,6,A,41,45,43,2,2,0.513011
book-06-p0042,6,A,42,44,43,7,8,0.449330
book-06-p0043,6,A,43,41,37,0,0,
book-06-p0044,6,A,44,24,23,2,2,0.480714
book-06-p0045,6,A,45,45,44,1,1,0.538381
book-06-p0046,6,A,46,44,43,2,2,0.561584
book-06-p0047,6,A,47,36,34,2,2,0.503281
book-06-p0048,6,A,48,50,49,4,4,0.183875
book-06-p0049,6,A,49,45,43,0,0,
book-06-p0050,6,A,50,22,21,0,0,
book-06-p0051,6,A,51,45,43,0,0,
book-06-p0052,6,A,52,44,43,2,2,0.570154
book-06-p0053,6,A,53,38,35,0,0,
book-06-p0054,6,A,54,21,19,1,1,0.557085
book-06-p0055,6,A,55,46,44,1,1,0.372544
book-06-p0056,6,A,56,44,43,3,5,0.479499
book-06-p0057,6,A,57,45,44,2,2,0.381869
book-06-p0058,6,A,58,47,46,5,5,0.431936
book-06-p0059,6,A,59,44,43,4,4,0.501510
book-06-p0060,6,A,60,39,38,2,2,0.531453
book-06-p0061,6,A,61,44,43,1,1,0.509326
book-06-p0062,6,A,62,44,43,1,1,0.591225
book-06-p0063,6,A,63,41,37,3,3,0.506386
book-06-p0064,6,A,64,27,25,2,2,0.527174
book-06-p0065,6,A,65,45,43,3,3,0.417977
book-06-p0066,6,A,66,49,48,6,6,0.300885
book-06-p0067,6,A,67,40,38,3,4,0.331046
book-06-p0068,6,A,68,41,39,1,1,0.508682
book-06-p0069,6,A,69,24,23,0,0,
book-06-p0070,6,A,70,44,43,2,2,0.385534
book-06-p0071,6,A,71,44,43,5,6,0.395602
book-06-p0072,6,A,72,40,39,4,6,0.519720
book-06-p0073,6,A,73,45,43,1,1,0.585387
book-06-p0074,6,A,74,44,43,4,4,0.502782
book-06-p0075,6,A,75,44,43,3,3,0.512702
book-06-p0076,6,A,76,39,38,4,5,0.525576
book-06-p0077,6,A,77,45,44,1,1,0.476603
book-06-p0078,6,A,78,44,43,2,2,0.383419
book-06-p0079,6,A,79,45,44,4,5,0.299088
book-06-p0080,6,A,80,24,23,2,2,0.294410
book-06-p0081,6,A,81,46,43,3,3,0.499466
book-06-p0082,6,A,82,31,27,1,2,0.550693
book-06-p0083,6,A,83,26,25,0,0,
book-06-p0084,6,A,84,44,43,1,1,0.420366
book-06-p0085,6,A,85,44,43,4,5,0.510579
book-06-p0086,6,A,86,44,42,0,0,
book-06-p0087,6,A,87,37,34,0,0,
book-06-p0088,6,A,88,27,26,2,2,0.496335
book-06-p0089,6,A,89,45,44,2,2,0.393181
book-06-p0090,6,A,90,44,43,4,5,0.142315
book-06-p0091,6,A,91,44,43,0,0,
book-06-p0092,6,A,92,15,14,2,2,0.484158
book-06-p0093,6,A,93,46,44,1,1,0.442877
book-06-p0094,6,A,94,44,43,0,0,
book-06-p0095,6,A,95,45,43,1,1,0.599751
book-06-p0096,6,A,96,44,42,1,1,0.551798
book-06-p0097,6,A,97,45,43,2,2,0.535766
book-06-p0098,6,A,98,46,45,2,2,0.416357
book-06-p0099,6,A,99,45,43,2,2,0.541419
book-06-p0100,6,A,100,45,44,1,1,0.500759
book-06-p0101,6,A,101,45,42,0,0,
book-06-p0102,6,A,102,28,26,0,0,
book-06-p0103,6,A,103,30,28,3,3,0.523520
book-06-p0104,6,A,104,44,43,2,3,0.348655
book-06-p0105,6,A,105,46,42,3,3,0.536681
book-06-p0106,6,A,106,43,41,1,1,0.435452
book-06-p0107,6,A,107,44,43,2,5,0.493637
book-06-p0108,6,A,108,45,44,1,1,0.540593
book-06-p0109,6,A,109,44,43,1,2,0.497403
book-06-p0110,6,A,110,44,43,4,4,0.373805
book-06-p0111,6,A,111,22,20,2,2,0.231866
book-06-p0112,6,A,112,44,43,2,3,0.248377
book-06-p0113,6,A,113,45,43,1,1,0.596203
book-06-p0114,6,A,114,47,46,2,2,0.508868
book-06-p0115,6,A,115,46,44,3,4,0.263453
book-06-p0116,6,A,116,31,29,1,1,0.496013
book-06-p0117,6,A,117,28,26,1,1,0.352871
book-06-p0118,6,A,118,44,43,3,4,0.390407
book-06-p0119,6,A,119,45,43,3,4,0.369279
book-06-p0120,6,A,120,38,35,10,10,0.229697
book-06-p0121,6,A,121,45,43,1,1,0.512199
book-06-p0122,6,A,122,44,43,2,3,0.215957
book-06-p0123,6,A,123,45,42,0,0,
book-06-p0124,6,A,124,37,35,0,0,
book-06-p0125,6,A,125,29,27,0,0,
book-06-p0126,6,A,126,44,43,0,0,
book-06-p0127,6,A,127,24,20,1,2,0.228343
book-06-p0128,6,A,128,44,43,2,2,0.367110
book-06-p0129,6,A,129,46,43,1,1,0.580027
book-06-p0130,6,A,130,44,43,2,4,0.337213
book-06-p0131,6,A,131,45,43,0,0,
book-06-p0132,6,A,132,44,43,2,2,0.508580
book-06-p0133,6,A,133,40,38,4,4,0.505428
book-06-p0134,6,A,134,46,45,3,5,0.331907
book-06-p0135,6,A,135,45,43,2,2,0.502666
book-06-p0136,6,A,136,44,43,3,3,0.528991
book-06-p0137,6,A,137,46,44,2,2,0.417696
book-06-p0138,6,A,138,44,43,2,2,0.554527
book-06-p0139,6,A,139,46,44,3,3,0.561015
book-06-p0140,6,A,140,41,28,0,0,
book-06-p0141,6,A,141,24,23,1,1,0.342381
book-06-p0142,6,A,142,44,43,2,2,0.378323
book-06-p0143,6,A,143,45,43,4,4,0.509016
book-06-p0144,6,A,144,20,18,0,0,
book-06-p0145,6,A,145,12,12,1,1,0.580405
book-06-p0146,6,A,146,43,42,5,6,0.407197
book-06-p0147,6,A,147,45,43,3,3,0.546829
book-06-p0148,6,A,148,23,21,4,4,0.339993
book-06-p0149,6,A,149,46,44,0,0,
book-06-p0150,6,A,150,44,43,1,1,0.537522
book-06-p0151,6,A,151,46,44,0,0,
book-06-p0152,6,A,152,46,45,4,4,0.506095
book-06-p0153,6,A,153,44,40,1,1,0.592987
book-06-p0154,6,A,154,11,3,0,0,
book-06-p0155,6,A,155,45,43,1,1,0.503084
book-06-p0156,6,A,156,45,44,5,5,0.496915
book-06-p0157,6,A,157,45,43,4,4,0.317804
book-06-p0158,6,A,158,44,43,2,2,0.581722
book-06-p0159,6,A,159,46,44,4,4,0.439270
book-06-p0160,6,A,160,43,41,2,3,0.525899
book-06-p0161,6,A,161,12,12,1,1,0.385000
book-06-p0162,6,A,162,43,41,1,1,0.553814
book-06-p0163,6,A,163,24,23,1,1,0.462733
book-06-p0164,6,A,164,44,42,0,0,
book-06-p0165,6,A,165,45,44,5,5,0.382557
book-06-p0166,6,A,166,44,43,0,0,
book-06-p0167,6,A,167,44,43,0,0,
book-06-p0168,6,A,168,37,35,1,1,0.439153
book-06-p0169,6,A,169,27,26,0,0,
book-06-p0170,6,A,170,44,43,0,0,
book-06-p0171,6,A,171,45,44,2,2,0.504068
book-06-p0172,6,A,172,44,42,1,1,0.562528
book-06-p0173,6,A,173,24,21,1,1,0.576410
book-06-p0174,6,A,174,27,25,0,0,
book-06-p0175,6,A,175,45,43,1,1,0.343933
book-06-p0176,6,A,176,44,42,0,0,
book-06-p0177,6,A,177,45,43,2,2,0.359183
book-06-p0178,6,A,178,44,43,1,1,0.511799
book-06-p0179,6,A,179,44,43,1,1,0.565690
book-06-p0180,6,A,180,40,39,0,0,
book-06-p0181,6,A,181,44,43,0,0,
book-06-p0182,6,A,182,44,43,2,2,0.398859
book-06-p0183,6,A,183,45,43,2,4,0.526438
book-06-p0184,6,A,184,23,21,3,3,0.263292
book-06-p0185,6,A,185,45,44,1,1,0.571851
book-06-p0186,6,A,186,44,43,2,2,0.504142
book-06-p0187,6,A,187,45,44,2,2,0.418641
book-06-p0188,6,A,188,15,8,0,0,
book-06-p0189,6,A,189,45,44,0,0,
book-06-p0190,6,A,190,44,43,2,2,0.518452
book-06-p0191,6,A,191,44,43,1,1,0.587720
book-06-p0192,6,A,192,44,42,3,4,0.506348
book-06-p0193,6,A,193,44,43,5,5,0.215454
book-06-p0194,6,A,194,38,37,1,1,0.514527
book-06-p0195,6,A,195,46,42,2,2,0.584891
book-06-p0196,6,A,196,37,35,0,0,
book-06-p0197,6,A,197,40,38,3,3,0.503837
book-06-p0198,6,A,198,42,40,3,3,0.488428
book-06-p0199,6,A,199,41,39,1,1,0.578382
book-06-p0200,6,A,200,44,43,1,1,0.390080
book-06-p0201,6,A,201,37,34,1,1,0.572724
book-06-p0202,6,A,202,23,21,2,2,0.246581
book-06-p0203,6,A,203,45,43,4,4,0.506796
book-06-p0204,6,A,204,44,42,1,1,0.535834
book-06-p0205,6,A,205,42,39,0,0,
book-06-p0206,6,A,206,26,25,2,3,0.426726
book-06-p0207,6,A,207,46,44,0,0,
book-06-p0208,6,A,208,38,36,0,0,
book-06-p0209,6,A,209,46,44,2,2,0.542699
book-06-p0210,6,A,210,32,30,0,0,
book-06-p0211,6,A,211,46,44,0,0,
book-06-p0212,6,A,212,39,37,0,0,
book-06-p0213,6,A,213,42,40,2,2,0.403186
book-06-p0214,6,A,214,44,43,2,3,0.444662
book-06-p0215,6,A,215,40,38,0,0,
book-06-p0216,6,A,216,44,43,1,1,0.582214
book-06-p0217,6,A,217,41,38,0,0,
book-06-p0218,6,A,218,40,38,1,1,0.524125
book-06-p0219,6,A,219,45,43,2,3,0.375807
book-06-p0220,6,A,220,22,20,0,0,
book-06-p0221,6,A,221,45,43,3,3,0.348112
book-06-p0222,6,A,222,44,43,2,2,0.414830
book-06-p0223,6,A,223,46,44,2,2,0.453859
book-06-p0224,6,A,224,43,42,2,2,0.536711
book-06-p0225,6,A,225,46,44,1,1,0.281092
book-06-p0226,6,A,226,44,43,1,1,0.587971
book-06-p0227,6,A,227,41,39,2,2,0.513378
book-06-p0228,6,A,228,44,43,2,3,0.439079
book-06-p0229,6,A,229,39,35,1,1,0.495663
book-06-p0230,6,A,230,44,42,1,1,0.522535
book-06-p0231,6,A,231,40,37,2,2,0.514958
book-06-p0232,6,A,232,27,26,3,3,0.118332
book-06-p0233,6,A,233,46,44,0,0,
book-06-p0234,6,A,234,44,43,2,5,0.229674
book-06-p0235,6,A,235,28,24,2,2,0.530391
book-06-p0236,6,A,236,18,17,15,22,0.159495
book-06-p0237,6,A,237,46,44,4,4,0.332880
book-06-p0238,6,A,238,44,42,1,1,0.550567
book-06-p0239,6,A,239,45,43,0,0,
book-06-p0240,6,A,240,44,42,1,1,0.572539
book-06-p0241,6,A,241,23,21,1,1,0.491844
book-06-p0242,6,A,242,44,43,2,3,0.486724
book-06-p0243,6,A,243,45,42,2,2,0.532738
book-06-p0244,6,A,244,24,23,2,5,0.335869
book-06-p0245,6,A,245,46,44,3,4,0.323196
book-06-p0246,6,A,246,44,43,2,2,0.464398
book-06-p0247,6,A,247,46,44,2,2,0.484318
book-06-p0248,6,A,248,18,16,1,1,0.566689
book-06-p0249,6,A,249,46,43,1,1,0.570072
book-06-p0250,6,A,250,44,43,1,1,0.502712
book-06-p0251,6,A,251,45,43,4,4,0.486941
book-06-p0252,6,A,252,21,19,3,3,0.206811
book-06-p0253,6,A,253,45,43,0,0,
book-06-p0254,6,A,254,44,42,0,0,
book-06-p0255,6,A,255,24,21,1,1,0.494371
book-06-p0256,6,A,256,44,43,3,3,0.519991
book-06-p0257,6,A,257,46,44,0,0,
book-06-p0258,6,A,258,44,42,1,1,0.521118
book-06-p0259,6,A,259,42,40,3,3,0.184361
book-06-p0260,6,A,260,44,42,1,1,0.386646
book-06-p0261,6,A,261,44,43,1,1,0.494501
book-06-p0262,6,A,262,39,37,1,1,0.561037
book-06-p0263,6,A,263,45,43,1,1,0.598817
book-06-p0264,6,A,264,27,25,2,2,0.477958
book-06-p0265,6,A,265,28,26,0,0,
book-06-p0266,6,A,266,18,14,1,1,0.320234
book-06-p0267,6,A,267,40,37,0,0,
book-06-p0268,6,A,268,40,39,3,3,0.428817
book-06-p0269,6,A,269,43,42,1,1,0.516303
book-06-p0270,6,A,270,10,9,2,3,0.516487
book-06-p0271,6,A,271,0,0,0,0,
book-06-p0272,6,A,272,0,0,0,0,
book-06-p0273,6,A,273,0,0,0,0,
book-06-p0274,6,A,274,4,2,2,3,0.196020
book-06-p0275,6,A,275,0,0,0,0,
book-06-p0276,6,A,276,0,0,0,0,
book-06-p0277,6,A,277,0,0,0,0,
book-06-p0278,6,A,278,0,0,0,0,
book-06-p0279,6,A,279,1,1,1,1,0.577056
book-07-p0001,7,A,1,8,8,7,15,0.149270
book-07-p0002,7,A,2,6,6,4,7,0.197203
book-07-p0003,7,A,3,50,50,27,37,0.145846
book-07-p0004,7,A,4,1,1,1,2,0.450955
book-07-p0005,7,A,5,3,2,2,3,0.225524
book-07-p0006,7,A,6,2,2,2,2,0.235466
book-07-p0007,7,A,7,3,3,3,3,0.271226
book-07-p0008,7,A,8,0,0,0,0,
book-07-p0009,7,A,9,16,16,16,121,0.122745
book-07-p0010,7,A,10,17,12,6,8,0.195697
book-07-p0011,7,A,11,10,10,1,1,0.581857
book-07-p0012,7,A,12,31,29,3,4,0.486417
book-07-p0013,7,A,13,51,47,8,9,0.405051
book-07-p0014,7,A,14,54,50,8,8,0.427383
book-07-p0015,7,A,15,54,52,1,1,0.571653
book-07-p0016,7,A,16,58,55,9,10,0.340160
book-07-p0017,7,A,17,48,43,7,7,0.438896
book-07-p0018,7,A,18,20,18,0,0,
book-07-p0019,7,A,19,44,42,4,5,0.423617
book-07-p0020,7,A,20,20,17,0,0,
book-07-p0021,7,A,21,44,42,2,2,0.425852
book-07-p0022,7,A,22,33,29,3,3,0.318315
book-07-p0023,7,A,23,44,42,2,2,0.515921
book-07-p0024,7,A,24,44,43,1,1,0.315952
book-07-p0025,7,A,25,44,43,1,2,0.509659
book-07-p0026,7,A,26,40,38,1,1,0.581892
book-07-p0027,7,A,27,44,42,0,0,
book-07-p0028,7,A,28,41,38,1,1,0.416897
book-07-p0029,7,A,29,24,22,3,3,0.551592
book-07-p0030,7,A,30,45,42,4,5,0.509717
book-07-p0031,7,A,31,44,43,5,9,0.326249
book-07-p0032,7,A,32,22,21,5,6,0.171742
book-07-p0033,7,A,33,43,41,4,4,0.503334
book-07-p0034,7,A,34,45,42,2,2,0.430481
book-07-p0035,7,A,35,17,14,1,2,0.336575
book-07-p0036,7,A,36,46,43,4,5,0.312323
book-07-p0037,7,A,37,44,42,3,3,0.454976
book-07-p0038,7,A,38,45,43,3,3,0.454415
book-07-p0039,7,A,39,44,43,2,2,0.380834
book-07-p0040,7,A,40,44,42,2,2,0.474602
book-07-p0041,7,A,41,44,43,2,2,0.536085
book-07-p0042,7,A,42,46,45,0,0,
book-07-p0043,7,A,43,45,44,3,3,0.371293
book-07-p0044,7,A,44,45,44,2,2,0.537838
book-07-p0045,7,A,45,44,42,2,2,0.511111
book-07-p0046,7,A,46,19,13,1,1,0.478979
book-07-p0047,7,A,47,44,42,3,3,0.377039
book-07-p0048,7,A,48,45,44,7,8,0.339777
book-07-p0049,7,A,49,39,38,4,5,0.504069
book-07-p0050,7,A,50,44,43,3,3,0.470569
book-07-p0051,7,A,51,44,42,3,3,0.537691
book-07-p0052,7,A,52,41,37,3,3,0.488734
book-07-p0053,7,A,53,26,25,0,0,
book-07-p0054,7,A,54,46,44,0,0,
book-07-p0055,7,A,55,45,44,0,0,
book-07-p0056,7,A,56,45,44,1,1,0.533035
book-07-p0057,7,A,57,45,43,1,1,0.566382
book-07-p0058,7,A,58,18,17,0,0,
book-07-p0059,7,A,59,44,42,0,0,
book-07-p0060,7,A,60,45,44,1,1,0.467894
book-07-p0061,7,A,61,44,42,2,2,0.513336
book-07-p0062,7,A,62,45,42,0,0,
book-07-p0063,7,A,63,18,16,1,1,0.594034
book-07-p0064,7,A,64,43,41,1,1,0.550463
book-07-p0065,7,A,65,44,42,0,0,
book-07-p0066,7,A,66,45,44,1,1,0.525648
book-07-p0067,7,A,67,44,43,2,2,0.410993
book-07-p0068,7,A,68,45,43,0,0,
book-07-p0069,7,A,69,22,21,0,0,
book-07-p0070,7,A,70,28,24,0,0,
book-07-p0071,7,A,71,44,42,2,2,0.505131
book-07-p0072,7,A,72,44,43,3,3,0.324998
book-07-p0073,7,A,73,20,18,0,0,
book-07-p0074,7,A,74,44,43,1,1,0.598742
book-07-p0075,7,A,75,44,43,2,2,0.458787
book-07-p0076,7,A,76,44,43,0,0,
book-07-p0077,7,A,77,44,42,2,2,0.461778
book-07-p0078,7,A,78,33,30,0,0,
book-07-p0079,7,A,79,26,24,0,0,
book-07-p0080,7,A,80,44,41,2,2,0.531749
book-07-p0081,7,A,81,37,35,3,3,0.417472
book-07-p0082,7,A,82,24,21,1,1,0.534626
book-07-p0083,7,A,83,44,43,1,1,0.562269
book-07-p0084,7,A,84,45,44,1,1,0.534200
book-07-p0085,7,A,85,44,42,0,0,
book-07-p0086,7,A,86,41,39,0,0,
book-07-p0087,7,A,87,44,43,1,1,0.533288
book-07-p0088,7,A,88,45,42,1,1,0.560697
book-07-p0089,7,A,89,18,16,1,1,0.525841
book-07-p0090,7,A,90,45,42,0,0,
book-07-p0091,7,A,91,44,43,2,2,0.389880
book-07-p0092,7,A,92,28,26,1,1,0.580655
book-07-p0093,7,A,93,27,25,1,2,0.286053
book-07-p0094,7,A,94,44,42,3,3,0.360663
book-07-p0095,7,A,95,44,43,0,0,
book-07-p0096,7,A,96,46,43,2,2,0.372009
book-07-p0097,7,A,97,44,43,2,2,0.533329
book-07-p0098,7,A,98,45,42,0,0,
book-07-p0099,7,A,99,39,37,0,0,
book-07-p0100,7,A,100,45,43,1,1,0.580870
book-07-p0101,7,A,101,44,42,2,2,0.524287
book-07-p0102,7,A,102,43,40,1,1,0.556650
book-07-p0103,7,A,103,22,20,2,2,0.571311
book-07-p0104,7,A,104,44,43,3,3,0.533619
book-07-p0105,7,A,105,44,43,0,0,
book-07-p0106,7,A,106,38,37,2,2,0.556839
book-07-p0107,7,A,107,43,41,0,0,
book-07-p0108,7,A,108,44,41,0,0,
book-07-p0109,7,A,109,17,15,0,0,
book-07-p0110,7,A,110,44,43,0,0,
book-07-p0111,7,A,111,44,43,0,0,
book-07-p0112,7,A,112,44,42,1,1,0.572396
book-07-p0113,7,A,113,44,43,3,3,0.514072
book-07-p0114,7,A,114,45,44,1,1,0.585958
book-07-p0115,7,A,115,39,33,0,0,
book-07-p0116,7,A,116,13,11,1,1,0.505121
book-07-p0117,7,A,117,44,43,1,1,0.516038
book-07-p0118,7,A,118,46,44,1,1,0.517050
book-07-p0119,7,A,119,44,43,2,3,0.489751
book-07-p0120,7,A,120,45,44,0,0,
book-07-p0121,7,A,121,44,43,2,2,0.532434
book-07-p0122,7,A,122,44,43,0,0,
book-07-p0123,7,A,123,37,35,0,0,
book-07-p0124,7,A,124,23,22,1,1,0.473657
book-07-p0125,7,A,125,44,42,1,1,0.556478
book-07-p0126,7,A,126,43,39,0,0,
book-07-p0127,7,A,127,23,21,0,0,
book-07-p0128,7,A,128,46,44,0,0,
book-07-p0129,7,A,129,44,42,1,1,0.529900
book-07-p0130,7,A,130,46,44,2,2,0.488804
book-07-p0131,7,A,131,44,42,1,1,0.543449
book-07-p0132,7,A,132,45,43,1,2,0.263075
book-07-p0133,7,A,133,44,42,1,1,0.579441
book-07-p0134,7,A,134,19,17,0,0,
book-07-p0135,7,A,135,43,41,1,1,0.589209
book-07-p0136,7,A,136,28,26,1,1,0.589960
book-07-p0137,7,A,137,26,25,1,1,0.596227
book-07-p0138,7,A,138,46,42,0,0,
book-07-p0139,7,A,139,44,43,1,1,0.530630
book-07-p0140,7,A,140,46,43,0,0,
book-07-p0141,7,A,141,44,42,1,1,0.373289
book-07-p0142,7,A,142,45,43,0,0,
book-07-p0143,7,A,143,23,22,2,2,0.550209
book-07-p0144,7,A,144,45,42,0,0,
book-07-p0145,7,A,145,44,43,0,0,
book-07-p0146,7,A,146,23,21,0,0,
book-07-p0147,7,A,147,44,42,0,0,
book-07-p0148,7,A,148,44,43,0,0,
book-07-p0149,7,A,149,29,27,0,0,
book-07-p0150,7,A,150,24,23,0,0,
book-07-p0151,7,A,151,44,42,1,1,0.582106
book-07-p0152,7,A,152,44,43,1,1,0.416115
book-07-p0153,7,A,153,15,14,1,1,0.173252
book-07-p0154,7,A,154,20,16,15,27,0.161609
book-07-p0155,7,A,155,44,42,0,0,
book-07-p0156,7,A,156,45,44,1,1,0.500209
book-07-p0157,7,A,157,44,38,13,14,0.104151
book-07-p0158,7,A,158,17,16,0,0,
book-07-p0159,7,A,159,40,35,1,1,0.441467
book-07-p0160,7,A,160,22,20,3,3,0.430140
book-07-p0161,7,A,161,44,42,0,0,
book-07-p0162,7,A,162,39,38,0,0,
book-07-p0163,7,A,163,44,42,0,0,
book-07-p0164,7,A,164,23,20,0,0,
book-07-p0165,7,A,165,44,43,6,6,0.488860
book-07-p0166,7,A,166,31,28,1,1,0.510841
book-07-p0167,7,A,167,21,19,0,0,
book-07-p0168,7,A,168,45,42,1,1,0.505348
book-07-p0169,7,A,169,44,42,0,0,
book-07-p0170,7,A,170,44,43,0,0,
book-07-p0171,7,A,171,37,35,1,1,0.547135
book-07-p0172,7,A,172,16,15,1,1,0.567575
book-07-p0173,7,A,173,44,42,0,0,
book-07-p0174,7,A,174,44,43,0,0,
book-07-p0175,7,A,175,44,42,2,2,0.500455
book-07-p0176,7,A,176,35,33,0,0,
book-07-p0177,7,A,177,23,21,1,1,0.589389
book-07-p0178,7,A,178,39,31,0,0,
book-07-p0179,7,A,179,26,24,1,1,0.507526
book-07-p0180,7,A,180,45,43,2,2,0.474687
book-07-p0181,7,A,181,44,42,1,1,0.570916
book-07-p0182,7,A,182,44,42,1,1,0.584500
book-07-p0183,7,A,183,41,39,2,2,0.576571
book-07-p0184,7,A,184,44,42,0,0,
book-07-p0185,7,A,185,44,43,2,2,0.535992
book-07-p0186,7,A,186,22,21,2,5,0.460577
book-07-p0187,7,A,187,44,42,1,1,0.595789
book-07-p0188,7,A,188,29,22,1,1,0.529631
book-07-p0189,7,A,189,27,25,0,0,
book-07-p0190,7,A,190,46,45,3,3,0.399137
book-07-p0191,7,A,191,40,38,1,1,0.377111
book-07-p0192,7,A,192,36,26,0,0,
book-07-p0193,7,A,193,26,24,4,4,0.455587
book-07-p0194,7,A,194,44,43,0,0,
book-07-p0195,7,A,195,44,42,0,0,
book-07-p0196,7,A,196,44,42,0,0,
book-07-p0197,7,A,197,37,35,1,1,0.502096
book-07-p0198,7,A,198,25,23,1,1,0.521115
book-07-p0199,7,A,199,43,41,3,3,0.520458
book-07-p0200,7,A,200,44,42,0,0,
book-07-p0201,7,A,201,44,42,0,0,
book-07-p0202,7,A,202,36,33,0,0,
book-07-p0203,7,A,203,44,42,0,0,
book-07-p0204,7,A,204,46,42,0,0,
book-07-p0205,7,A,205,25,23,0,0,
book-07-p0206,7,A,206,27,25,1,1,0.295289
book-07-p0207,7,A,207,44,42,0,0,
book-07-p0208,7,A,208,45,43,0,0,
book-07-p0209,7,A,209,39,37,1,1,0.566308
book-07-p0210,7,A,210,43,40,0,0,
book-07-p0211,7,A,211,23,21,1,1,0.510764
book-07-p0212,7,A,212,45,44,1,1,0.558927
book-07-p0213,7,A,213,44,42,3,3,0.300847
book-07-p0214,7,A,214,45,44,0,0,
book-07-p0215,7,A,215,44,42,2,2,0.345338
book-07-p0216,7,A,216,47,44,2,2,0.541649
book-07-p0217,7,A,217,23,21,0,0,
book-07-p0218,7,A,218,45,42,0,0,
book-07-p0219,7,A,219,44,42,0,0,
book-07-p0220,7,A,220,45,43,0,0,
book-07-p0221,7,A,221,44,42,0,0,
book-07-p0222,7,A,222,39,38,2,2,0.439142
book-07-p0223,7,A,223,35,33,1,1,0.533021
book-07-p0224,7,A,224,28,26,1,1,0.554320
book-07-p0225,7,A,225,44,42,1,1,0.553580
book-07-p0226,7,A,226,45,43,0,0,
book-07-p0227,7,A,227,44,42,1,1,0.539349
book-07-p0228,7,A,228,22,19,0,0,
book-07-p0229,7,A,229,44,42,0,0,
book-07-p0230,7,A,230,45,42,0,0,
book-07-p0231,7,A,231,44,43,0,0,
book-07-p0232,7,A,232,45,43,0,0,
book-07-p0233,7,A,233,44,43,0,0,
book-07-p0234,7,A,234,45,42,1,1,0.552206
book-07-p0235,7,A,235,31,29,1,1,0.504850
book-07-p0236,7,A,236,27,25,1,1,0.531053
book-07-p0237,7,A,237,44,42,0,0,
book-07-p0238,7,A,238,22,20,0,0,
book-07-p0239,7,A,239,44,42,2,2,0.554353
book-07-p0240,7,A,240,43,39,0,0,
book-07-p0241,7,A,241,41,39,2,2,0.516194
book-07-p0242,7,A,242,45,43,1,1,0.536708
book-07-p0243,7,A,243,44,42,0,0,
book-07-p0244,7,A,244,44,42,2,2,0.515568
book-07-p0245,7,A,245,14,12,2,2,0.383119
book-07-p0246,7,A,246,40,38,1,1,0.520547
book-07-p0247,7,A,247,19,17,0,0,
book-07-p0248,7,A,248,45,44,1,1,0.354516
book-07-p0249,7,A,249,44,42,0,0,
book-07-p0250,7,A,250,23,20,2,4,0.182047
book-07-p0251,7,A,251,44,42,2,2,0.561287
book-07-p0252,7,A,252,45,43,2,2,0.490871
book-07-p0253,7,A,253,44,42,1,1,0.526897
book-07-p0254,7,A,254,43,41,5,5,0.386306
book-07-p0255,7,A,255,40,39,0,0,
book-07-p0256,7,A,256,44,41,0,0,
book-07-p0257,7,A,257,39,37,0,0,
book-07-p0258,7,A,258,24,23,1,1,0.366069
book-07-p0259,7,A,259,44,42,2,2,0.509262
book-07-p0260,7,A,260,45,43,0,0,
book-07-p0261,7,A,261,18,13,1,1,0.510789
book-07-p0262,7,A,262,45,44,2,2,0.537779
book-07-p0263,7,A,263,24,20,1,1,0.555537
book-07-p0264,7,A,264,4,0,0,0,
book-07-p0265,7,A,265,2,1,0,0,
book-08-p0001,8,A,1,8,6,6,14,0.172226
book-08-p0002,8,A,2,49,49,22,36,0.210552
book-08-p0003,8,A,3,21,20,4,4,0.460787
book-08-p0004,8,A,4,10,10,0,0,
book-08-p0005,8,A,5,39,33,3,3,0.526908
book-08-p0006,8,A,6,5,4,0,0,
book-08-p0007,8,A,7,42,41,2,2,0.406354
book-08-p0008,8,A,8,43,41,2,2,0.519469
book-08-p0009,8,A,9,44,42,5,6,0.250599
book-08-p0010,8,A,10,43,43,1,1,0.416889
book-08-p0011,8,A,11,42,41,3,3,0.427847
book-08-p0012,8,A,12,41,40,2,2,0.564552
book-08-p0013,8,A,13,6,6,0,0,
book-08-p0014,8,A,14,49,48,6,7,0.312843
book-08-p0015,8,A,15,60,57,7,8,0.320602
book-08-p0016,8,A,16,60,56,14,15,0.234109
book-08-p0017,8,A,17,58,54,15,16,0.312685
book-08-p0018,8,A,18,58,55,18,21,0.254501
book-08-p0019,8,A,19,60,56,27,29,0.377401
book-08-p0020,8,A,20,43,39,10,11,0.387860
book-08-p0021,8,A,21,4,3,3,3,0.219376
book-08-p0022,8,A,22,19,18,2,2,0.580949
book-08-p0023,8,A,23,22,19,1,1,0.528943
book-08-p0024,8,A,24,44,43,1,1,0.536215
book-08-p0025,8,A,25,30,24,0,0,
book-08-p0026,8,A,26,24,22,0,0,
book-08-p0027,8,A,27,46,42,0,0,
book-08-p0028,8,A,28,38,36,1,1,0.575494
book-08-p0029,8,A,29,24,20,1,1,0.464141
book-08-p0030,8,A,30,44,43,1,1,0.520071
book-08-p0031,8,A,31,45,42,1,1,0.548226
book-08-p0032,8,A,32,44,43,0,0,
book-08-p0033,8,A,33,44,41,1,1,0.497624
book-08-p0034,8,A,34,14,13,1,1,0.291103
book-08-p0035,8,A,35,46,42,1,1,0.519877
book-08-p0036,8,A,36,41,40,2,2,0.554773
book-08-p0037,8,A,37,45,42,0,0,
book-08-p0038,8,A,38,44,43,1,1,0.541949
book-08-p0039,8,A,39,45,44,2,2,0.377489
book-08-p0040,8,A,40,40,38,2,2,0.535106
book-08-p0041,8,A,41,46,42,2,2,0.374653
book-08-p0042,8,A,42,12,10,1,1,0.532541
book-08-p0043,8,A,43,44,43,3,3,0.506779
book-08-p0044,8,A,44,39,38,0,0,
book-08-p0045,8,A,45,31,29,0,0,
book-08-p0046,8,A,46,26,25,0,0,
book-08-p0047,8,A,47,43,42,0,0,
book-08-p0048,8,A,48,21,19,1,1,0.364359
book-08-p0049,8,A,49,45,44,5,5,0.384425
book-08-p0050,8,A,50,43,41,2,2,0.554093
book-08-p0051,8,A,51,46,44,4,4,0.336805
book-08-p0052,8,A,52,44,43,0,0,
book-08-p0053,8,A,53,40,38,1,1,0.443788
book-08-p0054,8,A,54,44,43,1,1,0.591874
book-08-p0055,8,A,55,44,42,0,0,
book-08-p0056,8,A,56,22,21,4,4,0.359206
book-08-p0057,8,A,57,44,43,2,2,0.552986
book-08-p0058,8,A,58,44,42,0,0,
book-08-p0059,8,A,59,45,43,2,2,0.511204
book-08-p0060,8,A,60,44,43,1,1,0.458935
book-08-p0061,8,A,61,46,44,1,1,0.530319
book-08-p0062,8,A,62,39,37,2,2,0.415512
book-08-p0063,8,A,63,42,39,2,2,0.549702
book-08-p0064,8,A,64,44,42,2,2,0.517251
book-08-p0065,8,A,65,33,30,1,1,0.562466
book-08-p0066,8,A,66,26,25,2,2,0.355604
book-08-p0067,8,A,67,43,42,0,0,
book-08-p0068,8,A,68,23,22,2,2,0.524779
book-08-p0069,8,A,69,44,42,0,0,
book-08-p0070,8,A,70,44,43,2,2,0.521816
book-08-p0071,8,A,71,26,23,1,1,0.265362
book-08-p0072,8,A,72,26,25,2,2,0.529191
book-08-p0073,8,A,73,45,44,3,3,0.358977
book-08-p0074,8,A,74,44,42,3,3,0.261432
book-08-p0075,8,A,75,42,41,0,0,
book-08-p0076,8,A,76,33,32,1,1,0.593710
book-08-p0077,8,A,77,27,24,2,2,0.374027
book-08-p0078,8,A,78,44,43,2,2,0.551022
book-08-p0079,8,A,79,44,43,3,3,0.474308
book-08-p0080,8,A,80,44,42,0,0,
book-08-p0081,8,A,81,38,36,4,4,0.505018
book-08-p0082,8,A,82,42,41,3,3,0.510327
book-08-p0083,8,A,83,41,40,2,2,0.518897
book-08-p0084,8,A,84,41,40,1,1,0.572676
book-08-p0085,8,A,85,45,43,2,2,0.518739
book-08-p0086,8,A,86,44,42,1,1,0.510247
book-08-p0087,8,A,87,45,44,2,2,0.353357
book-08-p0088,8,A,88,44,43,2,3,0.443780
book-08-p0089,8,A,89,45,42,0,0,
book-08-p0090,8,A,90,39,38,1,1,0.438957
book-08-p0091,8,A,91,44,43,1,1,0.540427
book-08-p0092,8,A,92,44,43,0,0,
book-08-p0093,8,A,93,28,26,1,1,0.521920
book-08-p0094,8,A,94,26,25,0,0,
book-08-p0095,8,A,95,45,43,6,6,0.389412
book-08-p0096,8,A,96,44,42,2,2,0.482890
book-08-p0097,8,A,97,44,41,2,2,0.514156
book-08-p0098,8,A,98,41,40,3,3,0.510950
book-08-p0099,8,A,99,22,21,1,2,0.321846
book-08-p0100,8,A,100,43,41,2,2,0.515580
book-08-p0101,8,A,101,39,35,5,5,0.427417
book-08-p0102,8,A,102,39,38,1,1,0.595057
book-08-p0103,8,A,103,45,42,1,1,0.409263
book-08-p0104,8,A,104,25,24,1,1,0.559194
book-08-p0105,8,A,105,27,25,1,1,0.584018
book-08-p0106,8,A,106,44,43,4,4,0.485873
book-08-p0107,8,A,107,46,42,1,1,0.522891
book-08-p0108,8,A,108,27,25,2,2,0.541322
book-08-p0109,8,A,109,20,17,0,0,
book-08-p0110,8,A,110,44,43,4,6,0.317536
book-08-p0111,8,A,111,47,44,3,3,0.409474
book-08-p0112,8,A,112,37,35,0,0,
book-08-p0113,8,A,113,17,15,3,3,0.307701
book-08-p0114,8,A,114,44,42,1,1,0.561340
book-08-p0115,8,A,115,24,23,1,1,0.527901
book-08-p0116,8,A,116,26,25,3,3,0.383046
book-08-p0117,8,A,117,44,43,2,3,0.502761
book-08-p0118,8,A,118,23,21,4,4,0.438078
book-08-p0119,8,A,119,43,42,1,1,0.521483
book-08-p0120,8,A,120,43,41,1,1,0.488334
book-08-p0121,8,A,121,32,28,1,1,0.504025
book-08-p0122,8,A,122,26,25,1,1,0.508477
book-08-p0123,8,A,123,47,44,5,5,0.364808
book-08-p0124,8,A,124,44,43,1,1,0.538731
book-08-p0125,8,A,125,40,35,2,2,0.521394
book-08-p0126,8,A,126,44,43,6,6,0.388274
book-08-p0127,8,A,127,46,42,0,0,
book-08-p0128,8,A,128,44,42,3,3,0.364007
book-08-p0129,8,A,129,32,29,2,2,0.452317
book-08-p0130,8,A,130,26,25,1,1,0.499854
book-08-p0131,8,A,131,46,43,0,0,
book-08-p0132,8,A,132,36,34,2,2,0.494625
book-08-p0133,8,A,133,19,16,0,0,
book-08-p0134,8,A,134,41,40,3,4,0.475567
book-08-p0135,8,A,135,47,42,0,0,
book-08-p0136,8,A,136,44,42,2,2,0.517136
book-08-p0137,8,A,137,45,42,0,0,
book-08-p0138,8,A,138,39,37,0,0,
book-08-p0139,8,A,139,42,40,4,4,0.495860
book-08-p0140,8,A,140,44,42,1,1,0.499485
book-08-p0141,8,A,141,46,42,1,1,0.483605
book-08-p0142,8,A,142,16,15,1,2,0.475080
book-08-p0143,8,A,143,45,43,1,1,0.598551
book-08-p0144,8,A,144,35,33,1,1,0.484735
book-08-p0145,8,A,145,25,21,2,2,0.516258
book-08-p0146,8,A,146,42,40,0,0,
book-08-p0147,8,A,147,43,40,4,6,0.269905
book-08-p0148,8,A,148,39,38,5,5,0.470910
book-08-p0149,8,A,149,39,36,3,3,0.295050
book-08-p0150,8,A,150,41,40,1,1,0.555515
book-08-p0151,8,A,151,42,39,2,2,0.549648
book-08-p0152,8,A,152,39,37,0,0,
book-08-p0153,8,A,153,45,42,1,1,0.511911
book-08-p0154,8,A,154,44,43,2,2,0.511745
book-08-p0155,8,A,155,18,15,1,2,0.260474
book-08-p0156,8,A,156,44,43,3,3,0.528889
book-08-p0157,8,A,157,44,43,0,0,
book-08-p0158,8,A,158,42,41,0,0,
book-08-p0159,8,A,159,46,42,2,3,0.505911
book-08-p0160,8,A,160,44,43,2,2,0.359677
book-08-p0161,8,A,161,18,15,0,0,
book-08-p0162,8,A,162,44,43,2,2,0.376876
book-08-p0163,8,A,163,44,42,0,0,
book-08-p0164,8,A,164,44,43,1,1,0.566501
book-08-p0165,8,A,165,40,38,2,2,0.529602
book-08-p0166,8,A,166,39,38,2,2,0.525643
book-08-p0167,8,A,167,44,39,1,1,0.498374
book-08-p0168,8,A,168,27,26,2,2,0.526846
book-08-p0169,8,A,169,45,44,3,3,0.528994
book-08-p0170,8,A,170,44,43,3,4,0.476041
book-08-p0171,8,A,171,45,43,1,1,0.280874
book-08-p0172,8,A,172,44,43,3,3,0.463395
book-08-p0173,8,A,173,45,43,1,1,0.509681
book-08-p0174,8,A,174,44,42,1,1,0.524540
book-08-p0175,8,A,175,18,16,1,1,0.532103
book-08-p0176,8,A,176,44,43,3,3,0.493796
book-08-p0177,8,A,177,40,34,2,2,0.530733
book-08-p0178,8,A,178,26,25,2,2,0.480078
book-08-p0179,8,A,179,44,42,1,1,0.579993
book-08-p0180,8,A,180,44,43,2,2,0.492566
book-08-p0181,8,A,181,45,42,1,1,0.508648
book-08-p0182,8,A,182,38,37,1,1,0.502300
book-08-p0183,8,A,183,34,28,2,2,0.497714
book-08-p0184,8,A,184,26,25,1,1,0.565127
book-08-p0185,8,A,185,45,44,2,2,0.407427
book-08-p0186,8,A,186,20,19,2,2,0.422985
book-08-p0187,8,A,187,44,43,1,1,0.587542
book-08-p0188,8,A,188,44,43,0,0,
book-08-p0189,8,A,189,45,43,1,1,0.526804
book-08-p0190,8,A,190,44,43,4,4,0.387349
book-08-p0191,8,A,191,41,40,6,7,0.440843
book-08-p0192,8,A,192,44,43,4,5,0.469305
book-08-p0193,8,A,193,41,39,0,0,
book-08-p0194,8,A,194,44,43,7,7,0.376550
book-08-p0195,8,A,195,43,40,2,2,0.400073
book-08-p0196,8,A,196,44,43,2,2,0.226454
book-08-p0197,8,A,197,45,44,2,2,0.411572
book-08-p0198,8,A,198,44,43,3,3,0.415920
book-08-p0199,8,A,199,14,14,1,1,0.532394
book-08-p0200,8,A,200,44,43,3,5,0.459060
book-08-p0201,8,A,201,46,42,2,2,0.416331
book-08-p0202,8,A,202,44,43,1,1,0.514485
book-08-p0203,8,A,203,44,39,1,1,0.536865
book-08-p0204,8,A,204,42,41,8,8,0.315204
book-08-p0205,8,A,205,23,17,0,0,
book-08-p0206,8,A,206,43,42,2,2,0.330338
book-08-p0207,8,A,207,47,44,2,3,0.290869
book-08-p0208,8,A,208,44,43,4,4,0.397160
book-08-p0209,8,A,209,46,44,2,2,0.507135
book-08-p0210,8,A,210,44,43,2,2,0.512816
book-08-p0211,8,A,211,45,42,0,0,
book-08-p0212,8,A,212,40,39,4,4,0.420970
book-08-p0213,8,A,213,44,43,1,1,0.512292
book-08-p0214,8,A,214,44,42,2,2,0.482338
book-08-p0215,8,A,215,43,41,0,0,
book-08-p0216,8,A,216,44,43,3,3,0.213102
book-08-p0217,8,A,217,46,44,2,2,0.478451
book-08-p0218,8,A,218,21,19,2,2,0.586755
book-08-p0219,8,A,219,46,44,2,2,0.471248
book-08-p0220,8,A,220,44,43,1,1,0.542145
book-08-p0221,8,A,221,47,43,3,3,0.470274
book-08-p0222,8,A,222,41,39,3,3,0.497394
book-08-p0223,8,A,223,28,25,1,1,0.578087
book-08-p0224,8,A,224,44,43,3,3,0.473364
book-08-p0225,8,A,225,45,42,1,1,0.557178
book-08-p0226,8,A,226,44,43,3,4,0.483683
book-08-p0227,8,A,227,23,20,3,4,0.501276
book-08-p0228,8,A,228,44,43,3,3,0.270106
book-08-p0229,8,A,229,46,43,1,1,0.459246
book-08-p0230,8,A,230,44,42,8,8,0.283229
book-08-p0231,8,A,231,46,43,0,0,
book-08-p0232,8,A,232,44,43,5,5,0.325658
book-08-p0233,8,A,233,40,35,2,2,0.416047
book-08-p0234,8,A,234,26,25,1,2,0.431871
book-08-p0235,8,A,235,45,43,1,1,0.537698
book-08-p0236,8,A,236,44,43,1,1,0.569834
book-08-p0237,8,A,237,46,42,1,1,0.452790
book-08-p0238,8,A,238,42,40,4,4,0.453781
book-08-p0239,8,A,239,44,40,4,5,0.117955
book-08-p0240,8,A,240,44,43,1,1,0.551650
book-08-p0241,8,A,241,22,18,1,1,0.571063
book-08-p0242,8,A,242,38,1,0,0,
book-08-p0243,8,A,243,45,41,2,4,0.276570
book-08-p0244,8,A,244,42,41,2,3,0.539314
book-08-p0245,8,A,245,42,39,2,2,0.558803
book-08-p0246,8,A,246,40,38,1,1,0.558407
book-08-p0247,8,A,247,42,40,3,3,0.502156
book-08-p0248,8,A,248,44,43,4,4,0.501793
book-08-p0249,8,A,249,21,17,2,2,0.279396
book-08-p0250,8,A,250,22,18,5,5,0.098962
book-08-p0251,8,A,251,47,42,0,0,
book-08-p0252,8,A,252,40,39,1,1,0.572019
book-08-p0253,8,A,253,46,43,1,1,0.527807
book-08-p0254,8,A,254,44,43,2,2,0.381454
book-08-p0255,8,A,255,42,38,4,4,0.525610
book-08-p0256,8,A,256,41,40,3,5,0.218638
book-08-p0257,8,A,257,46,44,3,3,0.315672
book-08-p0258,8,A,258,17,16,0,0,
book-08-p0259,8,A,259,44,43,1,1,0.558182
book-08-p0260,8,A,260,44,43,0,0,
book-08-p0261,8,A,261,42,39,4,4,0.446231
book-08-p0262,8,A,262,44,43,1,1,0.548197
book-08-p0263,8,A,263,46,42,1,1,0.569319
book-08-p0264,8,A,264,21,19,0,0,
book-08-p0265,8,A,265,44,41,1,1,0.572610
book-08-p0266,8,A,266,43,41,1,1,0.588484
book-08-p0267,8,A,267,43,41,2,2,0.525511
book-08-p0268,8,A,268,42,40,3,3,0.504679
book-08-p0269,8,A,269,45,42,3,3,0.536456
book-08-p0270,8,A,270,40,39,4,4,0.444509
book-08-p0271,8,A,271,45,43,2,2,0.413559
book-08-p0272,8,A,272,44,43,3,3,0.357029
book-08-p0273,8,A,273,44,42,0,0,
book-08-p0274,8,A,274,44,42,1,1,0.506907
book-08-p0275,8,A,275,41,38,1,1,0.515861
book-08-p0276,8,A,276,40,39,0,0,
book-08-p0277,8,A,277,46,42,1,1,0.568126
book-08-p0278,8,A,278,44,43,1,1,0.595162
book-08-p0279,8,A,279,45,42,2,2,0.571261
book-08-p0280,8,A,280,40,38,1,1,0.533544
book-08-p0281,8,A,281,46,43,3,3,0.515857
book-08-p0282,8,A,282,39,38,1,1,0.483418
book-08-p0283,8,A,283,44,43,1,1,0.589014
book-08-p0284,8,A,284,44,43,3,3,0.512923
book-08-p0285,8,A,285,44,43,2,2,0.467606
book-08-p0286,8,A,286,44,43,3,4,0.499585
book-08-p0287,8,A,287,41,40,7,7,0.370930
book-08-p0288,8,A,288,44,43,1,2,0.523835
book-08-p0289,8,A,289,44,43,1,1,0.561554
book-08-p0290,8,A,290,44,43,4,4,0.463846
book-08-p0291,8,A,291,26,24,2,2,0.568967
book-08-p0292,8,A,292,26,25,0,0,
book-08-p0293,8,A,293,45,42,2,2,0.468218
book-08-p0294,8,A,294,44,43,0,0,
book-08-p0295,8,A,295,36,34,0,0,
book-08-p0296,8,A,296,16,15,0,0,
book-08-p0297,8,A,297,43,42,2,2,0.524410
book-08-p0298,8,A,298,36,35,4,4,0.467485
book-08-p0299,8,A,299,28,25,3,3,0.441862
book-08-p0300,8,A,300,44,42,1,1,0.479009
book-08-p0301,8,A,301,43,38,2,2,0.383422
book-08-p0302,8,A,302,26,24,1,1,0.574899
book-08-p0303,8,A,303,47,44,1,2,0.205571
book-08-p0304,8,A,304,41,39,1,1,0.564314
book-08-p0305,8,A,305,40,36,2,2,0.479180
book-08-p0306,8,A,306,34,32,2,2,0.454841
book-08-p0307,8,A,307,20,18,1,1,0.532003
book-08-p0308,8,A,308,44,43,2,2,0.513557
book-08-p0309,8,A,309,46,43,2,2,0.505111
book-08-p0310,8,A,310,36,33,1,1,0.564106
book-08-p0311,8,A,311,42,37,1,1,0.568022
book-08-p0312,8,A,312,43,42,2,2,0.516095
book-08-p0313,8,A,313,25,22,2,2,0.526350
book-08-p0314,8,A,314,44,43,2,2,0.549021
book-08-p0315,8,A,315,46,43,1,1,0.519906
book-08-p0316,8,A,316,44,42,1,1,0.546933
book-08-p0317,8,A,317,42,39,1,1,0.518331
book-08-p0318,8,A,318,44,43,0,0,
book-08-p0319,8,A,319,24,22,3,3,0.314182
book-08-p0320,8,A,320,44,42,0,0,
book-08-p0321,8,A,321,46,43,2,2,0.527154
book-08-p0322,8,A,322,19,17,1,1,0.562432
book-08-p0323,8,A,323,45,41,2,2,0.542248
book-08-p0324,8,A,324,43,42,1,1,0.453967
book-08-p0325,8,A,325,45,42,1,1,0.493865
book-08-p0326,8,A,326,35,33,3,3,0.443194
book-08-p0327,8,A,327,29,25,1,1,0.561170
book-08-p0328,8,A,328,44,43,0,0,
book-08-p0329,8,A,329,41,38,3,3,0.460248
book-08-p0330,8,A,330,44,43,1,1,0.596732
book-08-p0331,8,A,331,45,42,1,1,0.533080
book-08-p0332,8,A,332,44,43,2,2,0.337532
book-08-p0333,8,A,333,43,39,2,2,0.498490
book-08-p0334,8,A,334,39,38,0,0,
book-08-p0335,8,A,335,38,35,1,1,0.501060
book-08-p0336,8,A,336,44,43,2,2,0.529105
book-08-p0337,8,A,337,17,15,3,3,0.445235
book-08-p0338,8,A,338,44,43,2,2,0.584778
book-08-p0339,8,A,339,45,43,2,2,0.534247
book-08-p0340,8,A,340,44,42,0,0,
book-08-p0341,8,A,341,46,44,3,4,0.521121
book-08-p0342,8,A,342,13,12,1,1,0.473285
book-08-p0343,8,A,343,44,43,2,2,0.507960
book-08-p0344,8,A,344,44,43,2,2,0.561168
book-08-p0345,8,A,345,45,44,2,3,0.451919
book-08-p0346,8,A,346,44,43,1,1,0.575383
book-08-p0347,8,A,347,41,36,1,1,0.568423
book-08-p0348,8,A,348,43,41,1,1,0.523987
book-08-p0349,8,A,349,45,41,5,5,0.394248
book-08-p0350,8,A,350,44,42,2,2,0.546208
book-08-p0351,8,A,351,33,30,1,1,0.494728
book-08-p0352,8,A,352,26,25,3,3,0.571189
book-08-p0353,8,A,353,45,44,1,1,0.582718
book-08-p0354,8,A,354,44,43,5,6,0.393251
book-08-p0355,8,A,355,40,39,2,2,0.537932
book-08-p0356,8,A,356,44,43,0,0,
book-08-p0357,8,A,357,24,22,1,1,0.551084
book-08-p0358,8,A,358,44,43,3,3,0.525570
book-08-p0359,8,A,359,44,43,1,1,0.520034
book-08-p0360,8,A,360,44,43,3,3,0.557162
book-08-p0361,8,A,361,32,29,3,3,0.513789
book-08-p0362,8,A,362,44,43,4,4,0.411413
book-08-p0363,8,A,363,43,41,4,4,0.414201
book-08-p0364,8,A,364,44,43,0,0,
book-08-p0365,8,A,365,23,20,0,0,
book-08-p0366,8,A,366,44,43,0,0,
book-08-p0367,8,A,367,43,41,3,3,0.480343
book-08-p0368,8,A,368,24,23,3,4,0.521080
book-08-p0369,8,A,369,43,41,2,2,0.430484
book-08-p0370,8,A,370,41,40,0,0,
book-08-p0371,8,A,371,46,43,0,0,
book-08-p0372,8,A,372,42,41,0,0,
book-08-p0373,8,A,373,43,41,2,2,0.320366
book-08-p0374,8,A,374,43,42,3,3,0.562881
book-08-p0375,8,A,375,42,42,1,2,0.344422
book-08-p0376,8,A,376,26,24,0,0,
book-08-p0377,8,A,377,44,42,2,2,0.369225
book-08-p0378,8,A,378,44,43,1,1,0.583552
book-08-p0379,8,A,379,45,44,0,0,
book-08-p0380,8,A,380,44,43,1,1,0.546403
book-08-p0381,8,A,381,45,43,1,1,0.529956
book-08-p0382,8,A,382,40,38,1,1,0.431299
book-08-p0383,8,A,383,41,38,0,0,
book-08-p0384,8,A,384,43,42,2,2,0.461319
book-08-p0385,8,A,385,13,9,0,0,
book-08-p0386,8,A,386,15,7,7,7,0.104878
book-09-p0001,9,A,1,8,6,6,12,0.312888
book-09-p0002,9,A,2,55,55,29,41,0.170954
book-09-p0003,9,A,3,1,1,1,1,0.266644
book-09-p0004,9,A,4,2,1,1,1,0.151755
book-09-p0005,9,A,5,0,0,0,0,
book-09-p0006,9,A,6,3,2,2,2,0.268368
book-09-p0007,9,A,7,0,0,0,0,
book-09-p0008,9,A,8,29,29,29,210,0.086303
book-09-p0009,9,A,9,23,14,3,3,0.484109
book-09-p0010,9,A,10,14,13,2,2,0.550363
book-09-p0011,9,A,11,43,42,0,0,
book-09-p0012,9,A,12,39,34,3,3,0.441687
book-09-p0013,9,A,13,49,44,3,3,0.518964
book-09-p0014,9,A,14,55,53,6,6,0.500599
book-09-p0015,9,A,15,59,55,11,12,0.318218
book-09-p0016,9,A,16,56,54,2,2,0.515586
book-09-p0017,9,A,17,60,56,14,16,0.293956
book-09-p0018,9,A,18,31,29,3,3,0.559231
book-09-p0019,9,A,19,0,0,0,0,
book-09-p0020,9,A,20,16,16,1,1,0.570875
book-09-p0021,9,A,21,25,22,1,1,0.588105
book-09-p0022,9,A,22,45,43,1,1,0.508303
book-09-p0023,9,A,23,47,43,1,1,0.538482
book-09-p0024,9,A,24,45,44,0,0,
book-09-p0025,9,A,25,44,40,1,1,0.518855
book-09-p0026,9,A,26,25,24,1,1,0.521607
book-09-p0027,9,A,27,46,44,0,0,
book-09-p0028,9,A,28,45,43,2,2,0.525629
book-09-p0029,9,A,29,47,45,2,2,0.521854
book-09-p0030,9,A,30,42,40,1,1,0.596572
book-09-p0031,9,A,31,47,44,1,1,0.329847
book-09-p0032,9,A,32,45,43,1,1,0.569482
book-09-p0033,9,A,33,47,45,2,2,0.310253
book-09-p0034,9,A,34,45,43,0,0,
book-09-p0035,9,A,35,44,40,1,1,0.562993
book-09-p0036,9,A,36,42,41,3,3,0.472408
book-09-p0037,9,A,37,46,43,1,1,0.497949
book-09-p0038,9,A,38,45,44,1,1,0.570112
book-09-p0039,9,A,39,46,44,0,0,
book-09-p0040,9,A,40,45,43,1,1,0.585412
book-09-p0041,9,A,41,44,40,1,1,0.597933
book-09-p0042,9,A,42,27,26,0,0,
book-09-p0043,9,A,43,47,43,1,1,0.530593
book-09-p0044,9,A,44,45,43,2,2,0.517973
book-09-p0045,9,A,45,25,22,2,2,0.509233
book-09-p0046,9,A,46,41,40,4,4,0.498278
book-09-p0047,9,A,47,44,40,0,0,
book-09-p0048,9,A,48,40,38,1,1,0.589205
book-09-p0049,9,A,49,46,43,0,0,
book-09-p0050,9,A,50,43,41,4,4,0.308687
book-09-p0051,9,A,51,28,26,0,0,
book-09-p0052,9,A,52,45,44,2,2,0.525334
book-09-p0053,9,A,53,47,44,0,0,
book-09-p0054,9,A,54,45,43,1,1,0.475797
book-09-p0055,9,A,55,47,45,3,3,0.549919
book-09-p0056,9,A,56,45,43,1,1,0.590482
book-09-p0057,9,A,57,41,35,1,1,0.578034
book-09-p0058,9,A,58,45,44,2,2,0.515500
book-09-p0059,9,A,59,47,43,3,3,0.503359
book-09-p0060,9,A,60,45,43,1,1,0.578028
book-09-p0061,9,A,61,46,44,1,1,0.578410
book-09-p0062,9,A,62,45,43,0,0,
book-09-p0063,9,A,63,47,45,3,3,0.524012
book-09-p0064,9,A,64,14,12,1,1,0.591565
book-09-p0065,9,A,65,47,45,2,2,0.586152
book-09-p0066,9,A,66,45,44,2,2,0.514025
book-09-p0067,9,A,67,46,42,0,0,
book-09-p0068,9,A,68,45,44,1,1,0.528245
book-09-p0069,9,A,69,46,42,1,1,0.554570
book-09-p0070,9,A,70,44,42,0,0,
book-09-p0071,9,A,71,46,42,1,1,0.590095
book-09-p0072,9,A,72,44,42,1,1,0.596114
book-09-p0073,9,A,73,39,36,0,0,
book-09-p0074,9,A,74,23,21,1,1,0.509009
book-09-p0075,9,A,75,46,43,3,3,0.548149
book-09-p0076,9,A,76,43,41,0,0,
book-09-p0077,9,A,77,27,24,0,0,
book-09-p0078,9,A,78,45,44,0,0,
book-09-p0079,9,A,79,47,43,1,2,0.303596
book-09-p0080,9,A,80,40,38,1,1,0.432945
book-09-p0081,9,A,81,44,41,1,1,0.288985
book-09-p0082,9,A,82,45,43,0,0,
book-09-p0083,9,A,83,46,43,0,0,
book-09-p0084,9,A,84,45,44,0,0,
book-09-p0085,9,A,85,45,43,0,0,
book-09-p0086,9,A,86,24,22,1,1,0.589549
book-09-p0087,9,A,87,46,44,2,2,0.539523
book-09-p0088,9,A,88,45,43,1,1,0.551698
book-09-p0089,9,A,89,47,44,1,1,0.515550
book-09-p0090,9,A,90,45,43,0,0,
book-09-p0091,9,A,91,47,44,0,0,
book-09-p0092,9,A,92,45,43,1,1,0.573346
book-09-p0093,9,A,93,46,43,1,1,0.528998
book-09-p0094,9,A,94,16,14,1,1,0.579634
book-09-p0095,9,A,95,46,45,0,0,
book-09-p0096,9,A,96,42,41,1,1,0.567224
book-09-p0097,9,A,97,43,41,0,0,
book-09-p0098,9,A,98,45,43,1,1,0.525427
book-09-p0099,9,A,99,46,44,0,0,
book-09-p0100,9,A,100,45,43,0,0,
book-09-p0101,9,A,101,45,40,0,0,
book-09-p0102,9,A,102,24,21,3,3,0.094981
book-09-p0103,9,A,103,47,44,1,1,0.252877
book-09-p0104,9,A,104,45,44,1,1,0.526776
book-09-p0105,9,A,105,47,44,1,1,0.430689
book-09-p0106,9,A,106,45,43,2,2,0.499566
book-09-p0107,9,A,107,42,38,0,0,
book-09-p0108,9,A,108,25,23,2,5,0.222138
book-09-p0109,9,A,109,46,43,0,0,
book-09-p0110,9,A,110,45,44,1,1,0.564627
book-09-p0111,9,A,111,45,44,1,1,0.524697
book-09-p0112,9,A,112,25,23,0,0,
book-09-p0113,9,A,113,46,44,0,0,
book-09-p0114,9,A,114,45,43,1,1,0.542392
book-09-p0115,9,A,115,47,43,2,2,0.517026
book-09-p0116,9,A,116,40,36,0,0,
book-09-p0117,9,A,117,47,43,1,1,0.579317
book-09-p0118,9,A,118,45,44,0,0,
book-09-p0119,9,A,119,47,43,1,1,0.556558
book-09-p0120,9,A,120,45,44,0,0,
book-09-p0121,9,A,121,24,21,1,1,0.532234
book-09-p0122,9,A,122,45,43,0,0,
book-09-p0123,9,A,123,46,43,1,1,0.510180
book-09-p0124,9,A,124,45,43,1,1,0.521783
book-09-p0125,9,A,125,47,43,0,0,
book-09-p0126,9,A,126,45,44,0,0,
book-09-p0127,9,A,127,40,36,0,0,
book-09-p0128,9,A,128,45,43,1,1,0.511718
book-09-p0129,9,A,129,47,45,2,2,0.503714
book-09-p0130,9,A,130,45,43,0,0,
book-09-p0131,9,A,131,26,23,2,2,0.506308
book-09-p0132,9,A,132,45,43,0,0,
book-09-p0133,9,A,133,46,44,1,1,0.505697
book-09-p0134,9,A,134,45,43,2,2,0.490584
book-09-p0135,9,A,135,46,43,0,0,
book-09-p0136,9,A,136,45,44,1,1,0.500264
book-09-p0137,9,A,137,47,43,0,0,
book-09-p0138,9,A,138,40,38,1,1,0.543954
book-09-p0139,9,A,139,29,27,0,0,
book-09-p0140,9,A,140,45,44,2,2,0.521150
book-09-p0141,9,A,141,44,42,1,1,0.415874
book-09-p0142,9,A,142,29,25,1,1,0.586432
book-09-p0143,9,A,143,29,26,0,0,
book-09-p0144,9,A,144,45,43,0,0,
book-09-p0145,9,A,145,43,40,1,1,0.341919
book-09-p0146,9,A,146,18,17,1,1,0.545645
book-09-p0147,9,A,147,46,44,0,0,
book-09-p0148,9,A,148,45,44,0,0,
book-09-p0149,9,A,149,46,44,1,1,0.582936
book-09-p0150,9,A,150,45,43,0,0,
book-09-p0151,9,A,151,47,44,0,0,
book-09-p0152,9,A,152,45,43,0,0,
book-09-p0153,9,A,153,43,42,1,1,0.278816
book-09-p0154,9,A,154,45,43,1,1,0.547304
book-09-p0155,9,A,155,47,43,0,0,
book-09-p0156,9,A,156,45,44,0,0,
book-09-p0157,9,A,157,46,43,1,1,0.573781
book-09-p0158,9,A,158,32,26,0,0,
book-09-p0159,9,A,159,28,26,2,3,0.386795
book-09-p0160,9,A,160,45,43,1,1,0.592457
book-09-p0161,9,A,161,47,44,1,1,0.418150
book-09-p0162,9,A,162,45,43,0,0,
book-09-p0163,9,A,163,47,45,2,2,0.391155
book-09-p0164,9,A,164,43,41,2,2,0.565473
book-09-p0165,9,A,165,43,42,1,1,0.441870
book-09-p0166,9,A,166,29,27,0,0,
book-09-p0167,9,A,167,29,25,0,0,
book-09-p0168,9,A,168,45,43,1,1,0.528566
book-09-p0169,9,A,169,46,44,1,1,0.520977
book-09-p0170,9,A,170,42,40,1,1,0.591462
book-09-p0171,9,A,171,16,13,0,0,
book-09-p0172,9,A,172,45,44,2,2,0.578958
book-09-p0173,9,A,173,47,43,0,0,
book-09-p0174,9,A,174,45,43,1,1,0.584568
book-09-p0175,9,A,175,46,43,1,1,0.575486
book-09-p0176,9,A,176,45,43,0,0,
book-09-p0177,9,A,177,41,37,0,0,
book-09-p0178,9,A,178,8,5,0,0,
book-09-p0179,9,A,179,47,43,0,0,
book-09-p0180,9,A,180,41,39,1,1,0.514631
book-09-p0181,9,A,181,46,44,2,2,0.539904
book-09-p0182,9,A,182,45,43,3,3,0.575205
book-09-p0183,9,A,183,46,44,0,0,
book-09-p0184,9,A,184,45,43,1,1,0.417858
book-09-p0185,9,A,185,46,44,2,3,0.469983
book-09-p0186,9,A,186,45,44,1,1,0.588223
book-09-p0187,9,A,187,43,40,3,3,0.448148
book-09-p0188,9,A,188,45,43,1,1,0.534467
book-09-p0189,9,A,189,47,45,2,2,0.303153
book-09-p0190,9,A,190,45,43,1,1,0.424164
book-09-p0191,9,A,191,40,36,1,1,0.586409
book-09-p0192,9,A,192,40,39,2,2,0.499099
book-09-p0193,9,A,193,41,39,0,0,
book-09-p0194,9,A,194,42,40,1,1,0.587944
book-09-p0195,9,A,195,15,13,1,1,0.396469
book-09-p0196,9,A,196,46,44,1,1,0.510301
book-09-p0197,9,A,197,45,39,0,0,
book-09-p0198,9,A,198,43,42,0,0,
book-09-p0199,9,A,199,41,37,0,0,
book-09-p0200,9,A,200,45,43,2,3,0.509000
book-09-p0201,9,A,201,47,44,2,2,0.530583
book-09-p0202,9,A,202,45,43,1,1,0.517583
book-09-p0203,9,A,203,46,42,0,0,
book-09-p0204,9,A,204,45,43,0,0,
book-09-p0205,9,A,205,42,39,1,1,0.522202
book-09-p0206,9,A,206,27,25,1,1,0.505741
book-09-p0207,9,A,207,46,43,1,1,0.562518
book-09-p0208,9,A,208,41,36,0,0,
book-09-p0209,9,A,209,48,44,0,0,
book-09-p0210,9,A,210,39,37,0,0,
book-09-p0211,9,A,211,43,40,0,0,
book-09-p0212,9,A,212,45,44,3,4,0.530753
book-09-p0213,9,A,213,47,44,1,1,0.281092
book-09-p0214,9,A,214,45,44,0,0,
book-09-p0215,9,A,215,42,39,0,0,
book-09-p0216,9,A,216,27,25,1,1,0.574057
book-09-p0217,9,A,217,46,44,1,1,0.412175
book-09-p0218,9,A,218,41,39,2,2,0.571260
book-09-p0219,9,A,219,46,44,0,0,
book-09-p0220,9,A,220,45,44,0,0,
book-09-p0221,9,A,221,42,39,1,1,0.436277
book-09-p0222,9,A,222,42,40,0,0,
book-09-p0223,9,A,223,47,43,0,0,
book-09-p0224,9,A,224,21,19,1,1,0.462427
book-09-p0225,9,A,225,47,45,1,1,0.471768
book-09-p0226,9,A,226,45,44,1,1,0.526728
book-09-p0227,9,A,227,47,43,1,1,0.517051
book-09-p0228,9,A,228,45,43,0,0,
book-09-p0229,9,A,229,46,44,2,3,0.534737
book-09-p0230,9,A,230,41,40,0,0,
book-09-p0231,9,A,231,46,44,2,2,0.553493
book-09-p0232,9,A,232,45,43,0,0,
book-09-p0233,9,A,233,47,43,1,1,0.564118
book-09-p0234,9,A,234,45,43,0,0,
book-09-p0235,9,A,235,46,44,0,0,
book-09-p0236,9,A,236,45,43,0,0,
book-09-p0237,9,A,237,26,22,0,0,
book-09-p0238,9,A,238,45,43,1,1,0.482594
book-09-p0239,9,A,239,47,45,1,1,0.579822
book-09-p0240,9,A,240,45,44,2,3,0.550546
book-09-p0241,9,A,241,42,40,1,1,0.582223
book-09-p0242,9,A,242,45,43,0,0,
book-09-p0243,9,A,243,46,43,1,1,0.503719
book-09-p0244,9,A,244,45,44,2,2,0.505663
book-09-p0245,9,A,245,46,44,0,0,
book-09-p0246,9,A,246,34,32,1,1,0.510800
book-09-p0247,9,A,247,14,11,0,0,
book-09-p0248,9,A,248,45,44,1,1,0.552730
book-09-p0249,9,A,249,47,44,0,0,
book-09-p0250,9,A,250,45,43,0,0,
book-09-p0251,9,A,251,47,43,1,1,0.563142
book-09-p0252,9,A,252,41,40,2,2,0.411757
book-09-p0253,9,A,253,46,44,1,1,0.505808
book-09-p0254,9,A,254,45,43,0,0,
book-09-p0255,9,A,255,46,43,1,1,0.554382
book-09-p0256,9,A,256,45,44,1,1,0.596873
book-09-p0257,9,A,257,43,42,2,3,0.432164
book-09-p0258,9,A,258,45,44,0,0,
book-09-p0259,9,A,259,46,44,1,1,0.505737
book-09-p0260,9,A,260,41,39,2,2,0.542786
book-09-p0261,9,A,261,47,44,0,0,
book-09-p0262,9,A,262,45,43,2,2,0.405328
book-09-p0263,9,A,263,38,34,0,0,
book-09-p0264,9,A,264,25,23,1,1,0.540733
book-09-p0265,9,A,265,45,44,1,1,0.578473
book-09-p0266,9,A,266,45,43,1,1,0.530704
book-09-p0267,9,A,267,45,43,3,3,0.524403
book-09-p0268,9,A,268,45,44,4,4,0.428295
book-09-p0269,9,A,269,46,43,0,0,
book-09-p0270,9,A,270,45,43,0,0,
book-09-p0271,9,A,271,45,44,2,2,0.512703
book-09-p0272,9,A,272,45,43,0,0,
book-09-p0273,9,A,273,43,40,1,1,0.523753
book-09-p0274,9,A,274,38,36,2,2,0.535312
book-09-p0275,9,A,275,44,41,1,1,0.527558
book-09-p0276,9,A,276,39,37,1,1,0.475849
book-09-p0277,9,A,277,40,35,0,0,
book-09-p0278,9,A,278,43,42,0,0,
book-09-p0279,9,A,279,40,39,1,1,0.559761
book-09-p0280,9,A,280,45,43,4,4,0.499713
book-09-p0281,9,A,281,47,43,2,2,0.259381
book-09-p0282,9,A,282,45,43,1,1,0.554845
book-09-p0283,9,A,283,46,45,1,1,0.430969
book-09-p0284,9,A,284,18,16,0,0,
book-09-p0285,9,A,285,42,41,2,3,0.234937
book-09-p0286,9,A,286,42,40,2,3,0.486101
book-09-p0287,9,A,287,46,44,0,0,
book-09-p0288,9,A,288,45,43,3,3,0.463458
book-09-p0289,9,A,289,46,44,1,2,0.298873
book-09-p0290,9,A,290,45,44,1,1,0.514636
book-09-p0291,9,A,291,41,39,0,0,
book-09-p0292,9,A,292,45,43,0,0,
book-09-p0293,9,A,293,46,43,1,1,0.557525
book-09-p0294,9,A,294,45,44,2,2,0.560506
book-09-p0295,9,A,295,42,40,3,3,0.414896
book-09-p0296,9,A,296,42,41,0,0,
book-09-p0297,9,A,297,43,42,3,3,0.261412
book-09-p0298,9,A,298,45,43,0,0,
book-09-p0299,9,A,299,25,21,0,0,
book-09-p0300,9,A,300,45,43,1,1,0.374760
book-09-p0301,9,A,301,46,44,1,1,0.562836
book-09-p0302,9,A,302,45,43,1,1,0.551046
book-09-p0303,9,A,303,46,44,1,1,0.509109
book-09-p0304,9,A,304,45,43,0,0,
book-09-p0305,9,A,305,43,39,2,2,0.461925
book-09-p0306,9,A,306,45,43,0,0,
book-09-p0307,9,A,307,39,36,0,0,
book-09-p0308,9,A,308,45,43,0,0,
book-09-p0309,9,A,309,47,45,2,2,0.257506
book-09-p0310,9,A,310,45,43,1,1,0.510824
book-09-p0311,9,A,311,47,43,0,0,
book-09-p0312,9,A,312,41,36,0,0,
book-09-p0313,9,A,313,46,44,1,1,0.538403
book-09-p0314,9,A,314,45,43,0,0,
book-09-p0315,9,A,315,46,43,1,1,0.571525
book-09-p0316,9,A,316,38,37,0,0,
book-09-p0317,9,A,317,47,44,1,2,0.538630
book-09-p0318,9,A,318,45,43,1,1,0.544938
book-09-p0319,9,A,319,47,44,0,0,
book-09-p0320,9,A,320,28,26,2,2,0.495800
book-09-p0321,9,A,321,29,26,2,2,0.509577
book-09-p0322,9,A,322,45,43,1,1,0.499756
book-09-p0323,9,A,323,45,41,1,1,0.506489
book-09-p0324,9,A,324,38,35,0,0,
book-09-p0325,9,A,325,45,42,1,1,0.544816
book-09-p0326,9,A,326,24,22,1,2,0.574784
book-09-p0327,9,A,327,46,44,1,1,0.535098
book-09-p0328,9,A,328,45,44,1,1,0.472574
book-09-p0329,9,A,329,47,45,2,2,0.366736
book-09-p0330,9,A,330,45,43,1,1,0.557134
book-09-p0331,9,A,331,47,45,0,0,
book-09-p0332,9,A,332,45,44,1,1,0.503320
book-09-p0333,9,A,333,47,45,3,3,0.402286
book-09-p0334,9,A,334,45,43,0,0,
book-09-p0335,9,A,335,46,43,2,2,0.440646
book-09-p0336,9,A,336,40,38,0,0,
book-09-p0337,9,A,337,19,17,0,0,
book-09-p0338,9,A,338,45,43,0,0,
book-09-p0339,9,A,339,46,44,1,1,0.461172
book-09-p0340,9,A,340,45,44,1,1,0.574282
book-09-p0341,9,A,341,25,21,0,0,
book-09-p0342,9,A,342,45,44,0,0,
book-09-p0343,9,A,343,42,39,0,0,
book-09-p0344,9,A,344,45,43,1,1,0.400146
book-09-p0345,9,A,345,47,45,1,1,0.462829
book-09-p0346,9,A,346,40,38,0,0,
book-09-p0347,9,A,347,46,44,1,1,0.563573
book-09-p0348,9,A,348,45,44,0,0,
book-09-p0349,9,A,349,34,31,0,0,
book-09-p0350,9,A,350,27,26,0,0,
book-09-p0351,9,A,351,46,43,1,1,0.573918
book-09-p0352,9,A,352,43,39,0,0,
book-09-p0353,9,A,353,44,42,0,0,
book-09-p0354,9,A,354,39,37,1,1,0.393715
book-09-p0355,9,A,355,46,43,2,2,0.468743
book-09-p0356,9,A,356,45,44,1,1,0.565277
book-09-p0357,9,A,357,45,41,1,1,0.537369
book-09-p0358,9,A,358,40,39,1,1,0.496337
book-09-p0359,9,A,359,39,35,1,1,0.373500
book-09-p0360,9,A,360,41,40,0,0,
book-09-p0361,9,A,361,46,43,0,0,
book-09-p0362,9,A,362,43,41,0,0,
book-09-p0363,9,A,363,25,22,1,1,0.526625
book-09-p0364,9,A,364,45,44,0,0,
book-09-p0365,9,A,365,46,43,4,4,0.517666
book-09-p0366,9,A,366,45,43,0,0,
book-09-p0367,9,A,367,46,45,0,0,
book-09-p0368,9,A,368,45,43,1,1,0.512534
book-09-p0369,9,A,369,42,40,1,1,0.591094
book-09-p0370,9,A,370,45,44,1,1,0.500210
book-09-p0371,9,A,371,46,43,1,1,0.579848
book-09-p0372,9,A,372,45,44,2,2,0.542374
book-09-p0373,9,A,373,45,43,0,0,
book-09-p0374,9,A,374,45,43,2,2,0.510743
book-09-p0375,9,A,375,46,44,1,1,0.232995
book-09-p0376,9,A,376,45,43,4,4,0.511440
book-09-p0377,9,A,377,47,43,0,0,
book-09-p0378,9,A,378,42,37,0,0,
book-09-p0379,9,A,379,47,45,3,4,0.362573
book-09-p0380,9,A,380,45,43,0,0,
book-09-p0381,9,A,381,47,45,2,2,0.308866
book-09-p0382,9,A,382,23,21,1,1,0.538948
book-09-p0383,9,A,383,43,41,3,3,0.409051
book-09-p0384,9,A,384,41,40,1,1,0.555307
book-09-p0385,9,A,385,45,44,1,1,0.588446
book-09-p0386,9,A,386,40,38,0,0,
book-09-p0387,9,A,387,45,44,1,1,0.443134
book-09-p0388,9,A,388,45,43,1,1,0.489100
book-09-p0389,9,A,389,46,43,1,1,0.538802
book-09-p0390,9,A,390,45,44,2,2,0.507421
book-09-p0391,9,A,391,47,43,0,0,
book-09-p0392,9,A,392,36,34,1,1,0.542836
book-09-p0393,9,A,393,39,37,0,0,
book-09-p0394,9,A,394,42,40,0,0,
book-09-p0395,9,A,395,46,43,0,0,
book-09-p0396,9,A,396,40,38,1,1,0.518595
book-09-p0397,9,A,397,41,40,0,0,
book-09-p0398,9,A,398,45,43,1,1,0.468481
book-09-p0399,9,A,399,34,30,0,0,
book-09-p0400,9,A,400,33,31,31,39,0.110985
book-10-p0001,10,A,1,7,6,5,9,0.215513
book-10-p0002,10,A,2,7,7,4,8,0.234265
book-10-p0003,10,A,3,50,50,27,37,0.145846
book-10-p0004,10,A,4,21,14,3,3,0.355035
book-10-p0005,10,A,5,14,13,3,3,0.461797
book-10-p0006,10,A,6,44,41,0,0,
book-10-p0007,10,A,7,45,44,5,5,0.505486
book-10-p0008,10,A,8,46,45,0,0,
book-10-p0009,10,A,9,42,27,2,2,0.508411
book-10-p0010,10,A,10,46,34,24,56,0.104198
book-10-p0011,10,A,11,115,114,5,5,0.413766
book-10-p0012,10,A,12,118,41,4,4,0.279025
book-10-p0013,10,A,13,82,82,1,1,0.594172
book-10-p0014,10,A,14,49,46,1,1,0.543510
book-10-p0015,10,A,15,28,28,2,2,0.539090
book-10-p0016,10,A,16,56,52,4,5,0.488414
book-10-p0017,10,A,17,59,56,11,11,0.375874
book-10-p0018,10,A,18,62,60,16,16,0.389799
book-10-p0019,10,A,19,69,54,14,22,0.257189
book-10-p0020,10,A,20,25,22,1,1,0.575393
book-10-p0021,10,A,21,45,43,0,0,
book-10-p0022,10,A,22,47,43,1,1,0.498960
book-10-p0023,10,A,23,45,44,1,1,0.547987
book-10-p0024,10,A,24,47,43,2,2,0.591683
book-10-p0025,10,A,25,45,44,0,0,
book-10-p0026,10,A,26,45,43,0,0,
book-10-p0027,10,A,27,41,39,0,0,
book-10-p0028,10,A,28,23,20,5,5,0.403617
book-10-p0029,10,A,29,45,43,2,2,0.543710
book-10-p0030,10,A,30,46,43,1,1,0.582246
book-10-p0031,10,A,31,45,43,1,1,0.508065
book-10-p0032,10,A,32,46,44,3,3,0.558512
book-10-p0033,10,A,33,45,44,2,2,0.285612
book-10-p0034,10,A,34,47,43,1,1,0.560250
book-10-p0035,10,A,35,45,44,0,0,
book-10-p0036,10,A,36,26,23,0,0,
book-10-p0037,10,A,37,45,43,1,1,0.521122
book-10-p0038,10,A,38,47,45,2,2,0.353844
book-10-p0039,10,A,39,45,43,2,2,0.520291
book-10-p0040,10,A,40,26,19,1,1,0.356652
book-10-p0041,10,A,41,42,41,0,0,
book-10-p0042,10,A,42,24,22,2,2,0.281131
book-10-p0043,10,A,43,42,41,0,0,
book-10-p0044,10,A,44,44,40,0,0,
book-10-p0045,10,A,45,45,44,1,1,0.507494
book-10-p0046,10,A,46,42,41,1,1,0.457272
book-10-p0047,10,A,47,45,43,0,0,
book-10-p0048,10,A,48,46,44,0,0,
book-10-p0049,10,A,49,45,44,0,0,
book-10-p0050,10,A,50,41,37,0,0,
book-10-p0051,10,A,51,25,23,1,1,0.493475
book-10-p0052,10,A,52,46,44,1,1,0.545823
book-10-p0053,10,A,53,44,42,1,1,0.567129
book-10-p0054,10,A,54,36,34,2,2,0.511585
book-10-p0055,10,A,55,38,36,0,0,
book-10-p0056,10,A,56,43,41,1,1,0.567757
book-10-p0057,10,A,57,25,12,2,2,0.194007
book-10-p0058,10,A,58,46,44,2,2,0.427056
book-10-p0059,10,A,59,45,43,0,0,
book-10-p0060,10,A,60,47,45,1,1,0.584430
book-10-p0061,10,A,61,45,44,1,1,0.499686
book-10-p0062,10,A,62,26,23,1,1,0.577444
book-10-p0063,10,A,63,45,44,1,1,0.589552
book-10-p0064,10,A,64,45,44,3,3,0.526399
book-10-p0065,10,A,65,45,44,0,0,
book-10-p0066,10,A,66,45,44,0,0,
book-10-p0067,10,A,67,45,44,2,2,0.513206
book-10-p0068,10,A,68,45,44,0,0,
book-10-p0069,10,A,69,35,33,2,3,0.231270
book-10-p0070,10,A,70,30,28,2,2,0.556555
book-10-p0071,10,A,71,45,43,0,0,
book-10-p0072,10,A,72,46,44,0,0,
book-10-p0073,10,A,73,39,37,1,1,0.486585
book-10-p0074,10,A,74,31,28,2,2,0.217520
book-10-p0075,10,A,75,45,44,1,2,0.546139
book-10-p0076,10,A,76,45,44,0,0,
book-10-p0077,10,A,77,45,44,1,1,0.548645
book-10-p0078,10,A,78,45,44,0,0,
book-10-p0079,10,A,79,45,44,2,2,0.400648
book-10-p0080,10,A,80,30,27,1,1,0.471831
book-10-p0081,10,A,81,12,10,3,3,0.500321
book-10-p0082,10,A,82,46,45,0,0,
book-10-p0083,10,A,83,38,36,0,0,
book-10-p0084,10,A,84,46,45,2,2,0.399437
book-10-p0085,10,A,85,45,44,4,4,0.529813
book-10-p0086,10,A,86,25,24,3,3,0.384049
book-10-p0087,10,A,87,44,43,2,2,0.587412
book-10-p0088,10,A,88,45,43,1,1,0.594424
book-10-p0089,10,A,89,45,44,0,0,
book-10-p0090,10,A,90,45,44,0,0,
book-10-p0091,10,A,91,45,44,1,1,0.569594
book-10-p0092,10,A,92,25,24,1,1,0.559378
book-10-p0093,10,A,93,45,43,0,0,
book-10-p0094,10,A,94,41,38,3,3,0.453582
book-10-p0095,10,A,95,45,44,3,3,0.503670
book-10-p0096,10,A,96,46,44,1,1,0.430370
book-10-p0097,10,A,97,43,41,1,1,0.497758
book-10-p0098,10,A,98,27,25,4,4,0.300187
book-10-p0099,10,A,99,45,44,3,3,0.457042
book-10-p0100,10,A,100,28,25,0,0,
book-10-p0101,10,A,101,45,44,1,1,0.519243
book-10-p0102,10,A,102,46,44,0,0,
book-10-p0103,10,A,103,34,33,0,0,
book-10-p0104,10,A,104,30,28,2,2,0.539917
book-10-p0105,10,A,105,45,44,0,0,
book-10-p0106,10,A,106,46,45,3,3,0.473843
book-10-p0107,10,A,107,45,43,2,2,0.520741
book-10-p0108,10,A,108,45,41,1,1,0.512634
book-10-p0109,10,A,109,25,24,1,1,0.522269
book-10-p0110,10,A,110,46,44,4,4,0.281355
book-10-p0111,10,A,111,42,37,1,1,0.507755
book-10-p0112,10,A,112,24,23,1,1,0.552028
book-10-p0113,10,A,113,41,40,0,0,
book-10-p0114,10,A,114,34,27,0,0,
book-10-p0115,10,A,115,26,25,1,2,0.417460
book-10-p0116,10,A,116,45,44,1,1,0.578841
book-10-p0117,10,A,117,25,23,0,0,
book-10-p0118,10,A,118,44,42,2,2,0.453408
book-10-p0119,10,A,119,45,44,1,1,0.579668
book-10-p0120,10,A,120,43,41,4,4,0.352248
book-10-p0121,10,A,121,24,23,0,0,
book-10-p0122,10,A,122,47,45,3,3,0.544877
book-10-p0123,10,A,123,45,44,3,3,0.529276
book-10-p0124,10,A,124,46,44,3,3,0.497781
book-10-p0125,10,A,125,45,44,0,0,
book-10-p0126,10,A,126,29,26,0,0,
book-10-p0127,10,A,127,42,41,1,1,0.520829
book-10-p0128,10,A,128,42,41,2,2,0.226357
book-10-p0129,10,A,129,21,19,1,1,0.465317
book-10-p0130,10,A,130,43,42,2,2,0.447735
book-10-p0131,10,A,131,24,23,1,1,0.503203
book-10-p0132,10,A,132,45,43,1,2,0.342072
book-10-p0133,10,A,133,44,42,4,4,0.559182
book-10-p0134,10,A,134,25,24,1,1,0.411363
book-10-p0135,10,A,135,45,44,1,1,0.595656
book-10-p0136,10,A,136,45,44,0,0,
book-10-p0137,10,A,137,45,43,2,2,0.553279
book-10-p0138,10,A,138,47,44,1,2,0.508841
book-10-p0139,10,A,139,24,23,1,1,0.574065
book-10-p0140,10,A,140,46,44,1,1,0.516093
book-10-p0141,10,A,141,27,25,1,1,0.493653
book-10-p0142,10,A,142,38,36,0,0,
book-10-p0143,10,A,143,26,25,2,2,0.381172
book-10-p0144,10,A,144,45,44,1,1,0.397462
book-10-p0145,10,A,145,26,24,1,1,0.523856
book-10-p0146,10,A,146,46,45,1,1,0.545725
book-10-p0147,10,A,147,45,44,2,2,0.400674
book-10-p0148,10,A,148,46,44,3,3,0.484798
book-10-p0149,10,A,149,41,39,0,0,
book-10-p0150,10,A,150,46,44,2,2,0.442713
book-10-p0151,10,A,151,45,43,1,1,0.556815
book-10-p0152,10,A,152,45,44,1,1,0.599381
book-10-p0153,10,A,153,20,18,0,0,
book-10-p0154,10,A,154,46,45,1,1,0.144491
book-10-p0155,10,A,155,45,44,1,1,0.556708
book-10-p0156,10,A,156,45,44,2,2,0.501619
book-10-p0157,10,A,157,45,44,1,1,0.573472
book-10-p0158,10,A,158,44,41,2,2,0.534025
book-10-p0159,10,A,159,42,41,1,1,0.585961
book-10-p0160,10,A,160,41,40,2,2,0.383587
book-10-p0161,10,A,161,45,43,0,0,
book-10-p0162,10,A,162,43,40,1,1,0.560559
book-10-p0163,10,A,163,28,26,3,3,0.397406
book-10-p0164,10,A,164,45,44,1,1,0.460590
book-10-p0165,10,A,165,45,44,1,1,0.592281
book-10-p0166,10,A,166,40,38,2,3,0.503416
book-10-p0167,10,A,167,45,44,1,1,0.486488
book-10-p0168,10,A,168,27,25,0,0,
book-10-p0169,10,A,169,45,44,2,2,0.492876
book-10-p0170,10,A,170,45,44,0,0,
book-10-p0171,10,A,171,43,41,2,2,0.502389
book-10-p0172,10,A,172,16,15,1,1,0.592893
book-10-p0173,10,A,173,45,44,3,4,0.486136
book-10-p0174,10,A,174,23,21,1,1,0.556253
book-10-p0175,10,A,175,45,44,1,1,0.515942
book-10-p0176,10,A,176,46,43,0,0,
book-10-p0177,10,A,177,40,38,0,0,
book-10-p0178,10,A,178,29,27,1,1,0.559310
book-10-p0179,10,A,179,45,44,1,1,0.584610
book-10-p0180,10,A,180,24,23,1,1,0.577786
book-10-p0181,10,A,181,45,44,1,1,0.531843
book-10-p0182,10,A,182,46,45,3,3,0.532460
book-10-p0183,10,A,183,45,44,2,2,0.516487
book-10-p0184,10,A,184,34,32,0,0,
book-10-p0185,10,A,185,27,26,2,2,0.363751
book-10-p0186,10,A,186,45,43,0,0,
book-10-p0187,10,A,187,45,44,4,4,0.303768
book-10-p0188,10,A,188,25,24,3,3,0.539107
book-10-p0189,10,A,189,45,43,1,1,0.584214
book-10-p0190,10,A,190,45,43,0,0,
book-10-p0191,10,A,191,45,44,2,3,0.532353
book-10-p0192,10,A,192,24,23,2,2,0.572941
book-10-p0193,10,A,193,45,44,2,2,0.487061
book-10-p0194,10,A,194,31,28,0,0,
book-10-p0195,10,A,195,28,27,4,4,0.387215
book-10-p0196,10,A,196,45,44,1,1,0.505601
book-10-p0197,10,A,197,40,38,2,2,0.531503
book-10-p0198,10,A,198,30,27,1,1,0.573768
book-10-p0199,10,A,199,45,43,1,1,0.594850
book-10-p0200,10,A,200,46,44,1,1,0.555331
book-10-p0201,10,A,201,25,24,0,0,
book-10-p0202,10,A,202,46,43,1,1,0.497949
book-10-p0203,10,A,203,45,44,0,0,
book-10-p0204,10,A,204,47,43,2,2,0.500373
book-10-p0205,10,A,205,24,23,2,2,0.529886
book-10-p0206,10,A,206,47,45,3,3,0.528289
book-10-p0207,10,A,207,40,38,0,0,
book-10-p0208,10,A,208,27,25,1,1,0.522124
book-10-p0209,10,A,209,45,44,1,1,0.555785
book-10-p0210,10,A,210,46,44,0,0,
book-10-p0211,10,A,211,42,40,0,0,
book-10-p0212,10,A,212,41,37,3,3,0.506680
book-10-p0213,10,A,213,27,26,2,2,0.563731
book-10-p0214,10,A,214,47,45,0,0,
book-10-p0215,10,A,215,45,44,3,3,0.471290
book-10-p0216,10,A,216,47,45,1,1,0.340556
book-10-p0217,10,A,217,43,42,2,2,0.414961
book-10-p0218,10,A,218,42,39,3,4,0.479343
book-10-p0219,10,A,219,45,43,0,0,
book-10-p0220,10,A,220,46,44,2,2,0.557573
book-10-p0221,10,A,221,23,21,1,2,0.324100
book-10-p0222,10,A,222,46,44,2,2,0.383575
book-10-p0223,10,A,223,45,44,1,1,0.552467
book-10-p0224,10,A,224,45,44,0,0,
book-10-p0225,10,A,225,25,23,2,2,0.168773
book-10-p0226,10,A,226,47,45,1,1,0.573235
book-10-p0227,10,A,227,45,44,2,2,0.477575
book-10-p0228,10,A,228,47,45,1,1,0.335856
book-10-p0229,10,A,229,45,43,0,0,
book-10-p0230,10,A,230,34,30,1,1,0.522090
book-10-p0231,10,A,231,28,27,1,1,0.506456
book-10-p0232,10,A,232,46,44,2,2,0.565182
book-10-p0233,10,A,233,45,44,2,2,0.546542
book-10-p0234,10,A,234,45,44,1,1,0.549719
book-10-p0235,10,A,235,45,44,1,1,0.567531
book-10-p0236,10,A,236,28,24,2,2,0.426281
book-10-p0237,10,A,237,40,39,2,2,0.537721
book-10-p0238,10,A,238,44,42,1,1,0.461435
book-10-p0239,10,A,239,43,41,2,3,0.509381
book-10-p0240,10,A,240,24,21,0,0,
book-10-p0241,10,A,241,45,44,1,1,0.491166
book-10-p0242,10,A,242,47,45,0,0,
book-10-p0243,10,A,243,45,44,1,1,0.566037
book-10-p0244,10,A,244,39,26,2,2,0.594816
book-10-p0245,10,A,245,39,38,1,1,0.460378
book-10-p0246,10,A,246,42,41,3,5,0.387325
book-10-p0247,10,A,247,45,44,0,0,
book-10-p0248,10,A,248,46,43,2,2,0.531338
book-10-p0249,10,A,249,23,22,1,1,0.561962
book-10-p0250,10,A,250,47,45,2,2,0.351416
book-10-p0251,10,A,251,45,44,1,1,0.576894
book-10-p0252,10,A,252,29,26,0,0,
book-10-p0253,10,A,253,16,15,1,2,0.570105
book-10-p0254,10,A,254,46,45,0,0,
book-10-p0255,10,A,255,45,44,2,2,0.516725
book-10-p0256,10,A,256,46,44,0,0,
book-10-p0257,10,A,257,45,44,3,3,0.486762
book-10-p0258,10,A,258,46,44,3,4,0.436404
book-10-p0259,10,A,259,41,40,2,2,0.501920
book-10-p0260,10,A,260,46,43,1,1,0.538799
book-10-p0261,10,A,261,32,30,0,0,
book-10-p0262,10,A,262,30,26,3,3,0.258794
book-10-p0263,10,A,263,45,44,1,1,0.555234
book-10-p0264,10,A,264,29,26,0,0,
book-10-p0265,10,A,265,28,27,1,2,0.452608
book-10-p0266,10,A,266,32,23,1,1,0.528452
book-10-p0267,10,A,267,41,38,1,1,0.504984
book-10-p0268,10,A,268,71,56,0,0,
book-10-p0269,10,A,269,31,29,1,1,0.574335
book-10-p0270,10,A,270,25,23,4,4,0.115120
book-10-p0271,10,A,271,42,41,1,1,0.393555
book-10-p0272,10,A,272,32,29,1,1,0.597910
book-10-p0273,10,A,273,35,34,7,13,0.112511
book-10-p0274,10,A,274,0,0,0,0,
book-10-p0275,10,A,275,0,0,0,0,
book-10-p0276,10,A,276,0,0,0,0,
book-10-p0277,10,A,277,0,0,0,0,
book-10-p0278,10,A,278,2,2,2,5,0.183491
book-10-p0279,10,A,279,0,0,0,0,
book-10-p0280,10,A,280,0,0,0,0,
book-11-p0001,11,A,1,7,6,6,10,0.135097
book-11-p0002,11,A,2,55,55,28,42,0.170954
book-11-p0003,11,A,3,17,14,4,6,0.332946
book-11-p0004,11,A,4,15,14,1,2,0.358032
book-11-p0005,11,A,5,43,39,1,1,0.517291
book-11-p0006,11,A,6,18,15,0,0,
book-11-p0007,11,A,7,32,27,4,4,0.140749
book-11-p0008,11,A,8,34,31,2,2,0.522180
book-11-p0009,11,A,9,42,41,8,9,0.294733
book-11-p0010,11,A,10,45,44,9,9,0.501625
book-11-p0011,11,A,11,20,18,2,2,0.534063
book-11-p0012,11,A,12,50,49,9,9,0.291095
book-11-p0013,11,A,13,59,55,7,8,0.327330
book-11-p0014,11,A,14,56,53,22,29,0.256140
book-11-p0015,11,A,15,57,55,9,9,0.332381
book-11-p0016,11,A,16,56,53,21,24,0.223882
book-11-p0017,11,A,17,64,62,4,4,0.250702
book-11-p0018,11,A,18,15,14,3,3,0.514527
book-11-p0019,11,A,19,23,20,2,2,0.431003
book-11-p0020,11,A,20,45,43,0,0,
book-11-p0021,11,A,21,46,42,1,1,0.513447
book-11-p0022,11,A,22,35,31,1,1,0.495153
book-11-p0023,11,A,23,29,26,2,2,0.399173
book-11-p0024,11,A,24,45,43,0,0,
book-11-p0025,11,A,25,46,43,3,3,0.501258
book-11-p0026,11,A,26,35,33,0,0,
book-11-p0027,11,A,27,23,21,5,6,0.510377
book-11-p0028,11,A,28,25,22,20,27,0.150841
book-11-p0029,11,A,29,43,40,1,1,0.481195
book-11-p0030,11,A,30,37,35,1,1,0.429049
book-11-p0031,11,A,31,27,25,1,6,0.309002
book-11-p0032,11,A,32,44,43,3,3,0.509712
book-11-p0033,11,A,33,44,41,1,1,0.585143
book-11-p0034,11,A,34,42,41,2,2,0.514339
book-11-p0035,11,A,35,44,39,0,0,
book-11-p0036,11,A,36,41,39,3,4,0.463850
book-11-p0037,11,A,37,27,23,2,2,0.240451
book-11-p0038,11,A,38,45,43,1,1,0.481679
book-11-p0039,11,A,39,46,44,0,0,
book-11-p0040,11,A,40,45,43,3,3,0.343354
book-11-p0041,11,A,41,46,44,1,1,0.407120
book-11-p0042,11,A,42,45,43,2,2,0.422474
book-11-p0043,11,A,43,41,38,1,1,0.521024
book-11-p0044,11,A,44,25,23,2,2,0.384605
book-11-p0045,11,A,45,46,45,0,0,
book-11-p0046,11,A,46,45,44,2,2,0.345148
book-11-p0047,11,A,47,22,19,0,0,
book-11-p0048,11,A,48,45,44,3,3,0.523941
book-11-p0049,11,A,49,47,45,1,1,0.417300
book-11-p0050,11,A,50,45,43,1,1,0.495904
book-11-p0051,11,A,51,46,44,2,3,0.531646
book-11-p0052,11,A,52,53,38,0,0,
book-11-p0053,11,A,53,47,42,4,4,0.510794
book-11-p0054,11,A,54,42,40,1,1,0.579621
book-11-p0055,11,A,55,44,36,0,0,
book-11-p0056,11,A,56,42,40,1,1,0.469802
book-11-p0057,11,A,57,26,24,4,4,0.403976
book-11-p0058,11,A,58,45,43,1,1,0.470181
book-11-p0059,11,A,59,47,43,1,1,0.553719
book-11-p0060,11,A,60,45,44,2,2,0.509676
book-11-p0061,11,A,61,39,35,0,0,
book-11-p0062,11,A,62,45,43,0,0,
book-11-p0063,11,A,63,45,43,1,1,0.591743
book-11-p0064,11,A,64,26,24,3,4,0.235111
book-11-p0065,11,A,65,45,44,4,4,0.478662
book-11-p0066,11,A,66,45,44,1,1,0.596813
book-11-p0067,11,A,67,25,22,2,2,0.427091
book-11-p0068,11,A,68,45,44,1,1,0.564283
book-11-p0069,11,A,69,47,43,0,0,
book-11-p0070,11,A,70,43,41,5,5,0.176016
book-11-p0071,11,A,71,39,36,0,0,
book-11-p0072,11,A,72,45,43,1,1,0.516379
book-11-p0073,11,A,73,41,38,1,1,0.529739
book-11-p0074,11,A,74,43,42,2,2,0.475211
book-11-p0075,11,A,75,45,44,2,3,0.454848
book-11-p0076,11,A,76,45,43,1,1,0.414054
book-11-p0077,11,A,77,18,17,0,0,
book-11-p0078,11,A,78,45,44,2,2,0.553065
book-11-p0079,11,A,79,47,43,2,2,0.523937
book-11-p0080,11,A,80,45,44,1,1,0.327383
book-11-p0081,11,A,81,41,39,1,1,0.502600
book-11-p0082,11,A,82,45,44,0,0,
book-11-p0083,11,A,83,45,43,2,2,0.512350
book-11-p0084,11,A,84,24,23,0,0,
book-11-p0085,11,A,85,46,45,3,3,0.241457
book-11-p0086,11,A,86,45,44,1,1,0.518811
book-11-p0087,11,A,87,41,39,2,2,0.413545
book-11-p0088,11,A,88,45,44,2,2,0.458137
book-11-p0089,11,A,89,45,44,1,1,0.573274
book-11-p0090,11,A,90,42,40,0,0,
book-11-p0091,11,A,91,38,35,1,1,0.500425
book-11-p0092,11,A,92,28,27,1,1,0.578682
book-11-p0093,11,A,93,46,43,1,1,0.550800
book-11-p0094,11,A,94,45,43,1,1,0.556312
book-11-p0095,11,A,95,44,35,0,0,
book-11-p0096,11,A,96,39,32,3,3,0.490176
book-11-p0097,11,A,97,46,45,1,1,0.306355
book-11-p0098,11,A,98,42,40,1,1,0.478747
book-11-p0099,11,A,99,38,37,1,1,0.522048
book-11-p0100,11,A,100,45,43,1,2,0.496261
book-11-p0101,11,A,101,42,40,0,0,
book-11-p0102,11,A,102,28,26,1,1,0.477151
book-11-p0103,11,A,103,46,43,1,1,0.580660
book-11-p0104,11,A,104,41,40,1,1,0.592516
book-11-p0105,11,A,105,39,38,0,0,
book-11-p0106,11,A,106,45,44,3,4,0.304557
book-11-p0107,11,A,107,26,23,0,0,
book-11-p0108,11,A,108,45,44,3,3,0.183557
book-11-p0109,11,A,109,46,45,2,3,0.530301
book-11-p0110,11,A,110,45,43,0,0,
book-11-p0111,11,A,111,45,44,5,5,0.485756
book-11-p0112,11,A,112,41,39,2,2,0.506230
book-11-p0113,11,A,113,45,43,0,0,
book-11-p0114,11,A,114,45,44,2,3,0.376633
book-11-p0115,11,A,115,40,35,1,1,0.599357
book-11-p0116,11,A,116,46,45,2,2,0.502712
book-11-p0117,11,A,117,47,43,1,1,0.544378
book-11-p0118,11,A,118,45,43,5,6,0.487559
book-11-p0119,11,A,119,26,22,2,2,0.584478
book-11-p0120,11,A,120,45,44,1,1,0.387708
book-11-p0121,11,A,121,47,43,1,1,0.580636
book-11-p0122,11,A,122,42,41,2,2,0.518846
book-11-p0123,11,A,123,46,44,3,3,0.439339
book-11-p0124,11,A,124,45,44,5,5,0.492120
book-11-p0125,11,A,125,34,32,1,1,0.538385
book-11-p0126,11,A,126,28,26,1,1,0.571307
book-11-p0127,11,A,127,47,43,1,1,0.560626
book-11-p0128,11,A,128,41,39,1,1,0.475815
book-11-p0129,11,A,129,47,43,1,1,0.466394
book-11-p0130,11,A,130,33,31,0,0,
book-11-p0131,11,A,131,30,26,0,0,
book-11-p0132,11,A,132,45,43,2,2,0.375571
book-11-p0133,11,A,133,46,43,1,1,0.564916
book-11-p0134,11,A,134,45,44,3,3,0.486230
book-11-p0135,11,A,135,41,40,1,1,0.304228
book-11-p0136,11,A,136,45,43,3,3,0.509317
book-11-p0137,11,A,137,46,44,0,0,
book-11-p0138,11,A,138,41,40,2,2,0.537661
book-11-p0139,11,A,139,40,36,1,1,0.553883
book-11-p0140,11,A,140,28,27,3,4,0.215689
book-11-p0141,11,A,141,45,44,1,1,0.537215
book-11-p0142,11,A,142,45,43,3,3,0.497837
book-11-p0143,11,A,143,42,41,3,4,0.494055
book-11-p0144,11,A,144,45,44,1,1,0.550436
book-11-p0145,11,A,145,42,39,3,3,0.529871
book-11-p0146,11,A,146,45,44,4,6,0.482877
book-11-p0147,11,A,147,45,44,2,2,0.566290
book-11-p0148,11,A,148,39,38,5,8,0.447116
book-11-p0149,11,A,149,39,37,0,0,
book-11-p0150,11,A,150,26,25,2,3,0.350442
book-11-p0151,11,A,151,45,44,1,1,0.504326
book-11-p0152,11,A,152,28,23,1,1,0.581130
book-11-p0153,11,A,153,45,43,1,1,0.507423
book-11-p0154,11,A,154,44,43,4,10,0.362334
book-11-p0155,11,A,155,46,45,6,6,0.171143
book-11-p0156,11,A,156,24,23,2,2,0.490939
book-11-p0157,11,A,157,46,44,1,1,0.518567
book-11-p0158,11,A,158,41,40,1,3,0.336133
book-11-p0159,11,A,159,45,44,2,2,0.574762
book-11-p0160,11,A,160,45,43,2,2,0.555134
book-11-p0161,11,A,161,27,25,1,2,0.554120
book-11-p0162,11,A,162,45,44,2,5,0.289376
book-11-p0163,11,A,163,43,41,0,0,
book-11-p0164,11,A,164,45,44,1,1,0.366431
book-11-p0165,11,A,165,39,37,0,0,
book-11-p0166,11,A,166,27,26,3,3,0.505324
book-11-p0167,11,A,167,46,43,1,1,0.588054
book-11-p0168,11,A,168,45,44,2,2,0.478264
book-11-p0169,11,A,169,38,35,3,3,0.502007
book-11-p0170,11,A,170,42,40,3,3,0.497699
book-11-p0171,11,A,171,45,44,1,2,0.544467
book-11-p0172,11,A,172,41,40,1,1,0.526352
book-11-p0173,11,A,173,45,43,1,1,0.513041
book-11-p0174,11,A,174,40,38,2,2,0.530012
book-11-p0175,11,A,175,25,23,1,1,0.479176
book-11-p0176,11,A,176,45,43,2,2,0.442843
book-11-p0177,11,A,177,43,40,2,2,0.473433
book-11-p0178,11,A,178,45,44,3,3,0.464175
book-11-p0179,11,A,179,42,39,0,0,
book-11-p0180,11,A,180,45,44,2,4,0.251479
book-11-p0181,11,A,181,43,40,1,1,0.529044
book-11-p0182,11,A,182,26,24,1,1,0.550769
book-11-p0183,11,A,183,45,43,2,2,0.562528
book-11-p0184,11,A,184,42,40,5,7,0.190783
book-11-p0185,11,A,185,45,43,0,0,
book-11-p0186,11,A,186,45,44,2,2,0.488633
book-11-p0187,11,A,187,44,42,2,2,0.501565
book-11-p0188,11,A,188,25,24,1,2,0.460272
book-11-p0189,11,A,189,46,43,1,1,0.544637
book-11-p0190,11,A,190,41,40,1,1,0.537554
book-11-p0191,11,A,191,46,43,0,0,
book-11-p0192,11,A,192,45,44,0,0,
book-11-p0193,11,A,193,46,43,2,2,0.557720
book-11-p0194,11,A,194,41,40,4,6,0.375604
book-11-p0195,11,A,195,41,33,4,5,0.429559
book-11-p0196,11,A,196,45,43,6,6,0.374352
book-11-p0197,11,A,197,45,44,2,3,0.446987
book-11-p0198,11,A,198,45,44,4,8,0.350996
book-11-p0199,11,A,199,47,43,2,2,0.550129
book-11-p0200,11,A,200,45,44,1,1,0.585058
book-11-p0201,11,A,201,29,25,1,1,0.535845
book-11-p0202,11,A,202,45,43,3,3,0.406857
book-11-p0203,11,A,203,46,43,2,2,0.556473
book-11-p0204,11,A,204,41,40,3,3,0.515998
book-11-p0205,11,A,205,39,36,1,1,0.518603
book-11-p0206,11,A,206,45,44,3,3,0.240171
book-11-p0207,11,A,207,45,43,1,1,0.528940
book-11-p0208,11,A,208,24,22,3,3,0.382446
book-11-p0209,11,A,209,46,44,1,3,0.587596
book-11-p0210,11,A,210,45,43,4,4,0.436543
book-11-p0211,11,A,211,44,41,0,0,
book-11-p0212,11,A,212,45,44,3,3,0.491956
book-11-p0213,11,A,213,42,39,0,0,
book-11-p0214,11,A,214,45,44,1,1,0.578959
book-11-p0215,11,A,215,47,43,0,0,
book-11-p0216,11,A,216,45,44,3,3,0.455829
book-11-p0217,11,A,217,44,42,4,4,0.515409
book-11-p0218,11,A,218,26,25,1,1,0.328875
book-11-p0219,11,A,219,46,44,1,1,0.579390
book-11-p0220,11,A,220,45,44,2,2,0.489267
book-11-p0221,11,A,221,38,36,0,0,
book-11-p0222,11,A,222,28,26,1,1,0.436514
book-11-p0223,11,A,223,46,44,0,0,
book-11-p0224,11,A,224,45,44,7,7,0.390429
book-11-p0225,11,A,225,38,35,1,1,0.507423
book-11-p0226,11,A,226,45,44,1,1,0.431105
book-11-p0227,11,A,227,46,43,1,1,0.543729
book-11-p0228,11,A,228,43,42,1,1,0.501749
book-11-p0229,11,A,229,17,14,0,0,
book-11-p0230,11,A,230,45,43,2,2,0.489276
book-11-p0231,11,A,231,45,44,0,0,
book-11-p0232,11,A,232,41,40,3,3,0.326069
book-11-p0233,11,A,233,24,22,0,0,
book-11-p0234,11,A,234,45,44,5,5,0.237825
book-11-p0235,11,A,235,45,44,0,0,
book-11-p0236,11,A,236,45,43,6,6,0.378099
book-11-p0237,11,A,237,42,40,2,2,0.561923
book-11-p0238,11,A,238,45,44,2,2,0.516078
book-11-p0239,11,A,239,46,32,0,0,
book-11-p0240,11,A,240,24,23,0,0,
book-11-p0241,11,A,241,46,44,0,0,
book-11-p0242,11,A,242,45,43,1,1,0.578379
book-11-p0243,11,A,243,45,43,0,0,
book-11-p0244,11,A,244,43,41,0,0,
book-11-p0245,11,A,245,36,33,1,1,0.583588
book-11-p0246,11,A,246,28,26,0,0,
book-11-p0247,11,A,247,46,43,2,2,0.547688
book-11-p0248,11,A,248,45,43,3,3,0.514786
book-11-p0249,11,A,249,41,38,1,1,0.515054
book-11-p0250,11,A,250,42,40,2,2,0.501232
book-11-p0251,11,A,251,47,43,0,0,
book-11-p0252,11,A,252,45,44,0,0,
book-11-p0253,11,A,253,46,45,3,3,0.372506
book-11-p0254,11,A,254,16,14,0,0,
book-11-p0255,11,A,255,45,43,4,4,0.468380
book-11-p0256,11,A,256,43,42,1,1,0.578759
book-11-p0257,11,A,257,46,44,1,1,0.546615
book-11-p0258,11,A,258,41,39,3,3,0.551752
book-11-p0259,11,A,259,46,43,0,0,
book-11-p0260,11,A,260,43,41,1,1,0.553605
book-11-p0261,11,A,261,43,40,2,3,0.479855
book-11-p0262,11,A,262,45,43,1,1,0.597717
book-11-p0263,11,A,263,46,45,4,4,0.366699
book-11-p0264,11,A,264,45,44,1,1,0.349950
book-11-p0265,11,A,265,38,35,0,0,
book-11-p0266,11,A,266,28,27,1,1,0.531928
book-11-p0267,11,A,267,45,44,3,3,0.518271
book-11-p0268,11,A,268,42,41,0,0,
book-11-p0269,11,A,269,29,27,0,0,
book-11-p0270,11,A,270,45,43,2,2,0.513688
book-11-p0271,11,A,271,41,39,4,4,0.563925
book-11-p0272,11,A,272,45,44,1,1,0.564043
book-11-p0273,11,A,273,40,37,2,2,0.525260
book-11-p0274,11,A,274,26,25,0,0,
book-11-p0275,11,A,275,46,44,0,0,
book-11-p0276,11,A,276,45,44,0,0,
book-11-p0277,11,A,277,42,39,1,1,0.587719
book-11-p0278,11,A,278,45,43,0,0,
book-11-p0279,11,A,279,45,44,1,1,0.556329
book-11-p0280,11,A,280,45,43,0,0,
book-11-p0281,11,A,281,14,12,1,1,0.543799
book-11-p0282,11,A,282,45,44,1,1,0.406515
book-11-p0283,11,A,283,46,45,2,2,0.524399
book-11-p0284,11,A,284,45,44,0,0,
book-11-p0285,11,A,285,46,43,2,2,0.539745
book-11-p0286,11,A,286,40,38,0,0,
book-11-p0287,11,A,287,29,28,3,4,0.512880
book-11-p0288,11,A,288,45,44,2,2,0.485399
book-11-p0289,11,A,289,46,45,2,2,0.257920
book-11-p0290,11,A,290,44,42,2,3,0.461663
book-11-p0291,11,A,291,42,41,2,2,0.456010
book-11-p0292,11,A,292,42,40,1,1,0.325325
book-11-p0293,11,A,293,42,41,2,2,0.509516
book-11-p0294,11,A,294,45,43,2,2,0.585686
book-11-p0295,11,A,295,46,43,0,0,
book-11-p0296,11,A,296,45,44,0,0,
book-11-p0297,11,A,297,29,27,3,5,0.180904
book-11-p0298,11,A,298,45,43,0,0,
book-11-p0299,11,A,299,46,45,2,2,0.534713
book-11-p0300,11,A,300,41,39,3,4,0.516570
book-11-p0301,11,A,301,46,43,1,1,0.520509
book-11-p0302,11,A,302,45,44,0,0,
book-11-p0303,11,A,303,45,44,2,2,0.577425
book-11-p0304,11,A,304,28,26,2,3,0.513140
book-11-p0305,11,A,305,45,43,1,1,0.490171
book-11-p0306,11,A,306,45,44,3,3,0.434225
book-11-p0307,11,A,307,45,44,1,1,0.550156
book-11-p0308,11,A,308,26,24,2,2,0.532361
book-11-p0309,11,A,309,45,43,1,1,0.563983
book-11-p0310,11,A,310,45,44,2,2,0.539071
book-11-p0311,11,A,311,46,44,1,1,0.292779
book-11-p0312,11,A,312,45,44,1,1,0.440898
book-11-p0313,11,A,313,46,45,1,1,0.190788
book-11-p0314,11,A,314,22,20,1,1,0.541075
book-11-p0315,11,A,315,45,43,0,0,
book-11-p0316,11,A,316,45,44,2,2,0.583439
book-11-p0317,11,A,317,23,21,1,1,0.501503
book-11-p0318,11,A,318,45,43,0,0,
book-11-p0319,11,A,319,47,45,1,1,0.536397
book-11-p0320,11,A,320,45,44,1,1,0.519652
book-11-p0321,11,A,321,42,39,0,0,
book-11-p0322,11,A,322,28,27,0,0,
book-11-p0323,11,A,323,46,43,0,0,
book-11-p0324,11,A,324,45,44,1,1,0.523580
book-11-p0325,11,A,325,46,43,1,1,0.538203
book-11-p0326,11,A,326,45,44,3,3,0.503888
book-11-p0327,11,A,327,69,68,5,5,0.479660
book-11-p0328,11,A,328,39,30,1,1,0.582322
book-11-p0329,11,A,329,0,0,0,0,
book-11-p0330,11,A,330,0,0,0,0,
book-12-p0001,12,A,1,8,7,7,12,0.184207
book-12-p0002,12,A,2,55,55,29,42,0.170954
book-12-p0003,12,A,3,19,18,3,6,0.317304
book-12-p0004,12,A,4,16,14,2,2,0.527249
book-12-p0005,12,A,5,39,37,4,4,0.475163
book-12-p0006,12,A,6,20,20,6,8,0.307538
book-12-p0007,12,A,7,44,44,5,5,0.283548
book-12-p0008,12,A,8,44,44,0,0,
book-12-p0009,12,A,9,44,44,0,0,
book-12-p0010,12,A,10,38,37,2,4,0.509931
book-12-p0011,12,A,11,52,50,9,9,0.403700
book-12-p0012,12,A,12,60,56,13,15,0.424253
book-12-p0013,12,A,13,57,54,8,9,0.355316
book-12-p0014,12,A,14,60,59,14,21,0.335926
book-12-p0015,12,A,15,62,58,11,12,0.248289
book-12-p0016,12,A,16,56,54,13,13,0.319956
book-12-p0017,12,A,17,44,40,6,6,0.510090
book-12-p0018,12,A,18,16,14,0,0,
book-12-p0019,12,A,19,24,23,1,2,0.456396
book-12-p0020,12,A,20,45,44,1,1,0.562565
book-12-p0021,12,A,21,46,44,3,4,0.154095
book-12-p0022,12,A,22,46,45,0,0,
book-12-p0023,12,A,23,47,45,4,4,0.448077
book-12-p0024,12,A,24,45,44,0,0,
book-12-p0025,12,A,25,47,43,4,4,0.491488
book-12-p0026,12,A,26,26,25,1,1,0.558318
book-12-p0027,12,A,27,47,44,0,0,
book-12-p0028,12,A,28,58,57,1,1,0.516031
book-12-p0029,12,A,29,47,43,2,2,0.546295
book-12-p0030,12,A,30,43,41,1,1,0.506623
book-12-p0031,12,A,31,47,43,1,1,0.535696
book-12-p0032,12,A,32,52,51,4,4,0.256285
book-12-p0033,12,A,33,47,44,3,3,0.459988
book-12-p0034,12,A,34,45,44,2,2,0.507603
book-12-p0035,12,A,35,37,30,1,1,0.532990
book-12-p0036,12,A,36,32,30,0,0,
book-12-p0037,12,A,37,48,44,4,4,0.509469
book-12-p0038,12,A,38,45,44,2,2,0.448717
book-12-p0039,12,A,39,47,44,1,1,0.572566
book-12-p0040,12,A,40,45,44,2,2,0.450162
book-12-p0041,12,A,41,46,44,1,1,0.355787
book-12-p0042,12,A,42,42,40,1,1,0.229307
book-12-p0043,12,A,43,30,28,3,3,0.525388
book-12-p0044,12,A,44,45,44,3,4,0.555639
book-12-p0045,12,A,45,47,44,2,2,0.589412
book-12-p0046,12,A,46,45,43,2,2,0.565372
book-12-p0047,12,A,47,47,45,1,1,0.376526
book-12-p0048,12,A,48,31,29,0,0,
book-12-p0049,12,A,49,30,28,1,1,0.473052
book-12-p0050,12,A,50,45,44,2,3,0.449015
book-12-p0051,12,A,51,46,44,0,0,
book-12-p0052,12,A,52,45,43,4,5,0.494149
book-12-p0053,12,A,53,46,43,2,2,0.522511
book-12-p0054,12,A,54,40,38,2,2,0.511946
book-12-p0055,12,A,55,28,26,1,1,0.510853
book-12-p0056,12,A,56,45,44,3,3,0.526239
book-12-p0057,12,A,57,47,45,2,2,0.371119
book-12-p0058,12,A,58,45,44,1,1,0.571819
book-12-p0059,12,A,59,47,43,1,1,0.529450
book-12-p0060,12,A,60,45,44,1,1,0.578671
book-12-p0061,12,A,61,47,44,4,4,0.534188
book-12-p0062,12,A,62,25,24,2,2,0.492784
book-12-p0063,12,A,63,46,43,0,0,
book-12-p0064,12,A,64,45,44,4,4,0.504295
book-12-p0065,12,A,65,46,44,0,0,
book-12-p0066,12,A,66,45,44,3,3,0.562142
book-12-p0067,12,A,67,47,43,1,1,0.566490
book-12-p0068,12,A,68,46,45,0,0,
book-12-p0069,12,A,69,42,40,2,2,0.316027
book-12-p0070,12,A,70,45,44,0,0,
book-12-p0071,12,A,71,47,45,1,1,0.534854
book-12-p0072,12,A,72,45,44,2,2,0.545262
book-12-p0073,12,A,73,46,44,3,4,0.429497
book-12-p0074,12,A,74,52,39,1,1,0.598295
book-12-p0075,12,A,75,57,42,5,5,0.184908
book-12-p0076,12,A,76,45,44,1,1,0.550205
book-12-p0077,12,A,77,40,37,2,2,0.518118
book-12-p0078,12,A,78,25,24,2,4,0.282660
book-12-p0079,12,A,79,46,44,1,1,0.506434
book-12-p0080,12,A,80,44,43,0,0,
book-12-p0081,12,A,81,44,41,3,3,0.506479
book-12-p0082,12,A,82,28,27,3,3,0.464339
book-12-p0083,12,A,83,47,43,0,0,
book-12-p0084,12,A,84,45,43,0,0,
book-12-p0085,12,A,85,40,37,1,1,0.554510
book-12-p0086,12,A,86,26,24,0,0,
book-12-p0087,12,A,87,46,44,0,0,
book-12-p0088,12,A,88,45,44,1,1,0.512920
book-12-p0089,12,A,89,41,39,1,1,0.596432
book-12-p0090,12,A,90,45,44,0,0,
book-12-p0091,12,A,91,47,43,0,0,
book-12-p0092,12,A,92,44,41,0,0,
book-12-p0093,12,A,93,43,41,6,6,0.388251
book-12-p0094,12,A,94,42,36,3,3,0.459260
book-12-p0095,12,A,95,30,27,1,1,0.507480
book-12-p0096,12,A,96,45,44,0,0,
book-12-p0097,12,A,97,47,43,0,0,
book-12-p0098,12,A,98,45,44,5,6,0.326550
book-12-p0099,12,A,99,46,44,0,0,
book-12-p0100,12,A,100,45,43,3,3,0.510761
book-12-p0101,12,A,101,42,37,0,0,
book-12-p0102,12,A,102,40,39,0,0,
book-12-p0103,12,A,103,27,23,1,1,0.396148
book-12-p0104,12,A,104,45,44,0,0,
book-12-p0105,12,A,105,42,41,1,1,0.425044
book-12-p0106,12,A,106,42,40,0,0,
book-12-p0107,12,A,107,44,40,0,0,
book-12-p0108,12,A,108,45,44,0,0,
book-12-p0109,12,A,109,46,42,0,0,
book-12-p0110,12,A,110,39,37,0,0,
book-12-p0111,12,A,111,46,44,0,0,
book-12-p0112,12,A,112,31,29,1,1,0.576721
book-12-p0113,12,A,113,29,26,1,1,0.584220
book-12-p0114,12,A,114,45,44,0,0,
book-12-p0115,12,A,115,46,41,2,3,0.492996
book-12-p0116,12,A,116,29,28,3,3,0.475367
book-12-p0117,12,A,117,47,43,0,0,
book-12-p0118,12,A,118,45,44,2,2,0.555938
book-12-p0119,12,A,119,42,38,0,0,
book-12-p0120,12,A,120,28,27,0,0,
book-12-p0121,12,A,121,47,43,0,0,
book-12-p0122,12,A,122,45,44,1,1,0.514883
book-12-p0123,12,A,123,46,43,2,2,0.503959
book-12-p0124,12,A,124,45,44,1,1,0.543322
book-12-p0125,12,A,125,46,43,0,0,
book-12-p0126,12,A,126,41,40,2,2,0.481665
book-12-p0127,12,A,127,47,43,1,1,0.502021
book-12-p0128,12,A,128,45,44,3,3,0.436008
book-12-p0129,12,A,129,24,20,3,4,0.427495
book-12-p0130,12,A,130,45,44,0,0,
book-12-p0131,12,A,131,47,44,0,0,
book-12-p0132,12,A,132,45,44,0,0,
book-12-p0133,12,A,133,47,43,1,1,0.561077
book-12-p0134,12,A,134,45,44,0,0,
book-12-p0135,12,A,135,26,23,1,1,0.540060
book-12-p0136,12,A,136,45,44,3,4,0.381227
book-12-p0137,12,A,137,44,42,0,0,
book-12-p0138,12,A,138,44,43,0,0,
book-12-p0139,12,A,139,46,44,1,1,0.510631
book-12-p0140,12,A,140,45,44,2,3,0.431713
book-12-p0141,12,A,141,46,44,2,2,0.509236
book-12-p0142,12,A,142,45,44,1,1,0.404171
book-12-p0143,12,A,143,47,44,2,2,0.432921
book-12-p0144,12,A,144,45,44,1,1,0.561813
book-12-p0145,12,A,145,24,23,2,3,0.138687
book-12-p0146,12,A,146,45,44,2,2,0.414795
book-12-p0147,12,A,147,42,39,0,0,
book-12-p0148,12,A,148,45,44,1,1,0.509397
book-12-p0149,12,A,149,45,44,3,3,0.521960
book-12-p0150,12,A,150,43,42,1,1,0.540146
book-12-p0151,12,A,151,47,43,0,0,
book-12-p0152,12,A,152,46,44,1,1,0.516737
book-12-p0153,12,A,153,47,43,1,1,0.582743
book-12-p0154,12,A,154,41,36,0,0,
book-12-p0155,12,A,155,30,26,0,0,
book-12-p0156,12,A,156,45,44,0,0,
book-12-p0157,12,A,157,47,43,0,0,
book-12-p0158,12,A,158,42,41,2,2,0.428031
book-12-p0159,12,A,159,46,43,0,0,
book-12-p0160,12,A,160,45,44,1,1,0.529527
book-12-p0161,12,A,161,37,32,1,1,0.571568
book-12-p0162,12,A,162,27,26,0,0,
book-12-p0163,12,A,163,45,43,0,0,
book-12-p0164,12,A,164,45,44,0,0,
book-12-p0165,12,A,165,47,45,1,1,0.508770
book-12-p0166,12,A,166,25,23,1,1,0.496270
book-12-p0167,12,A,167,47,45,2,2,0.576642
book-12-p0168,12,A,168,45,44,1,1,0.495893
book-12-p0169,12,A,169,47,43,0,0,
book-12-p0170,12,A,170,52,51,0,0,
book-12-p0171,12,A,171,66,65,3,4,0.395580
book-12-p0172,12,A,172,57,49,3,7,0.305539
book-12-p0173,12,A,173,24,23,1,1,0.374718
book-12-p0174,12,A,174,45,44,0,0,
book-12-p0175,12,A,175,47,45,0,0,
book-12-p0176,12,A,176,33,31,0,0,
book-12-p0177,12,A,177,30,28,2,2,0.412577
book-12-p0178,12,A,178,45,44,0,0,
book-12-p0179,12,A,179,37,30,1,1,0.595259
book-12-p0180,12,A,180,27,26,2,2,0.517129
book-12-p0181,12,A,181,46,45,1,1,0.406262
book-12-p0182,12,A,182,45,44,0,0,
book-12-p0183,12,A,183,45,43,1,1,0.558963
book-12-p0184,12,A,184,45,44,2,2,0.496953
book-12-p0185,12,A,185,42,40,0,0,
book-12-p0186,12,A,186,25,24,3,3,0.494282
book-12-p0187,12,A,187,47,43,0,0,
book-12-p0188,12,A,188,45,44,0,0,
book-12-p0189,12,A,189,47,43,1,1,0.508624
book-12-p0190,12,A,190,45,44,0,0,
book-12-p0191,12,A,191,47,45,1,1,0.265442
book-12-p0192,12,A,192,45,44,0,0,
book-12-p0193,12,A,193,27,24,1,1,0.583276
book-12-p0194,12,A,194,45,44,0,0,
book-12-p0195,12,A,195,45,43,1,1,0.429545
book-12-p0196,12,A,196,28,26,0,0,
book-12-p0197,12,A,197,46,44,1,1,0.244521
book-12-p0198,12,A,198,45,44,2,2,0.398306
book-12-p0199,12,A,199,46,43,1,1,0.578609
book-12-p0200,12,A,200,45,44,0,0,
book-12-p0201,12,A,201,47,43,0,0,
book-12-p0202,12,A,202,45,44,0,0,
book-12-p0203,12,A,203,26,23,1,1,0.465490
book-12-p0204,12,A,204,49,48,3,4,0.423025
book-12-p0205,12,A,205,38,36,0,0,
book-12-p0206,12,A,206,25,24,3,3,0.209828
book-12-p0207,12,A,207,46,43,0,0,
book-12-p0208,12,A,208,45,44,4,4,0.382776
book-12-p0209,12,A,209,46,43,0,0,
book-12-p0210,12,A,210,24,23,0,0,
book-12-p0211,12,A,211,47,43,0,0,
book-12-p0212,12,A,212,45,44,1,1,0.580654
book-12-p0213,12,A,213,47,43,2,2,0.452037
book-12-p0214,12,A,214,45,44,1,1,0.592073
book-12-p0215,12,A,215,43,39,1,1,0.589009
book-12-p0216,12,A,216,25,24,2,3,0.339856
book-12-p0217,12,A,217,47,43,1,1,0.590176
book-12-p0218,12,A,218,45,43,2,2,0.440658
book-12-p0219,12,A,219,46,43,1,1,0.549440
book-12-p0220,12,A,220,45,44,1,1,0.590574
book-12-p0221,12,A,221,45,43,0,0,
book-12-p0222,12,A,222,45,43,1,1,0.502065
book-12-p0223,12,A,223,31,28,2,2,0.355018
book-12-p0224,12,A,224,27,25,1,1,0.516428
book-12-p0225,12,A,225,47,43,3,3,0.454875
book-12-p0226,12,A,226,45,44,1,1,0.510987
book-12-p0227,12,A,227,47,43,0,0,
book-12-p0228,12,A,228,45,43,0,0,
book-12-p0229,12,A,229,41,37,2,2,0.420655
book-12-p0230,12,A,230,24,23,4,7,0.323397
book-12-p0231,12,A,231,46,43,1,1,0.505442
book-12-p0232,12,A,232,45,44,2,2,0.520361
book-12-p0233,12,A,233,44,41,2,2,0.455563
book-12-p0234,12,A,234,45,44,2,2,0.524173
book-12-p0235,12,A,235,25,22,1,1,0.578837
book-12-p0236,12,A,236,45,44,2,2,0.410670
book-12-p0237,12,A,237,47,45,1,1,0.521235
book-12-p0238,12,A,238,38,36,0,0,
book-12-p0239,12,A,239,28,24,1,1,0.556381
book-12-p0240,12,A,240,43,42,2,2,0.571661
book-12-p0241,12,A,241,45,41,1,1,0.526983
book-12-p0242,12,A,242,43,42,3,3,0.333542
book-12-p0243,12,A,243,43,40,1,1,0.579954
book-12-p0244,12,A,244,43,42,0,0,
book-12-p0245,12,A,245,46,44,3,3,0.520651
book-12-p0246,12,A,246,45,44,2,2,0.537318
book-12-p0247,12,A,247,46,44,1,1,0.509820
book-12-p0248,12,A,248,45,44,0,0,
book-12-p0249,12,A,249,27,23,0,0,
book-12-p0250,12,A,250,45,44,2,2,0.371445
book-12-p0251,12,A,251,47,45,0,0,
book-12-p0252,12,A,252,45,43,0,0,
book-12-p0253,12,A,253,47,43,1,1,0.514575
book-12-p0254,12,A,254,45,44,1,1,0.533588
book-12-p0255,12,A,255,26,23,1,1,0.586261
book-12-p0256,12,A,256,45,43,1,1,0.597223
book-12-p0257,12,A,257,46,44,0,0,
book-12-p0258,12,A,258,45,44,0,0,
book-12-p0259,12,A,259,46,43,1,1,0.559722
book-12-p0260,12,A,260,41,40,1,1,0.513944
book-12-p0261,12,A,261,46,44,0,0,
book-12-p0262,12,A,262,45,44,1,1,0.571847
book-12-p0263,12,A,263,26,23,0,0,
book-12-p0264,12,A,264,45,44,2,2,0.437940
book-12-p0265,12,A,265,47,43,1,1,0.558360
book-12-p0266,12,A,266,45,44,3,3,0.483095
book-12-p0267,12,A,267,46,44,2,2,0.529977
book-12-p0268,12,A,268,25,24,1,1,0.564709
book-12-p0269,12,A,269,46,44,2,2,0.525945
book-12-p0270,12,A,270,45,44,4,4,0.500970
book-12-p0271,12,A,271,47,43,2,2,0.564252
book-12-p0272,12,A,272,42,38,4,4,0.539427
book-12-p0273,12,A,273,47,43,2,2,0.539117
book-12-p0274,12,A,274,45,44,2,2,0.530921
book-12-p0275,12,A,275,47,44,0,0,
book-12-p0276,12,A,276,45,44,5,5,0.402516
book-12-p0277,12,A,277,47,43,1,1,0.384636
book-12-p0278,12,A,278,45,44,2,2,0.478653
book-12-p0279,12,A,279,46,43,0,0,
book-12-p0280,12,A,280,25,24,2,2,0.414774
book-12-p0281,12,A,281,45,44,1,1,0.531383
book-12-p0282,12,A,282,45,44,2,2,0.527150
book-12-p0283,12,A,283,41,38,0,0,
book-12-p0284,12,A,284,43,42,2,2,0.508047
book-12-p0285,12,A,285,46,43,0,0,
book-12-p0286,12,A,286,45,44,0,0,
book-12-p0287,12,A,287,46,44,0,0,
book-12-p0288,12,A,288,45,43,2,2,0.519969
book-12-p0289,12,A,289,42,39,0,0,
book-12-p0290,12,A,290,50,49,2,2,0.576487
book-12-p0291,12,A,291,45,44,2,2,0.346740
book-12-p0292,12,A,292,27,26,3,3,0.541322
book-12-p0293,12,A,293,45,44,0,0,
book-12-p0294,12,A,294,23,21,0,0,
book-12-p0295,12,A,295,46,44,2,2,0.551339
book-12-p0296,12,A,296,45,44,1,1,0.513373
book-12-p0297,12,A,297,47,45,0,0,
book-12-p0298,12,A,298,45,44,0,0,
book-12-p0299,12,A,299,39,35,1,1,0.562724
book-12-p0300,12,A,300,45,44,2,2,0.481404
book-12-p0301,12,A,301,47,44,0,0,
book-12-p0302,12,A,302,45,44,2,2,0.439001
book-12-p0303,12,A,303,46,43,2,2,0.528069
book-12-p0304,12,A,304,45,43,1,1,0.433729
book-12-p0305,12,A,305,25,23,0,0,
book-12-p0306,12,A,306,44,43,0,0,
book-12-p0307,12,A,307,46,44,0,0,
book-12-p0308,12,A,308,45,43,2,2,0.550228
book-12-p0309,12,A,309,26,21,0,0,
book-12-p0310,12,A,310,45,44,3,3,0.381443
book-12-p0311,12,A,311,47,43,0,0,
book-12-p0312,12,A,312,45,44,2,2,0.542941
book-12-p0313,12,A,313,46,45,1,1,0.444932
book-12-p0314,12,A,314,45,44,1,1,0.540250
book-12-p0315,12,A,315,24,22,2,2,0.370982
book-12-p0316,12,A,316,45,44,1,1,0.393322
book-12-p0317,12,A,317,44,42,0,0,
book-12-p0318,12,A,318,41,40,4,4,0.501216
book-12-p0319,12,A,319,47,45,1,1,0.521290
book-12-p0320,12,A,320,45,43,4,4,0.450731
book-12-p0321,12,A,321,47,43,2,3,0.536219
book-12-p0322,12,A,322,45,44,1,1,0.568733
book-12-p0323,12,A,323,26,22,1,1,0.541198
book-12-p0324,12,A,324,45,44,3,3,0.340275
book-12-p0325,12,A,325,47,44,0,0,
book-12-p0326,12,A,326,45,44,3,3,0.498751
book-12-p0327,12,A,327,43,41,0,0,
book-12-p0328,12,A,328,41,39,0,0,
book-12-p0329,12,A,329,46,43,1,1,0.498118
book-12-p0330,12,A,330,45,43,0,0,
book-12-p0331,12,A,331,27,23,3,3,0.505672
book-12-p0332,12,A,332,45,44,0,0,
book-12-p0333,12,A,333,47,44,1,1,0.532000
book-12-p0334,12,A,334,45,44,0,0,
book-12-p0335,12,A,335,47,45,1,1,0.471490
book-12-p0336,12,A,336,45,44,2,2,0.519165
book-12-p0337,12,A,337,45,41,2,2,0.278598
book-12-p0338,12,A,338,28,27,2,2,0.515286
book-12-p0339,12,A,339,46,43,3,3,0.511406
book-12-p0340,12,A,340,52,39,1,1,0.553413
book-12-p0341,12,A,341,44,42,4,4,0.475661
book-12-p0342,12,A,342,44,43,0,0,
book-12-p0343,12,A,343,47,43,2,2,0.563480
book-12-p0344,12,A,344,45,43,0,0,
book-12-p0345,12,A,345,46,45,2,2,0.326976
book-12-p0346,12,A,346,45,44,0,0,
book-12-p0347,12,A,347,47,45,2,3,0.520262
book-12-p0348,12,A,348,45,44,0,0,
book-12-p0349,12,A,349,47,44,1,1,0.402752
book-12-p0350,12,A,350,40,39,3,3,0.217785
book-12-p0351,12,A,351,43,40,1,1,0.296969
book-12-p0352,12,A,352,25,24,1,1,0.268671
book-12-p0353,12,A,353,46,44,1,1,0.477854
book-12-p0354,12,A,354,45,43,2,2,0.509879
book-12-p0355,12,A,355,53,48,1,1,0.556152
book-12-p0356,12,A,356,45,44,2,2,0.528772
book-12-p0357,12,A,357,47,44,2,2,0.461400
book-12-p0358,12,A,358,45,44,2,2,0.243602
book-12-p0359,12,A,359,47,44,3,3,0.463535
book-12-p0360,12,A,360,43,41,2,2,0.493711
book-12-p0361,12,A,361,23,20,0,0,
book-12-p0362,12,A,362,45,44,3,3,0.502729
book-12-p0363,12,A,363,46,44,1,1,0.501366
book-12-p0364,12,A,364,45,44,2,2,0.552602
book-12-p0365,12,A,365,41,40,2,2,0.385708
book-12-p0366,12,A,366,45,44,2,3,0.354978
book-12-p0367,12,A,367,46,45,1,1,0.563521
book-12-p0368,12,A,368,41,39,3,3,0.314136
book-12-p0369,12,A,369,46,43,0,0,
book-12-p0370,12,A,370,34,32,1,1,0.495324
book-12-p0371,12,A,371,30,27,1,1,0.521103
book-12-p0372,12,A,372,45,43,1,1,0.581732
book-12-p0373,12,A,373,43,40,1,1,0.343046
book-12-p0374,12,A,374,43,41,1,1,0.546342
book-12-p0375,12,A,375,43,41,0,0,
book-12-p0376,12,A,376,45,44,1,1,0.585693
book-12-p0377,12,A,377,45,43,0,0,
book-12-p0378,12,A,378,45,44,2,2,0.560308
book-12-p0379,12,A,379,27,24,1,1,0.506456
book-12-p0380,12,A,380,45,44,0,0,
book-12-p0381,12,A,381,42,37,0,0,
book-12-p0382,12,A,382,44,42,2,2,0.515976
book-12-p0383,12,A,383,46,44,3,3,0.395296
book-12-p0384,12,A,384,45,44,1,1,0.506433
book-12-p0385,12,A,385,43,41,1,1,0.545418
book-12-p0386,12,A,386,45,43,1,1,0.571841
book-12-p0387,12,A,387,45,44,3,3,0.543794
book-12-p0388,12,A,388,42,40,2,2,0.533753
book-12-p0389,12,A,389,26,25,2,2,0.321928
book-12-p0390,12,A,390,45,44,0,0,
book-12-p0391,12,A,391,46,43,1,1,0.582889
book-12-p0392,12,A,392,44,43,3,3,0.513230
book-12-p0393,12,A,393,45,42,2,2,0.513199
book-12-p0394,12,A,394,41,40,0,0,
book-12-p0395,12,A,395,46,45,2,2,0.403043
book-12-p0396,12,A,396,45,43,1,1,0.540165
book-12-p0397,12,A,397,29,25,1,1,0.596532
book-12-p0398,12,A,398,45,43,0,0,
book-12-p0399,12,A,399,46,44,2,2,0.519744
book-12-p0400,12,A,400,45,44,2,4,0.519728
book-12-p0401,12,A,401,44,41,0,0,
book-12-p0402,12,A,402,41,35,1,1,0.522567
book-12-p0403,12,A,403,47,43,0,0,
book-12-p0404,12,A,404,45,43,1,1,0.565175
book-12-p0405,12,A,405,47,43,0,0,
book-12-p0406,12,A,406,25,24,3,3,0.563792
book-12-p0407,12,A,407,46,45,3,4,0.278849
book-12-p0408,12,A,408,45,44,0,0,
book-12-p0409,12,A,409,39,36,0,0,
book-12-p0410,12,A,410,43,42,0,0,
book-12-p0411,12,A,411,45,44,4,4,0.470348
book-12-p0412,12,A,412,45,43,1,1,0.549893
book-12-p0413,12,A,413,43,42,1,1,0.588020
book-12-p0414,12,A,414,42,40,2,2,0.564388
book-12-p0415,12,A,415,46,44,0,0,
book-12-p0416,12,A,416,45,44,1,1,0.536097
book-12-p0417,12,A,417,47,44,0,0,
book-12-p0418,12,A,418,22,20,0,0,
book-12-p0419,12,A,419,48,46,3,3,0.359380
book-12-p0420,12,A,420,45,43,1,1,0.585201
book-12-p0421,12,A,421,46,42,1,1,0.512398
book-12-p0422,12,A,422,26,24,0,0,
book-12-p0423,12,A,423,46,43,0,0,
book-12-p0424,12,A,424,45,43,1,1,0.507444
book-12-p0425,12,A,425,46,44,2,2,0.564941
book-12-p0426,12,A,426,45,44,0,0,
book-12-p0427,12,A,427,47,43,0,0,
book-12-p0428,12,A,428,25,24,1,1,0.488573
book-12-p0429,12,A,429,45,41,0,0,
book-12-p0430,12,A,430,40,38,2,2,0.488295
book-12-p0431,12,A,431,47,45,3,3,0.401182
book-12-p0432,12,A,432,45,43,2,2,0.254307
book-12-p0433,12,A,433,46,44,2,2,0.373119
book-12-p0434,12,A,434,42,41,4,5,0.559116
book-12-p0435,12,A,435,46,43,1,1,0.524639
book-12-p0436,12,A,436,45,44,0,0,
book-12-p0437,12,A,437,43,41,1,1,0.523301
book-12-p0438,12,A,438,40,38,4,4,0.439182
book-12-p0439,12,A,439,47,44,0,0,
book-12-p0440,12,A,440,45,44,0,0,
book-12-p0441,12,A,441,47,45,4,4,0.443421
book-12-p0442,12,A,442,40,38,1,1,0.530254
book-12-p0443,12,A,443,46,45,2,2,0.567196
book-12-p0444,12,A,444,45,43,0,0,
book-12-p0445,12,A,445,30,26,0,0,
book-12-p0446,12,A,446,45,44,3,3,0.418872
book-12-p0447,12,A,447,46,44,0,0,
book-12-p0448,12,A,448,40,38,2,2,0.505029
book-12-p0449,12,A,449,43,42,1,1,0.593910
book-12-p0450,12,A,450,45,43,1,1,0.515850
book-12-p0451,12,A,451,46,45,1,1,0.587364
book-12-p0452,12,A,452,40,38,2,2,0.547567
book-12-p0453,12,A,453,46,45,1,1,0.441960
book-12-p0454,12,A,454,45,43,0,0,
book-12-p0455,12,A,455,46,44,2,2,0.550531
book-12-p0456,12,A,456,42,40,2,2,0.367971
book-12-p0457,12,A,457,47,45,1,1,0.326172
book-12-p0458,12,A,458,45,44,1,1,0.582375
book-12-p0459,12,A,459,45,44,1,1,0.530396
book-12-p0460,12,A,460,45,44,0,0,
book-12-p0461,12,A,461,39,37,2,2,0.504442
book-12-p0462,12,A,462,28,26,0,0,
book-12-p0463,12,A,463,46,45,0,0,
book-12-p0464,12,A,464,42,41,0,0,
book-12-p0465,12,A,465,46,45,2,2,0.481542
book-12-p0466,12,A,466,45,44,0,0,
book-12-p0467,12,A,467,46,45,2,2,0.382567
book-12-p0468,12,A,468,38,36,2,3,0.411767
book-12-p0469,12,A,469,30,27,0,0,
book-12-p0470,12,A,470,45,44,1,1,0.242890
book-12-p0471,12,A,471,45,44,0,0,
book-12-p0472,12,A,472,45,43,1,1,0.540628
book-12-p0473,12,A,473,45,44,6,6,0.513198
book-12-p0474,12,A,474,43,41,0,0,
book-12-p0475,12,A,475,43,42,3,3,0.509325
book-12-p0476,12,A,476,44,43,1,1,0.595009
book-12-p0477,12,A,477,45,44,5,5,0.506670
book-12-p0478,12,A,478,45,43,1,1,0.598671
book-12-p0479,12,A,479,46,44,1,1,0.479277
book-12-p0480,12,A,480,45,43,2,2,0.529353
book-12-p0481,12,A,481,44,41,1,1,0.569947
book-12-p0482,12,A,482,43,42,2,2,0.525903
book-12-p0483,12,A,483,45,44,1,1,0.469856
book-12-p0484,12,A,484,45,44,3,3,0.319970
book-12-p0485,12,A,485,45,44,0,0,
book-12-p0486,12,A,486,42,41,2,2,0.368630
book-12-p0487,12,A,487,46,44,3,4,0.461681
book-12-p0488,12,A,488,45,44,0,0,
book-12-p0489,12,A,489,46,45,2,2,0.370970
book-12-p0490,12,A,490,45,44,1,1,0.543012
book-12-p0491,12,A,491,79,40,3,3,0.548898
book-12-p0492,12,A,492,26,25,3,4,0.363931
book-12-p0493,12,A,493,46,44,2,2,0.534126
book-12-p0494,12,A,494,42,41,0,0,
book-12-p0495,12,A,495,45,43,2,2,0.508447
book-12-p0496,12,A,496,43,42,3,3,0.475529
book-12-p0497,12,A,497,42,41,2,2,0.372896
book-12-p0498,12,A,498,14,13,1,1,0.381854
book-12-p0499,12,A,499,0,0,0,0,
book-12-p0500,12,A,500,0,0,0,0,
book-12-p0501,12,A,501,0,0,0,0,
book-12-p0502,12,A,502,1,1,1,3,0.146462
book-12-p0503,12,A,503,4,4,4,6,0.179801
book-12-p0504,12,A,504,0,0,0,0,
book-12-p0505,12,A,505,0,0,0,0,
book-13-p0001,13,B,1,7,6,5,10,0.266960
book-13-p0002,13,B,2,36,35,21,37,0.248771
book-13-p0003,13,B,3,1,1,0,0,
book-13-p0004,13,B,4,0,0,0,0,
book-13-p0005,13,B,5,0,0,0,0,
book-13-p0006,13,B,6,0,0,0,0,
book-13-p0007,13,B,7,27,21,3,3,0.341957
book-13-p0008,13,B,8,27,23,4,4,0.455123
book-13-p0009,13,B,9,20,18,0,0,
book-13-p0010,13,B,10,21,20,1,1,0.561935
book-13-p0011,13,B,11,22,20,0,0,
book-13-p0012,13,B,12,21,20,0,0,
book-13-p0013,13,B,13,22,20,0,0,
book-13-p0014,13,B,14,21,20,0,0,
book-13-p0015,13,B,15,21,20,0,0,
book-13-p0016,13,B,16,21,20,1,1,0.592171
book-13-p0017,13,B,17,21,20,1,1,0.539617
book-13-p0018,13,B,18,21,20,1,1,0.591271
book-13-p0019,13,B,19,21,20,0,0,
book-13-p0020,13,B,20,17,13,1,1,0.223761
book-13-p0021,13,B,21,18,17,1,1,0.529058
book-13-p0022,13,B,22,22,20,0,0,
book-13-p0023,13,B,23,24,22,4,6,0.482544
book-13-p0024,13,B,24,21,20,1,1,0.520169
book-13-p0025,13,B,25,21,20,2,2,0.438135
book-13-p0026,13,B,26,21,20,0,0,
book-13-p0027,13,B,27,22,21,4,4,0.522123
book-13-p0028,13,B,28,21,20,0,0,
book-13-p0029,13,B,29,21,20,0,0,
book-13-p0030,13,B,30,21,20,4,4,0.500822
book-13-p0031,13,B,31,22,20,1,1,0.532095
book-13-p0032,13,B,32,21,20,1,1,0.518702
book-13-p0033,13,B,33,21,20,3,4,0.159063
book-13-p0034,13,B,34,21,20,3,3,0.309599
book-13-p0035,13,B,35,21,20,0,0,
book-13-p0036,13,B,36,21,20,3,3,0.485146
book-13-p0037,13,B,37,21,20,0,0,
book-13-p0038,13,B,38,18,17,5,5,0.501012
book-13-p0039,13,B,39,21,19,2,3,0.383856
book-13-p0040,13,B,40,22,21,2,2,0.536491
book-13-p0041,13,B,41,24,23,1,1,0.511320
book-13-p0042,13,B,42,25,24,4,4,0.469776
book-13-p0043,13,B,43,23,21,1,1,0.464659
book-13-p0044,13,B,44,24,23,1,1,0.577572
book-13-p0045,13,B,45,26,24,0,0,
book-13-p0046,13,B,46,24,23,1,1,0.380683
book-13-p0047,13,B,47,26,23,0,0,
book-13-p0048,13,B,48,22,21,2,2,0.371264
book-13-p0049,13,B,49,26,24,0,0,
book-13-p0050,13,B,50,24,23,1,1,0.449056
book-13-p0051,13,B,51,20,19,2,2,0.389801
book-13-p0052,13,B,52,24,23,2,2,0.524964
book-13-p0053,13,B,53,22,21,0,0,
book-13-p0054,13,B,54,23,22,2,2,0.512249
book-13-p0055,13,B,55,24,23,1,1,0.569282
book-13-p0056,13,B,56,24,23,2,2,0.423493
book-13-p0057,13,B,57,25,24,0,0,
book-13-p0058,13,B,58,25,23,0,0,
book-13-p0059,13,B,59,23,21,2,2,0.265043
book-13-p0060,13,B,60,24,23,0,0,
book-13-p0061,13,B,61,26,23,1,1,0.540426
book-13-p0062,13,B,62,24,23,1,1,0.549766
book-13-p0063,13,B,63,26,23,1,1,0.290119
book-13-p0064,13,B,64,24,23,1,1,0.464737
book-13-p0065,13,B,65,26,22,2,3,0.559791
book-13-p0066,13,B,66,22,21,0,0,
book-13-p0067,13,B,67,25,23,2,2,0.504671
book-13-p0068,13,B,68,24,23,0,0,
book-13-p0069,13,B,69,24,23,0,0,
book-13-p0070,13,B,70,22,21,0,0,
book-13-p0071,13,B,71,22,21,3,3,0.506570
book-13-p0072,13,B,72,23,22,1,1,0.558766
book-13-p0073,13,B,73,22,21,3,3,0.583036
book-13-p0074,13,B,74,25,23,0,0,
book-13-p0075,13,B,75,25,24,0,0,
book-13-p0076,13,B,76,23,22,0,0,
book-13-p0077,13,B,77,25,23,2,2,0.526514
book-13-p0078,13,B,78,24,23,1,1,0.585711
book-13-p0079,13,B,79,25,22,0,0,
book-13-p0080,13,B,80,22,21,1,1,0.288263
book-13-p0081,13,B,81,25,23,1,1,0.542825
book-13-p0082,13,B,82,24,23,0,0,
book-13-p0083,13,B,83,24,23,0,0,
book-13-p0084,13,B,84,24,23,1,1,0.592225
book-13-p0085,13,B,85,24,23,0,0,
book-13-p0086,13,B,86,24,23,0,0,
book-13-p0087,13,B,87,25,23,0,0,
book-13-p0088,13,B,88,24,23,1,1,0.585222
book-13-p0089,13,B,89,23,21,0,0,
book-13-p0090,13,B,90,25,23,1,1,0.530391
book-13-p0091,13,B,91,25,23,1,1,0.230623
book-13-p0092,13,B,92,24,23,0,0,
book-13-p0093,13,B,93,24,23,1,1,0.410069
book-13-p0094,13,B,94,24,23,2,2,0.546171
book-13-p0095,13,B,95,25,23,1,1,0.596514
book-13-p0096,13,B,96,24,23,0,0,
book-13-p0097,13,B,97,24,22,0,0,
book-13-p0098,13,B,98,25,23,2,2,0.487451
book-13-p0099,13,B,99,24,23,1,1,0.192490
book-13-p0100,13,B,100,24,23,1,1,0.544493
book-13-p0101,13,B,101,25,23,0,0,
book-13-p0102,13,B,102,24,23,1,1,0.599943
book-13-p0103,13,B,103,24,23,1,1,0.370596
book-13-p0104,13,B,104,24,23,0,0,
book-13-p0105,13,B,105,24,22,2,2,0.576911
book-13-p0106,13,B,106,25,23,0,0,
book-13-p0107,13,B,107,25,23,1,1,0.521919
book-13-p0108,13,B,108,24,23,0,0,
book-13-p0109,13,B,109,26,23,0,0,
book-13-p0110,13,B,110,24,23,1,1,0.538633
book-13-p0111,13,B,111,26,23,2,2,0.457253
book-13-p0112,13,B,112,23,22,2,2,0.435286
book-13-p0113,13,B,113,26,24,0,0,
book-13-p0114,13,B,114,24,23,0,0,
book-13-p0115,13,B,115,24,23,0,0,
book-13-p0116,13,B,116,24,23,0,0,
book-13-p0117,13,B,117,25,24,0,0,
book-13-p0118,13,B,118,23,22,0,0,
book-13-p0119,13,B,119,24,23,0,0,
book-13-p0120,13,B,120,24,23,1,1,0.482197
book-13-p0121,13,B,121,25,23,0,0,
book-13-p0122,13,B,122,25,24,0,0,
book-13-p0123,13,B,123,25,23,2,3,0.392781
book-13-p0124,13,B,124,24,23,1,1,0.456950
book-13-p0125,13,B,125,25,23,0,0,
book-13-p0126,13,B,126,24,23,0,0,
book-13-p0127,13,B,127,25,24,1,1,0.317102
book-13-p0128,13,B,128,24,23,0,0,
book-13-p0129,13,B,129,25,23,1,1,0.565726
book-13-p0130,13,B,130,23,22,0,0,
book-13-p0131,13,B,131,23,22,3,3,0.343056
book-13-p0132,13,B,132,24,23,0,0,
book-13-p0133,13,B,133,24,23,0,0,
book-13-p0134,13,B,134,24,23,0,0,
book-13-p0135,13,B,135,25,24,0,0,
book-13-p0136,13,B,136,24,23,0,0,
book-13-p0137,13,B,137,24,23,1,1,0.213569
book-13-p0138,13,B,138,24,23,0,0,
book-13-p0139,13,B,139,24,23,0,0,
book-13-p0140,13,B,140,24,23,0,0,
book-13-p0141,13,B,141,22,21,1,1,0.179096
book-13-p0142,13,B,142,24,23,0,0,
book-13-p0143,13,B,143,25,23,2,2,0.437666
book-13-p0144,13,B,144,24,23,0,0,
book-13-p0145,13,B,145,26,23,0,0,
book-13-p0146,13,B,146,24,23,1,1,0.577912
book-13-p0147,13,B,147,24,23,0,0,
book-13-p0148,13,B,148,24,23,0,0,
book-13-p0149,13,B,149,25,23,0,0,
book-13-p0150,13,B,150,24,23,0,0,
book-13-p0151,13,B,151,23,22,1,1,0.566162
book-13-p0152,13,B,152,24,23,0,0,
book-13-p0153,13,B,153,25,23,0,0,
book-13-p0154,13,B,154,25,23,0,0,
book-13-p0155,13,B,155,25,23,0,0,
book-13-p0156,13,B,156,24,23,0,0,
book-13-p0157,13,B,157,25,23,1,1,0.133143
book-13-p0158,13,B,158,24,23,3,3,0.580310
book-13-p0159,13,B,159,25,23,0,0,
book-13-p0160,13,B,160,24,23,0,0,
book-13-p0161,13,B,161,26,23,1,1,0.505999
book-13-p0162,13,B,162,24,23,0,0,
book-13-p0163,13,B,163,24,23,0,0,
book-13-p0164,13,B,164,24,23,0,0,
book-13-p0165,13,B,165,24,23,0,0,
book-13-p0166,13,B,166,24,23,0,0,
book-13-p0167,13,B,167,25,24,0,0,
book-13-p0168,13,B,168,24,23,0,0,
book-13-p0169,13,B,169,25,23,0,0,
book-13-p0170,13,B,170,25,23,2,2,0.327888
book-13-p0171,13,B,171,25,23,2,2,0.264992
book-13-p0172,13,B,172,24,23,1,1,0.592291
book-13-p0173,13,B,173,24,23,0,0,
book-13-p0174,13,B,174,23,22,0,0,
book-13-p0175,13,B,175,25,23,0,0,
book-13-p0176,13,B,176,24,23,0,0,
book-13-p0177,13,B,177,25,23,1,1,0.448624
book-13-p0178,13,B,178,24,23,0,0,
book-13-p0179,13,B,179,24,23,2,2,0.537924
book-13-p0180,13,B,180,24,23,0,0,
book-13-p0181,13,B,181,25,23,0,0,
book-13-p0182,13,B,182,24,23,1,1,0.568613
book-13-p0183,13,B,183,25,23,0,0,
book-13-p0184,13,B,184,24,23,0,0,
book-13-p0185,13,B,185,22,21,3,3,0.367028
book-13-p0186,13,B,186,25,23,0,0,
book-13-p0187,13,B,187,25,23,0,0,
book-13-p0188,13,B,188,24,23,0,0,
book-13-p0189,13,B,189,26,23,1,1,0.233577
book-13-p0190,13,B,190,24,23,0,0,
book-13-p0191,13,B,191,24,22,1,1,0.513061
book-13-p0192,13,B,192,24,23,1,1,0.592773
book-13-p0193,13,B,193,25,23,0,0,
book-13-p0194,13,B,194,24,23,2,2,0.522336
book-13-p0195,13,B,195,24,23,1,1,0.575132
book-13-p0196,13,B,196,23,22,1,1,0.576895
book-13-p0197,13,B,197,25,24,2,2,0.528428
book-13-p0198,13,B,198,24,23,1,1,0.536635
book-13-p0199,13,B,199,24,23,1,1,0.362689
book-13-p0200,13,B,200,24,23,0,0,
book-13-p0201,13,B,201,24,23,3,3,0.448720
book-13-p0202,13,B,202,25,23,0,0,
book-13-p0203,13,B,203,25,23,0,0,
book-13-p0204,13,B,204,24,23,1,1,0.369031
book-13-p0205,13,B,205,26,24,0,0,
book-13-p0206,13,B,206,24,23,0,0,
book-13-p0207,13,B,207,25,23,0,0,
book-13-p0208,13,B,208,22,21,1,1,0.461151
book-13-p0209,13,B,209,25,23,0,0,
book-13-p0210,13,B,210,24,23,1,1,0.516101
book-13-p0211,13,B,211,24,23,1,1,0.393702
book-13-p0212,13,B,212,24,23,0,0,
book-13-p0213,13,B,213,24,23,1,1,0.564602
book-13-p0214,13,B,214,24,23,0,0,
book-13-p0215,13,B,215,24,23,0,0,
book-13-p0216,13,B,216,24,23,0,0,
book-13-p0217,13,B,217,24,24,1,1,0.379206
book-13-p0218,13,B,218,25,23,1,1,0.596915
book-13-p0219,13,B,219,25,23,0,0,
book-13-p0220,13,B,220,22,21,0,0,
book-13-p0221,13,B,221,27,23,0,0,
book-13-p0222,13,B,222,24,23,0,0,
book-13-p0223,13,B,223,25,23,1,1,0.593479
book-13-p0224,13,B,224,25,24,1,1,0.554728
book-13-p0225,13,B,225,25,23,0,0,
book-13-p0226,13,B,226,24,23,0,0,
book-13-p0227,13,B,227,24,23,1,1,0.534716
book-13-p0228,13,B,228,22,21,1,1,0.522263
book-13-p0229,13,B,229,25,24,1,1,0.598003
book-13-p0230,13,B,230,24,23,1,1,0.568452
book-13-p0231,13,B,231,24,23,0,0,
book-13-p0232,13,B,232,24,23,0,0,
book-13-p0233,13,B,233,23,22,2,2,0.475754
book-13-p0234,13,B,234,25,23,0,0,
book-13-p0235,13,B,235,24,23,0,0,
book-13-p0236,13,B,236,24,23,0,0,
book-13-p0237,13,B,237,24,23,1,1,0.528780
book-13-p0238,13,B,238,24,23,2,2,0.451445
book-13-p0239,13,B,239,25,23,1,1,0.543801
book-13-p0240,13,B,240,24,23,0,0,
book-13-p0241,13,B,241,26,23,0,0,
book-13-p0242,13,B,242,24,23,0,0,
book-13-p0243,13,B,243,25,23,0,0,
book-13-p0244,13,B,244,23,22,0,0,
book-13-p0245,13,B,245,24,23,1,1,0.588344
book-13-p0246,13,B,246,24,23,0,0,
book-13-p0247,13,B,247,25,23,2,4,0.288605
book-13-p0248,13,B,248,24,23,1,1,0.318645
book-13-p0249,13,B,249,24,23,0,0,
book-13-p0250,13,B,250,23,21,2,2,0.512950
book-13-p0251,13,B,251,25,23,1,1,0.442623
book-13-p0252,13,B,252,24,23,0,0,
book-13-p0253,13,B,253,24,23,0,0,
book-13-p0254,13,B,254,24,23,0,0,
book-13-p0255,13,B,255,24,23,0,0,
book-13-p0256,13,B,256,24,23,0,0,
book-13-p0257,13,B,257,25,23,0,0,
book-13-p0258,13,B,258,24,23,1,1,0.461897
book-13-p0259,13,B,259,24,23,0,0,
book-13-p0260,13,B,260,24,23,1,1,0.579395
book-13-p0261,13,B,261,24,23,1,1,0.511967
book-13-p0262,13,B,262,23,22,0,0,
book-13-p0263,13,B,263,25,24,0,0,
book-13-p0264,13,B,264,24,23,0,0,
book-13-p0265,13,B,265,22,21,1,1,0.463708
book-13-p0266,13,B,266,25,23,0,0,
book-13-p0267,13,B,267,26,23,0,0,
book-13-p0268,13,B,268,24,23,0,0,
book-13-p0269,13,B,269,24,23,1,1,0.311911
book-13-p0270,13,B,270,24,23,0,0,
book-13-p0271,13,B,271,25,23,0,0,
book-13-p0272,13,B,272,24,23,0,0,
book-13-p0273,13,B,273,25,21,0,0,
book-13-p0274,13,B,274,24,23,0,0,
book-13-p0275,13,B,275,25,23,0,0,
book-13-p0276,13,B,276,24,23,0,0,
book-13-p0277,13,B,277,23,22,4,4,0.321622
book-13-p0278,13,B,278,24,23,0,0,
book-13-p0279,13,B,279,24,23,2,2,0.291779
book-13-p0280,13,B,280,24,23,1,1,0.278870
book-13-p0281,13,B,281,24,23,1,1,0.529839
book-13-p0282,13,B,282,25,23,0,0,
book-13-p0283,13,B,283,25,24,0,0,
book-13-p0284,13,B,284,24,23,1,1,0.310111
book-13-p0285,13,B,285,24,23,0,0,
book-13-p0286,13,B,286,24,23,0,0,
book-13-p0287,13,B,287,23,21,0,0,
book-13-p0288,13,B,288,24,23,1,1,0.563798
book-13-p0289,13,B,289,23,21,0,0,
book-13-p0290,13,B,290,22,21,0,0,
book-13-p0291,13,B,291,24,23,1,1,0.355432
book-13-p0292,13,B,292,24,23,0,0,
book-13-p0293,13,B,293,25,24,2,2,0.510728
book-13-p0294,13,B,294,24,23,1,1,0.504192
book-13-p0295,13,B,295,25,24,0,0,
book-13-p0296,13,B,296,24,23,2,2,0.164248
book-13-p0297,13,B,297,24,23,0,0,
book-13-p0298,13,B,298,25,23,0,0,
book-13-p0299,13,B,299,26,23,0,0,
book-13-p0300,13,B,300,24,23,0,0,
book-13-p0301,13,B,301,26,23,0,0,
book-13-p0302,13,B,302,24,23,0,0,
book-13-p0303,13,B,303,26,23,0,0,
book-13-p0304,13,B,304,24,23,0,0,
book-13-p0305,13,B,305,26,24,0,0,
book-13-p0306,13,B,306,23,22,0,0,
book-13-p0307,13,B,307,24,23,0,0,
book-13-p0308,13,B,308,24,23,0,0,
book-13-p0309,13,B,309,25,23,1,1,0.298410
book-13-p0310,13,B,310,24,23,0,0,
book-13-p0311,13,B,311,25,23,1,1,0.359918
book-13-p0312,13,B,312,24,23,0,0,
book-13-p0313,13,B,313,25,24,1,1,0.536854
book-13-p0314,13,B,314,23,21,0,0,
book-13-p0315,13,B,315,26,23,1,1,0.499602
book-13-p0316,13,B,316,22,21,0,0,
book-13-p0317,13,B,317,23,22,1,1,0.385161
book-13-p0318,13,B,318,23,22,1,1,0.313098
book-13-p0319,13,B,319,25,23,0,0,
book-13-p0320,13,B,320,24,23,0,0,
book-13-p0321,13,B,321,26,23,0,0,
book-13-p0322,13,B,322,24,23,0,0,
book-13-p0323,13,B,323,25,23,1,1,0.552940
book-13-p0324,13,B,324,24,23,0,0,
book-13-p0325,13,B,325,24,23,0,0,
book-13-p0326,13,B,326,24,23,0,0,
book-13-p0327,13,B,327,25,23,1,1,0.447001
book-13-p0328,13,B,328,24,23,0,0,
book-13-p0329,13,B,329,25,23,1,1,0.545224
book-13-p0330,13,B,330,25,23,0,0,
book-13-p0331,13,B,331,25,23,1,1,0.599309
book-13-p0332,13,B,332,24,23,2,2,0.501032
book-13-p0333,13,B,333,25,24,1,1,0.476431
book-13-p0334,13,B,334,24,23,1,1,0.590270
book-13-p0335,13,B,335,23,21,1,1,0.528820
book-13-p0336,13,B,336,24,23,0,0,
book-13-p0337,13,B,337,23,21,0,0,
book-13-p0338,13,B,338,24,23,0,0,
book-13-p0339,13,B,339,25,24,0,0,
book-13-p0340,13,B,340,24,23,0,0,
book-13-p0341,13,B,341,24,23,0,0,
book-13-p0342,13,B,342,24,23,0,0,
book-13-p0343,13,B,343,25,23,0,0,
book-13-p0344,13,B,344,24,23,0,0,
book-13-p0345,13,B,345,25,23,1,1,0.545455
book-13-p0346,13,B,346,25,23,0,0,
book-13-p0347,13,B,347,25,23,0,0,
book-13-p0348,13,B,348,24,23,0,0,
book-13-p0349,13,B,349,25,24,0,0,
book-13-p0350,13,B,350,24,23,0,0,
book-13-p0351,13,B,351,26,24,0,0,
book-13-p0352,13,B,352,24,23,0,0,
book-13-p0353,13,B,353,27,24,0,0,
book-13-p0354,13,B,354,24,23,0,0,
book-13-p0355,13,B,355,25,24,0,0,
book-13-p0356,13,B,356,24,23,0,0,
book-13-p0357,13,B,357,25,24,0,0,
book-13-p0358,13,B,358,24,23,0,0,
book-13-p0359,13,B,359,25,24,1,1,0.551424
book-13-p0360,13,B,360,24,23,2,2,0.319617
book-13-p0361,13,B,361,24,23,1,1,0.528432
book-13-p0362,13,B,362,23,21,0,0,
book-13-p0363,13,B,363,25,23,0,0,
book-13-p0364,13,B,364,22,21,0,0,
book-13-p0365,13,B,365,25,23,0,0,
book-13-p0366,13,B,366,24,23,0,0,
book-13-p0367,13,B,367,26,24,1,1,0.370490
book-13-p0368,13,B,368,24,23,1,1,0.508633
book-13-p0369,13,B,369,24,22,2,2,0.295582
book-13-p0370,13,B,370,23,22,3,3,0.502762
book-13-p0371,13,B,371,25,22,0,0,
book-13-p0372,13,B,372,24,23,1,1,0.510652
book-13-p0373,13,B,373,24,23,0,0,
book-13-p0374,13,B,374,24,23,1,1,0.592676
book-13-p0375,13,B,375,25,23,1,1,0.342155
book-13-p0376,13,B,376,24,23,0,0,
book-13-p0377,13,B,377,24,23,0,0,
book-13-p0378,13,B,378,25,23,1,1,0.423907
book-13-p0379,13,B,379,25,23,1,1,0.325348
book-13-p0380,13,B,380,24,23,0,0,
book-13-p0381,13,B,381,24,23,0,0,
book-13-p0382,13,B,382,24,23,0,0,
book-13-p0383,13,B,383,25,24,0,0,
book-13-p0384,13,B,384,24,23,0,0,
book-13-p0385,13,B,385,25,23,0,0,
book-13-p0386,13,B,386,24,23,0,0,
book-13-p0387,13,B,387,24,22,0,0,
book-13-p0388,13,B,388,24,23,0,0,
book-13-p0389,13,B,389,24,23,1,1,0.301219
book-13-p0390,13,B,390,23,22,2,3,0.465388
book-13-p0391,13,B,391,25,24,1,1,0.581515
book-13-p0392,13,B,392,24,23,2,2,0.396595
book-13-p0393,13,B,393,25,24,0,0,
book-13-p0394,13,B,394,25,23,2,2,0.321876
book-13-p0395,13,B,395,26,24,0,0,
book-13-p0396,13,B,396,24,23,0,0,
book-13-p0397,13,B,397,26,24,1,1,0.595222
book-13-p0398,13,B,398,24,23,1,1,0.130444
book-13-p0399,13,B,399,26,23,1,1,0.301935
book-13-p0400,13,B,400,27,26,1,1,0.381151
book-13-p0401,13,B,401,28,26,2,3,0.272310
book-13-p0402,13,B,402,24,23,0,0,
book-13-p0403,13,B,403,25,23,1,1,0.423000
book-13-p0404,13,B,404,24,23,0,0,
book-13-p0405,13,B,405,25,24,0,0,
book-13-p0406,13,B,406,24,23,1,1,0.247365
book-13-p0407,13,B,407,22,21,1,1,0.420702
book-13-p0408,13,B,408,24,23,2,2,0.332906
book-13-p0409,13,B,409,22,21,1,1,0.556924
book-13-p0410,13,B,410,25,24,1,1,0.492205
book-13-p0411,13,B,411,25,23,1,1,0.492321
book-13-p0412,13,B,412,24,23,0,0,
book-13-p0413,13,B,413,25,23,1,1,0.461739
book-13-p0414,13,B,414,22,21,0,0,
book-13-p0415,13,B,415,25,23,0,0,
book-13-p0416,13,B,416,24,23,2,2,0.284904
book-13-p0417,13,B,417,25,23,1,1,0.279251
book-13-p0418,13,B,418,24,23,0,0,
book-13-p0419,13,B,419,24,23,1,1,0.516121
book-13-p0420,13,B,420,24,23,0,0,
book-13-p0421,13,B,421,24,23,0,0,
book-13-p0422,13,B,422,24,23,0,0,
book-13-p0423,13,B,423,24,23,0,0,
book-13-p0424,13,B,424,24,23,0,0,
book-13-p0425,13,B,425,24,23,0,0,
book-13-p0426,13,B,426,25,23,2,2,0.253355
book-13-p0427,13,B,427,26,23,2,2,0.458498
book-13-p0428,13,B,428,23,22,1,1,0.333901
book-13-p0429,13,B,429,25,22,0,0,
book-13-p0430,13,B,430,22,21,2,2,0.334571
book-13-p0431,13,B,431,26,23,0,0,
book-13-p0432,13,B,432,22,21,1,1,0.527832
book-13-p0433,13,B,433,26,24,0,0,
book-13-p0434,13,B,434,22,21,2,2,0.526503
book-13-p0435,13,B,435,24,23,1,1,0.523870
book-13-p0436,13,B,436,25,24,1,1,0.524540
book-13-p0437,13,B,437,25,24,0,0,
book-13-p0438,13,B,438,24,23,0,0,
book-13-p0439,13,B,439,25,24,2,2,0.305359
book-13-p0440,13,B,440,24,23,0,0,
book-13-p0441,13,B,441,24,23,2,2,0.419947
book-13-p0442,13,B,442,25,23,0,0,
book-13-p0443,13,B,443,25,23,2,2,0.529469
book-13-p0444,13,B,444,24,23,1,1,0.546326
book-13-p0445,13,B,445,26,23,0,0,
book-13-p0446,13,B,446,24,23,0,0,
book-13-p0447,13,B,447,25,23,0,0,
book-13-p0448,13,B,448,24,23,0,0,
book-13-p0449,13,B,449,25,23,0,0,
book-13-p0450,13,B,450,24,23,1,1,0.572059
book-13-p0451,13,B,451,22,21,1,1,0.397311
book-13-p0452,13,B,452,24,23,1,1,0.515326
book-13-p0453,13,B,453,25,24,0,0,
book-13-p0454,13,B,454,24,23,1,1,0.470397
book-13-p0455,13,B,455,24,23,0,0,
book-13-p0456,13,B,456,24,23,1,1,0.598572
book-13-p0457,13,B,457,24,23,3,3,0.309042
book-13-p0458,13,B,458,25,23,0,0,
book-13-p0459,13,B,459,26,23,1,1,0.496630
book-13-p0460,13,B,460,24,23,0,0,
book-13-p0461,13,B,461,26,23,0,0,
book-13-p0462,13,B,462,24,23,0,0,
book-13-p0463,13,B,463,24,21,0,0,
book-13-p0464,13,B,464,24,23,0,0,
book-13-p0465,13,B,465,26,24,0,0,
book-13-p0466,13,B,466,24,23,0,0,
book-13-p0467,13,B,467,24,23,0,0,
book-13-p0468,13,B,468,24,23,1,1,0.577603
book-13-p0469,13,B,469,25,24,0,0,
book-13-p0470,13,B,470,22,21,0,0,
book-13-p0471,13,B,471,24,22,0,0,
book-13-p0472,13,B,472,24,23,1,1,0.550377
book-13-p0473,13,B,473,24,23,0,0,
book-13-p0474,13,B,474,25,23,0,0,
book-13-p0475,13,B,475,25,23,0,0,
book-13-p0476,13,B,476,24,23,2,2,0.508120
book-13-p0477,13,B,477,25,23,1,1,0.272043
book-13-p0478,13,B,478,24,23,0,0,
book-13-p0479,13,B,479,26,23,1,1,0.552741
book-13-p0480,13,B,480,24,23,0,0,
book-13-p0481,13,B,481,25,23,0,0,
book-13-p0482,13,B,482,24,23,2,2,0.531205
book-13-p0483,13,B,483,24,23,0,0,
book-13-p0484,13,B,484,24,23,0,0,
book-13-p0485,13,B,485,24,23,0,0,
book-13-p0486,13,B,486,24,23,1,1,0.579486
book-13-p0487,13,B,487,24,23,0,0,
book-13-p0488,13,B,488,24,23,1,1,0.554730
book-13-p0489,13,B,489,22,21,0,0,
book-13-p0490,13,B,490,25,23,3,3,0.438029
book-13-p0491,13,B,491,26,23,0,0,
book-13-p0492,13,B,492,24,23,0,0,
book-13-p0493,13,B,493,26,24,0,0,
book-13-p0494,13,B,494,24,23,0,0,
book-13-p0495,13,B,495,26,23,1,1,0.359346
book-13-p0496,13,B,496,24,23,0,0,
book-13-p0497,13,B,497,25,23,1,1,0.501531
book-13-p0498,13,B,498,24,23,1,1,0.506662
book-13-p0499,13,B,499,23,22,1,1,0.516418
book-13-p0500,13,B,500,23,22,1,1,0.594223
book-13-p0501,13,B,501,25,24,1,1,0.528449
book-13-p0502,13,B,502,24,23,0,0,
book-13-p0503,13,B,503,23,21,0,0,
book-13-p0504,13,B,504,24,23,0,0,
book-13-p0505,13,B,505,25,23,0,0,
book-13-p0506,13,B,506,25,23,0,0,
book-13-p0507,13,B,507,27,25,1,1,0.522796
book-13-p0508,13,B,508,24,23,1,1,0.517926
book-13-p0509,13,B,509,23,21,1,1,0.497429
book-13-p0510,13,B,510,22,21,2,2,0.477676
book-13-p0511,13,B,511,24,23,0,0,
book-13-p0512,13,B,512,24,23,1,1,0.523291
book-13-p0513,13,B,513,27,23,1,1,0.596334
book-13-p0514,13,B,514,24,23,0,0,
book-13-p0515,13,B,515,24,23,2,2,0.520570
book-13-p0516,13,B,516,24,23,2,2,0.521987
book-13-p0517,13,B,517,24,23,1,1,0.500449
book-13-p0518,13,B,518,24,23,1,1,0.423868
book-13-p0519,13,B,519,25,23,1,1,0.466234
book-13-p0520,13,B,520,24,23,1,1,0.547513
book-13-p0521,13,B,521,24,23,1,1,0.567359
book-13-p0522,13,B,522,24,23,1,1,0.420620
book-13-p0523,13,B,523,24,22,1,1,0.514719
book-13-p0524,13,B,524,24,23,0,0,
book-13-p0525,13,B,525,26,23,1,1,0.296878
book-13-p0526,13,B,526,24,23,3,3,0.346045
book-13-p0527,13,B,527,25,22,0,0,
book-13-p0528,13,B,528,24,23,0,0,
book-13-p0529,13,B,529,23,21,0,0,
book-13-p0530,13,B,530,24,23,0,0,
book-13-p0531,13,B,531,25,23,0,0,
book-13-p0532,13,B,532,23,22,0,0,
book-13-p0533,13,B,533,24,23,2,2,0.516474
book-13-p0534,13,B,534,24,23,1,1,0.505429
book-13-p0535,13,B,535,24,23,1,1,0.563595
book-13-p0536,13,B,536,24,23,1,1,0.596307
book-13-p0537,13,B,537,24,23,1,1,0.554743
book-13-p0538,13,B,538,24,22,0,0,
book-13-p0539,13,B,539,26,23,1,1,0.582779
book-13-p0540,13,B,540,24,23,1,1,0.526958
book-13-p0541,13,B,541,25,23,1,1,0.533085
book-13-p0542,13,B,542,24,23,0,0,
book-13-p0543,13,B,543,26,23,0,0,
book-13-p0544,13,B,544,24,23,1,1,0.407037
book-13-p0545,13,B,545,25,23,1,1,0.410594
book-13-p0546,13,B,546,24,23,0,0,
book-13-p0547,13,B,547,25,23,0,0,
book-13-p0548,13,B,548,24,23,2,2,0.330568
book-13-p0549,13,B,549,25,23,4,4,0.357836
book-13-p0550,13,B,550,24,23,0,0,
book-13-p0551,13,B,551,25,23,1,1,0.450751
book-13-p0552,13,B,552,24,23,2,2,0.278283
book-13-p0553,13,B,553,25,24,0,0,
book-13-p0554,13,B,554,25,23,0,0,
book-13-p0555,13,B,555,25,22,1,1,0.495029
book-13-p0556,13,B,556,24,23,0,0,
book-13-p0557,13,B,557,26,24,1,1,0.591046
book-13-p0558,13,B,558,24,23,1,1,0.528749
book-13-p0559,13,B,559,26,23,2,2,0.550678
book-13-p0560,13,B,560,24,23,0,0,
book-13-p0561,13,B,561,26,24,0,0,
book-13-p0562,13,B,562,24,23,1,1,0.546304
book-13-p0563,13,B,563,24,23,0,0,
book-13-p0564,13,B,564,24,23,0,0,
book-13-p0565,13,B,565,25,24,1,1,0.423142
book-13-p0566,13,B,566,24,23,0,0,
book-13-p0567,13,B,567,24,23,1,1,0.341139
book-13-p0568,13,B,568,23,22,0,0,
book-13-p0569,13,B,569,24,23,0,0,
book-13-p0570,13,B,570,25,23,0,0,
book-13-p0571,13,B,571,26,24,2,2,0.509110
book-13-p0572,13,B,572,24,23,0,0,
book-13-p0573,13,B,573,24,22,2,2,0.343477
book-13-p0574,13,B,574,24,22,1,1,0.454291
book-13-p0575,13,B,575,26,24,0,0,
book-13-p0576,13,B,576,24,23,1,1,0.585305
book-13-p0577,13,B,577,25,23,0,0,
book-13-p0578,13,B,578,24,23,0,0,
book-13-p0579,13,B,579,25,23,1,1,0.517156
book-13-p0580,13,B,580,24,23,1,1,0.456261
book-13-p0581,13,B,581,25,23,2,2,0.168229
book-13-p0582,13,B,582,24,23,0,0,
book-13-p0583,13,B,583,24,22,2,2,0.519215
book-13-p0584,13,B,584,24,23,2,2,0.570101
book-13-p0585,13,B,585,25,23,0,0,
book-13-p0586,13,B,586,25,23,0,0,
book-13-p0587,13,B,587,26,23,0,0,
book-13-p0588,13,B,588,24,23,1,1,0.559377
book-13-p0589,13,B,589,26,23,2,2,0.531883
book-13-p0590,13,B,590,24,23,0,0,
book-13-p0591,13,B,591,26,23,1,1,0.598663
book-13-p0592,13,B,592,24,23,1,1,0.526625
book-13-p0593,13,B,593,26,23,0,0,
book-13-p0594,13,B,594,23,22,1,1,0.522409
book-13-p0595,13,B,595,25,23,1,1,0.563060
book-13-p0596,13,B,596,24,23,0,0,
book-13-p0597,13,B,597,25,24,1,1,0.586282
book-13-p0598,13,B,598,24,23,3,3,0.405456
book-13-p0599,13,B,599,24,23,0,0,
book-13-p0600,13,B,600,24,23,0,0,
book-13-p0601,13,B,601,25,23,0,0,
book-13-p0602,13,B,602,25,23,0,0,
book-13-p0603,13,B,603,25,23,1,1,0.553547
book-13-p0604,13,B,604,24,23,0,0,
book-13-p0605,13,B,605,25,23,1,1,0.430014
book-13-p0606,13,B,606,24,23,1,1,0.537872
book-13-p0607,13,B,607,27,23,3,3,0.405726
book-13-p0608,13,B,608,24,23,0,0,
book-13-p0609,13,B,609,25,23,0,0,
book-13-p0610,13,B,610,24,23,0,0,
book-13-p0611,13,B,611,25,23,0,0,
book-13-p0612,13,B,612,24,23,0,0,
book-13-p0613,13,B,613,24,23,0,0,
book-13-p0614,13,B,614,24,23,0,0,
book-13-p0615,13,B,615,25,23,1,1,0.410671
book-13-p0616,13,B,616,24,23,0,0,
book-13-p0617,13,B,617,23,22,1,1,0.470255
book-13-p0618,13,B,618,25,23,1,1,0.526854
book-13-p0619,13,B,619,25,23,1,1,0.338723
book-13-p0620,13,B,620,24,23,0,0,
book-13-p0621,13,B,621,26,23,1,1,0.529030
book-13-p0622,13,B,622,24,23,0,0,
book-13-p0623,13,B,623,26,23,1,1,0.469605
book-13-p0624,13,B,624,24,23,2,2,0.524339
book-13-p0625,13,B,625,26,23,0,0,
book-13-p0626,13,B,626,24,23,0,0,
book-13-p0627,13,B,627,25,23,3,3,0.321960
book-13-p0628,13,B,628,24,23,2,2,0.504836
book-13-p0629,13,B,629,23,21,1,1,0.560772
book-13-p0630,13,B,630,23,22,0,0,
book-13-p0631,13,B,631,25,23,0,0,
book-13-p0632,13,B,632,24,23,2,2,0.524210
book-13-p0633,13,B,633,24,23,0,0,
book-13-p0634,13,B,634,25,23,1,1,0.517730
book-13-p0635,13,B,635,25,23,0,0,
book-13-p0636,13,B,636,24,23,0,0,
book-13-p0637,13,B,637,25,23,2,2,0.522750
book-13-p0638,13,B,638,24,23,1,2,0.277134
book-13-p0639,13,B,639,25,23,1,1,0.534875
book-13-p0640,13,B,640,24,23,0,0,
book-13-p0641,13,B,641,26,23,0,0,
book-13-p0642,13,B,642,24,23,0,0,
book-13-p0643,13,B,643,26,24,2,2,0.499574
book-13-p0644,13,B,644,24,23,2,3,0.303210
book-13-p0645,13,B,645,25,23,1,1,0.553289
book-13-p0646,13,B,646,24,23,0,0,
book-13-p0647,13,B,647,25,24,1,1,0.563408
book-13-p0648,13,B,648,24,23,1,1,0.570404
book-13-p0649,13,B,649,26,22,1,1,0.519873
book-13-p0650,13,B,650,25,17,0,0,
book-13-p0651,13,B,651,24,23,1,1,0.374041
book-13-p0652,13,B,652,24,23,1,1,0.398777
book-13-p0653,13,B,653,26,23,0,0,
book-13-p0654,13,B,654,24,23,0,0,
book-13-p0655,13,B,655,26,23,0,0,
book-13-p0656,13,B,656,24,23,0,0,
book-13-p0657,13,B,657,26,24,0,0,
book-13-p0658,13,B,658,24,23,1,1,0.558514
book-13-p0659,13,B,659,25,23,2,2,0.540980
book-13-p0660,13,B,660,24,23,0,0,
book-13-p0661,13,B,661,24,23,1,1,0.482971
book-13-p0662,13,B,662,24,23,1,1,0.413276
book-13-p0663,13,B,663,25,23,0,0,
book-13-p0664,13,B,664,23,22,3,3,0.461778
book-13-p0665,13,B,665,23,21,1,1,0.304818
book-13-p0666,13,B,666,23,21,1,1,0.412206
book-13-p0667,13,B,667,26,23,0,0,
book-13-p0668,13,B,668,24,23,1,1,0.552529
book-13-p0669,13,B,669,26,23,1,1,0.502152
book-13-p0670,13,B,670,24,23,0,0,
book-13-p0671,13,B,671,27,23,0,0,
book-13-p0672,13,B,672,24,23,1,1,0.594059
book-13-p0673,13,B,673,26,21,1,1,0.581475
book-13-p0674,13,B,674,24,23,0,0,
book-13-p0675,13,B,675,25,23,1,1,0.589046
book-13-p0676,13,B,676,24,23,0,0,
book-13-p0677,13,B,677,24,23,0,0,
book-13-p0678,13,B,678,22,20,0,0,
book-13-p0679,13,B,679,24,22,5,5,0.391037
book-13-p0680,13,B,680,22,21,0,0,
book-13-p0681,13,B,681,25,23,2,3,0.508460
book-13-p0682,13,B,682,25,23,0,0,
book-13-p0683,13,B,683,26,23,0,0,
book-13-p0684,13,B,684,24,23,0,0,
book-13-p0685,13,B,685,27,23,1,1,0.567112
book-13-p0686,13,B,686,24,23,1,1,0.502890
book-13-p0687,13,B,687,25,23,0,0,
book-13-p0688,13,B,688,24,23,0,0,
book-13-p0689,13,B,689,24,22,3,3,0.431237
book-13-p0690,13,B,690,24,23,3,3,0.408954
book-13-p0691,13,B,691,25,23,0,0,
book-13-p0692,13,B,692,22,21,1,1,0.546686
book-13-p0693,13,B,693,23,22,1,2,0.355793
book-13-p0694,13,B,694,20,19,1,1,0.498125
book-13-p0695,13,B,695,22,20,1,1,0.539234
book-13-p0696,13,B,696,23,22,4,4,0.466934
book-13-p0697,13,B,697,23,21,0,0,
book-13-p0698,13,B,698,25,23,0,0,
book-13-p0699,13,B,699,25,23,0,0,
book-13-p0700,13,B,700,24,23,0,0,
book-13-p0701,13,B,701,25,23,0,0,
book-13-p0702,13,B,702,24,23,0,0,
book-13-p0703,13,B,703,27,23,1,1,0.572099
book-13-p0704,13,B,704,24,23,0,0,
book-13-p0705,13,B,705,26,23,0,0,
book-13-p0706,13,B,706,24,23,0,0,
book-13-p0707,13,B,707,24,23,0,0,
book-13-p0708,13,B,708,24,23,0,0,
book-13-p0709,13,B,709,24,23,2,2,0.498569
book-13-p0710,13,B,710,24,23,0,0,
book-13-p0711,13,B,711,24,23,2,2,0.239074
book-13-p0712,13,B,712,24,23,1,1,0.572120
book-13-p0713,13,B,713,25,23,0,0,
book-13-p0714,13,B,714,25,23,2,2,0.584384
book-13-p0715,13,B,715,25,23,1,1,0.538478
book-13-p0716,13,B,716,24,23,2,2,0.538411
book-13-p0717,13,B,717,25,22,2,2,0.462972
book-13-p0718,13,B,718,23,22,1,1,0.453153
book-13-p0719,13,B,719,26,22,0,0,
book-13-p0720,13,B,720,23,22,1,1,0.590923
book-13-p0721,13,B,721,25,22,0,0,
book-13-p0722,13,B,722,23,22,1,1,0.560492
book-13-p0723,13,B,723,24,22,0,0,
book-13-p0724,13,B,724,23,22,0,0,
book-13-p0725,13,B,725,10,8,0,0,
book-13-p0726,13,B,726,0,0,0,0,
book-13-p0727,13,B,727,23,22,3,3,0.451335
book-13-p0728,13,B,728,25,24,6,9,0.332840
book-13-p0729,13,B,729,27,26,13,15,0.264487
book-13-p0730,13,B,730,27,23,2,4,0.317374
book-13-p0731,13,B,731,28,26,7,8,0.354664
book-13-p0732,13,B,732,25,23,6,6,0.317196
book-13-p0733,13,B,733,28,26,5,8,0.284197
book-13-p0734,13,B,734,26,25,9,9,0.341144
book-13-p0735,13,B,735,29,26,4,6,0.370798
book-13-p0736,13,B,736,26,24,3,4,0.475538
book-13-p0737,13,B,737,27,25,5,6,0.310234
book-13-p0738,13,B,738,25,24,3,5,0.354106
book-13-p0739,13,B,739,25,24,6,9,0.281257
book-13-p0740,13,B,740,13,11,3,3,0.475290
book-13-p0741,13,B,741,0,0,0,0,
book-13-p0742,13,B,742,0,0,0,0,
book-13-p0743,13,B,743,0,0,0,0,
book-13-p0744,13,B,744,0,0,0,0,
book-13-p0745,13,B,745,0,0,0,0,
book-13-p0746,13,B,746,0,0,0,0,
book-13-p0747,13,B,747,0,0,0,0,
book-13-p0748,13,B,748,0,0,0,0,
book-14-p0001,14,B,1,8,6,6,15,0.092456
book-14-p0002,14,B,2,35,34,19,37,0.220187
book-14-p0003,14,B,3,1,1,1,1,0.551212
book-14-p0004,14,B,4,0,0,0,0,
book-14-p0005,14,B,5,0,0,0,0,
book-14-p0006,14,B,6,0,0,0,0,
book-14-p0007,14,B,7,0,0,0,0,
book-14-p0008,14,B,8,0,0,0,0,
book-14-p0009,14,B,9,0,0,0,0,
book-14-p0010,14,B,10,0,0,0,0,
book-14-p0011,14,B,11,13,12,1,1,0.326636
book-14-p0012,14,B,12,0,0,0,0,
book-14-p0013,14,B,13,16,15,2,2,0.299798
book-14-p0014,14,B,14,23,22,0,0,
book-14-p0015,14,B,15,24,22,0,0,
book-14-p0016,14,B,16,23,22,1,1,0.536419
book-14-p0017,14,B,17,26,22,5,6,0.328776
book-14-p0018,14,B,18,24,23,7,10,0.167110
book-14-p0019,14,B,19,23,22,4,4,0.348485
book-14-p0020,14,B,20,14,13,1,1,0.425993
book-14-p0021,14,B,21,21,19,3,3,0.375664
book-14-p0022,14,B,22,21,20,2,2,0.455960
book-14-p0023,14,B,23,23,22,2,2,0.522630
book-14-p0024,14,B,24,23,21,0,0,
book-14-p0025,14,B,25,22,21,2,2,0.410961
book-14-p0026,14,B,26,23,21,1,1,0.518129
book-14-p0027,14,B,27,24,23,2,2,0.533444
book-14-p0028,14,B,28,23,21,5,5,0.318124
book-14-p0029,14,B,29,22,21,4,5,0.419129
book-14-p0030,14,B,30,22,20,2,2,0.483095
book-14-p0031,14,B,31,22,21,3,3,0.320715
book-14-p0032,14,B,32,24,23,2,2,0.502092
book-14-p0033,14,B,33,23,21,3,3,0.380775
book-14-p0034,14,B,34,22,21,3,4,0.475811
book-14-p0035,14,B,35,21,19,2,2,0.516011
book-14-p0036,14,B,36,23,22,2,2,0.357968
book-14-p0037,14,B,37,23,22,2,2,0.383430
book-14-p0038,14,B,38,23,21,2,2,0.448606
book-14-p0039,14,B,39,23,21,3,3,0.425622
book-14-p0040,14,B,40,23,22,4,4,0.242592
book-14-p0041,14,B,41,23,22,5,5,0.394041
book-14-p0042,14,B,42,9,7,1,1,0.214458
book-14-p0043,14,B,43,21,19,0,0,
book-14-p0044,14,B,44,29,28,0,0,
book-14-p0045,14,B,45,30,28,1,1,0.594516
book-14-p0046,14,B,46,29,28,2,2,0.526157
book-14-p0047,14,B,47,30,28,1,1,0.509780
book-14-p0048,14,B,48,29,28,1,1,0.511162
book-14-p0049,14,B,49,29,27,2,2,0.501128
book-14-p0050,14,B,50,29,28,1,1,0.582843
book-14-p0051,14,B,51,26,25,0,0,
book-14-p0052,14,B,52,27,25,1,1,0.597729
book-14-p0053,14,B,53,28,27,1,1,0.494836
book-14-p0054,14,B,54,26,25,1,1,0.589588
book-14-p0055,14,B,55,28,27,1,1,0.562650
book-14-p0056,14,B,56,29,28,2,2,0.447921
book-14-p0057,14,B,57,28,27,0,0,
book-14-p0058,14,B,58,16,15,0,0,
book-14-p0059,14,B,59,21,20,1,1,0.553966
book-14-p0060,14,B,60,28,28,4,4,0.492944
book-14-p0061,14,B,61,29,28,0,0,
book-14-p0062,14,B,62,29,28,0,0,
book-14-p0063,14,B,63,30,27,0,0,
book-14-p0064,14,B,64,29,28,1,1,0.332195
book-14-p0065,14,B,65,30,29,1,1,0.592944
book-14-p0066,14,B,66,29,28,1,1,0.515179
book-14-p0067,14,B,67,30,28,0,0,
book-14-p0068,14,B,68,29,28,3,3,0.415183
book-14-p0069,14,B,69,27,26,2,2,0.249453
book-14-p0070,14,B,70,29,28,1,1,0.581400
book-14-p0071,14,B,71,29,28,0,0,
book-14-p0072,14,B,72,29,28,1,1,0.503631
book-14-p0073,14,B,73,27,26,5,5,0.351186
book-14-p0074,14,B,74,30,29,2,2,0.462205
book-14-p0075,14,B,75,29,28,0,0,
book-14-p0076,14,B,76,29,28,0,0,
book-14-p0077,14,B,77,29,28,0,0,
book-14-p0078,14,B,78,29,28,1,1,0.594433
book-14-p0079,14,B,79,30,28,0,0,
book-14-p0080,14,B,80,26,23,1,1,0.436542
book-14-p0081,14,B,81,30,28,1,1,0.598040
book-14-p0082,14,B,82,29,28,0,0,
book-14-p0083,14,B,83,29,28,0,0,
book-14-p0084,14,B,84,29,28,3,3,0.331045
book-14-p0085,14,B,85,29,28,1,1,0.552211
book-14-p0086,14,B,86,29,28,0,0,
book-14-p0087,14,B,87,30,28,0,0,
book-14-p0088,14,B,88,26,25,1,1,0.400468
book-14-p0089,14,B,89,29,28,0,0,
book-14-p0090,14,B,90,30,28,0,0,
book-14-p0091,14,B,91,31,28,0,0,
book-14-p0092,14,B,92,29,28,0,0,
book-14-p0093,14,B,93,31,28,0,0,
book-14-p0094,14,B,94,29,28,1,1,0.558384
book-14-p0095,14,B,95,28,26,1,1,0.338692
book-14-p0096,14,B,96,29,28,1,1,0.401910
book-14-p0097,14,B,97,31,29,0,0,
book-14-p0098,14,B,98,30,29,0,0,
book-14-p0099,14,B,99,29,28,2,5,0.260116
book-14-p0100,14,B,100,29,28,1,1,0.559089
book-14-p0101,14,B,101,26,25,1,1,0.314374
book-14-p0102,14,B,102,29,28,0,0,
book-14-p0103,14,B,103,30,28,1,1,0.564765
book-14-p0104,14,B,104,29,28,0,0,
book-14-p0105,14,B,105,30,29,0,0,
book-14-p0106,14,B,106,30,28,1,1,0.570794
book-14-p0107,14,B,107,27,25,1,1,0.444579
book-14-p0108,14,B,108,29,28,1,1,0.563106
book-14-p0109,14,B,109,30,28,0,0,
book-14-p0110,14,B,110,29,28,1,1,0.516200
book-14-p0111,14,B,111,30,28,0,0,
book-14-p0112,14,B,112,29,28,0,0,
book-14-p0113,14,B,113,31,28,0,0,
book-14-p0114,14,B,114,29,28,0,0,
book-14-p0115,14,B,115,27,26,2,2,0.169892
book-14-p0116,14,B,116,29,28,0,0,
book-14-p0117,14,B,117,30,29,1,1,0.568754
book-14-p0118,14,B,118,29,28,0,0,
book-14-p0119,14,B,119,29,28,3,3,0.366328
book-14-p0120,14,B,120,29,28,0,0,
book-14-p0121,14,B,121,29,28,3,3,0.503168
book-14-p0122,14,B,122,27,26,3,3,0.402051
book-14-p0123,14,B,123,29,28,1,1,0.549936
book-14-p0124,14,B,124,29,28,1,1,0.454419
book-14-p0125,14,B,125,29,28,0,0,
book-14-p0126,14,B,126,29,28,0,0,
book-14-p0127,14,B,127,31,28,1,1,0.534020
book-14-p0128,14,B,128,30,28,1,1,0.450823
book-14-p0129,14,B,129,32,30,3,3,0.500327
book-14-p0130,14,B,130,29,28,0,0,
book-14-p0131,14,B,131,29,28,2,2,0.237991
book-14-p0132,14,B,132,29,29,1,1,0.550752
book-14-p0133,14,B,133,29,28,1,1,0.326654
book-14-p0134,14,B,134,29,28,1,1,0.551727
book-14-p0135,14,B,135,30,28,2,2,0.226666
book-14-p0136,14,B,136,29,29,0,0,
book-14-p0137,14,B,137,29,28,2,2,0.482713
book-14-p0138,14,B,138,30,28,2,2,0.523925
book-14-p0139,14,B,139,29,28,0,0,
book-14-p0140,14,B,140,29,28,0,0,
book-14-p0141,14,B,141,29,28,1,1,0.426361
book-14-p0142,14,B,142,29,28,0,0,
book-14-p0143,14,B,143,30,27,0,0,
book-14-p0144,14,B,144,29,28,0,0,
book-14-p0145,14,B,145,30,28,1,1,0.540462
book-14-p0146,14,B,146,29,28,0,0,
book-14-p0147,14,B,147,29,28,2,2,0.350111
book-14-p0148,14,B,148,29,28,8,8,0.459343
book-14-p0149,14,B,149,29,28,1,1,0.591496
book-14-p0150,14,B,150,29,26,0,0,
book-14-p0151,14,B,151,30,29,6,6,0.323342
book-14-p0152,14,B,152,29,29,4,4,0.533875
book-14-p0153,14,B,153,30,29,3,3,0.570526
book-14-p0154,14,B,154,30,28,0,0,
book-14-p0155,14,B,155,29,28,0,0,
book-14-p0156,14,B,156,29,28,3,3,0.536766
book-14-p0157,14,B,157,30,29,2,2,0.415918
book-14-p0158,14,B,158,29,28,1,1,0.545393
book-14-p0159,14,B,159,30,28,0,0,
book-14-p0160,14,B,160,27,26,1,1,0.481005
book-14-p0161,14,B,161,31,29,1,1,0.549879
book-14-p0162,14,B,162,29,28,0,0,
book-14-p0163,14,B,163,30,29,1,1,0.496067
book-14-p0164,14,B,164,30,29,0,0,
book-14-p0165,14,B,165,30,29,0,0,
book-14-p0166,14,B,166,29,28,0,0,
book-14-p0167,14,B,167,28,26,2,2,0.219338
book-14-p0168,14,B,168,29,28,0,0,
book-14-p0169,14,B,169,30,29,0,0,
book-14-p0170,14,B,170,30,28,0,0,
book-14-p0171,14,B,171,29,28,1,1,0.556664
book-14-p0172,14,B,172,29,28,2,2,0.483025
book-14-p0173,14,B,173,29,28,1,1,0.253638
book-14-p0174,14,B,174,29,28,1,1,0.264042
book-14-p0175,14,B,175,29,28,1,1,0.539868
book-14-p0176,14,B,176,26,26,0,0,
book-14-p0177,14,B,177,31,28,1,1,0.357945
book-14-p0178,14,B,178,29,28,0,0,
book-14-p0179,14,B,179,29,28,5,5,0.333185
book-14-p0180,14,B,180,29,29,4,4,0.499822
book-14-p0181,14,B,181,30,28,0,0,
book-14-p0182,14,B,182,29,28,1,1,0.594651
book-14-p0183,14,B,183,29,28,7,7,0.351002
book-14-p0184,14,B,184,29,28,4,4,0.235469
book-14-p0185,14,B,185,30,28,4,4,0.167064
book-14-p0186,14,B,186,30,28,4,4,0.352594
book-14-p0187,14,B,187,29,28,2,2,0.501699
book-14-p0188,14,B,188,29,28,1,1,0.577725
book-14-p0189,14,B,189,30,28,2,2,0.564226
book-14-p0190,14,B,190,29,28,1,1,0.502647
book-14-p0191,14,B,191,29,26,4,5,0.291755
book-14-p0192,14,B,192,29,28,0,0,
book-14-p0193,14,B,193,31,29,1,1,0.592421
book-14-p0194,14,B,194,30,29,1,1,0.550256
book-14-p0195,14,B,195,29,28,4,4,0.458811
book-14-p0196,14,B,196,29,28,2,2,0.521068
book-14-p0197,14,B,197,28,27,3,3,0.530343
book-14-p0198,14,B,198,27,25,3,3,0.458101
book-14-p0199,14,B,199,30,29,7,7,0.430212
book-14-p0200,14,B,200,29,28,1,1,0.506098
book-14-p0201,14,B,201,29,28,6,6,0.363839
book-14-p0202,14,B,202,30,28,2,2,0.553333
book-14-p0203,14,B,203,30,28,1,1,0.529151
book-14-p0204,14,B,204,29,28,2,2,0.522410
book-14-p0205,14,B,205,30,29,0,0,
book-14-p0206,14,B,206,29,28,0,0,
book-14-p0207,14,B,207,31,29,0,0,
book-14-p0208,14,B,208,29,28,1,1,0.429487
book-14-p0209,14,B,209,31,29,2,2,0.513027
book-14-p0210,14,B,210,29,28,0,0,
book-14-p0211,14,B,211,30,28,2,2,0.156810
book-14-p0212,14,B,212,29,28,0,0,
book-14-p0213,14,B,213,25,24,1,1,0.525595
book-14-p0214,14,B,214,27,26,3,3,0.289456
book-14-p0215,14,B,215,29,28,2,2,0.534305
book-14-p0216,14,B,216,29,28,3,3,0.397439
book-14-p0217,14,B,217,29,28,3,3,0.365386
book-14-p0218,14,B,218,30,29,2,2,0.347611
book-14-p0219,14,B,219,30,28,0,0,
book-14-p0220,14,B,220,29,28,4,4,0.421309
book-14-p0221,14,B,221,30,28,0,0,
book-14-p0222,14,B,222,29,28,0,0,
book-14-p0223,14,B,223,29,24,2,2,0.513229
book-14-p0224,14,B,224,29,28,3,3,0.273389
book-14-p0225,14,B,225,30,28,0,0,
book-14-p0226,14,B,226,29,29,3,3,0.399887
book-14-p0227,14,B,227,29,28,1,1,0.412637
book-14-p0228,14,B,228,29,28,0,0,
book-14-p0229,14,B,229,29,28,3,3,0.479720
book-14-p0230,14,B,230,29,29,1,1,0.532542
book-14-p0231,14,B,231,30,29,5,5,0.498753
book-14-p0232,14,B,232,29,28,1,1,0.538988
book-14-p0233,14,B,233,29,28,4,4,0.427790
book-14-p0234,14,B,234,30,28,3,3,0.484109
book-14-p0235,14,B,235,29,28,3,4,0.403369
book-14-p0236,14,B,236,29,28,1,1,0.542257
book-14-p0237,14,B,237,27,26,1,1,0.556990
book-14-p0238,14,B,238,29,28,0,0,
book-14-p0239,14,B,239,29,28,2,2,0.380524
book-14-p0240,14,B,240,29,28,0,0,
book-14-p0241,14,B,241,30,28,0,0,
book-14-p0242,14,B,242,30,29,0,0,
book-14-p0243,14,B,243,29,28,3,3,0.506550
book-14-p0244,14,B,244,29,28,2,2,0.572928
book-14-p0245,14,B,245,26,24,4,4,0.497100
book-14-p0246,14,B,246,27,25,0,0,
book-14-p0247,14,B,247,30,29,4,4,0.350419
book-14-p0248,14,B,248,29,28,0,0,
book-14-p0249,14,B,249,29,28,9,10,0.395104
book-14-p0250,14,B,250,30,28,0,0,
book-14-p0251,14,B,251,27,25,0,0,
book-14-p0252,14,B,252,29,28,0,0,
book-14-p0253,14,B,253,29,28,2,2,0.486554
book-14-p0254,14,B,254,29,28,0,0,
book-14-p0255,14,B,255,29,28,0,0,
book-14-p0256,14,B,256,24,23,1,1,0.498642
book-14-p0257,14,B,257,28,26,0,0,
book-14-p0258,14,B,258,29,28,0,0,
book-14-p0259,14,B,259,29,28,2,2,0.353893
book-14-p0260,14,B,260,29,28,1,1,0.512222
book-14-p0261,14,B,261,27,26,5,5,0.503942
book-14-p0262,14,B,262,29,28,2,2,0.279923
book-14-p0263,14,B,263,29,28,3,3,0.529429
book-14-p0264,14,B,264,29,28,0,0,
book-14-p0265,14,B,265,25,24,1,1,0.574545
book-14-p0266,14,B,266,28,26,5,5,0.313110
book-14-p0267,14,B,267,28,24,2,2,0.510668
book-14-p0268,14,B,268,28,26,1,1,0.322705
book-14-p0269,14,B,269,29,28,5,5,0.335501
book-14-p0270,14,B,270,29,29,2,2,0.393076
book-14-p0271,14,B,271,30,28,1,1,0.533028
book-14-p0272,14,B,272,30,29,3,3,0.517364
book-14-p0273,14,B,273,28,26,1,2,0.544789
book-14-p0274,14,B,274,30,29,1,1,0.501670
book-14-p0275,14,B,275,29,28,9,9,0.325973
book-14-p0276,14,B,276,29,29,1,1,0.263574
book-14-p0277,14,B,277,30,29,2,2,0.248541
book-14-p0278,14,B,278,26,25,1,1,0.593787
book-14-p0279,14,B,279,28,26,2,2,0.418421
book-14-p0280,14,B,280,29,28,2,2,0.449375
book-14-p0281,14,B,281,30,29,5,5,0.401388
book-14-p0282,14,B,282,30,28,1,1,0.482766
book-14-p0283,14,B,283,28,26,4,6,0.146564
book-14-p0284,14,B,284,26,25,1,1,0.294931
book-14-p0285,14,B,285,29,28,4,4,0.344372
book-14-p0286,14,B,286,29,28,0,0,
book-14-p0287,14,B,287,30,28,1,1,0.528680
book-14-p0288,14,B,288,29,28,0,0,
book-14-p0289,14,B,289,30,28,1,1,0.519371
book-14-p0290,14,B,290,29,28,2,2,0.568769
book-14-p0291,14,B,291,28,26,4,4,0.364185
book-14-p0292,14,B,292,27,26,1,1,0.421050
book-14-p0293,14,B,293,29,28,0,0,
book-14-p0294,14,B,294,29,28,2,2,0.530558
book-14-p0295,14,B,295,28,27,2,2,0.436179
book-14-p0296,14,B,296,29,28,0,0,
book-14-p0297,14,B,297,29,29,3,3,0.498827
book-14-p0298,14,B,298,30,28,1,1,0.538037
book-14-p0299,14,B,299,29,28,1,1,0.508413
book-14-p0300,14,B,300,29,28,2,2,0.442666
book-14-p0301,14,B,301,29,28,1,1,0.550461
book-14-p0302,14,B,302,29,28,0,0,
book-14-p0303,14,B,303,27,25,1,1,0.416699
book-14-p0304,14,B,304,29,28,2,2,0.574454
book-14-p0305,14,B,305,31,28,1,1,0.356150
book-14-p0306,14,B,306,29,28,0,0,
book-14-p0307,14,B,307,29,28,1,1,0.263231
book-14-p0308,14,B,308,29,28,2,2,0.460636
book-14-p0309,14,B,309,29,28,6,6,0.339752
book-14-p0310,14,B,310,29,28,1,1,0.547726
book-14-p0311,14,B,311,29,28,10,10,0.282797
book-14-p0312,14,B,312,29,28,1,1,0.559074
book-14-p0313,14,B,313,29,28,5,5,0.311206
book-14-p0314,14,B,314,30,29,1,1,0.537447
book-14-p0315,14,B,315,28,25,2,2,0.438467
book-14-p0316,14,B,316,29,28,2,2,0.517274
book-14-p0317,14,B,317,28,27,1,1,0.483737
book-14-p0318,14,B,318,28,28,1,1,0.534931
book-14-p0319,14,B,319,30,28,1,1,0.529782
book-14-p0320,14,B,320,29,28,6,6,0.287892
book-14-p0321,14,B,321,29,28,2,2,0.542716
book-14-p0322,14,B,322,29,28,0,0,
book-14-p0323,14,B,323,29,28,4,4,0.376170
book-14-p0324,14,B,324,29,28,1,1,0.509368
book-14-p0325,14,B,325,22,21,6,6,0.517626
book-14-p0326,14,B,326,29,28,2,2,0.257094
book-14-p0327,14,B,327,29,28,3,3,0.387037
book-14-p0328,14,B,328,29,28,0,0,
book-14-p0329,14,B,329,29,28,4,4,0.511508
book-14-p0330,14,B,330,30,28,2,2,0.455458
book-14-p0331,14,B,331,29,28,1,2,0.339003
book-14-p0332,14,B,332,29,28,1,1,0.506141
book-14-p0333,14,B,333,29,29,7,7,0.325896
book-14-p0334,14,B,334,29,28,0,0,
book-14-p0335,14,B,335,30,28,5,5,0.292223
book-14-p0336,14,B,336,28,26,2,2,0.506872
book-14-p0337,14,B,337,30,28,2,2,0.397586
book-14-p0338,14,B,338,29,28,1,1,0.593975
book-14-p0339,14,B,339,29,28,3,3,0.227543
book-14-p0340,14,B,340,29,28,1,1,0.436553
book-14-p0341,14,B,341,29,28,2,2,0.541206
book-14-p0342,14,B,342,29,28,3,3,0.395305
book-14-p0343,14,B,343,29,28,2,2,0.497072
book-14-p0344,14,B,344,25,22,0,0,
book-14-p0345,14,B,345,30,29,2,3,0.332131
book-14-p0346,14,B,346,30,28,0,0,
book-14-p0347,14,B,347,29,28,1,1,0.536729
book-14-p0348,14,B,348,29,28,1,1,0.554505
book-14-p0349,14,B,349,29,28,2,2,0.351867
book-14-p0350,14,B,350,29,28,1,1,0.579252
book-14-p0351,14,B,351,30,28,0,0,
book-14-p0352,14,B,352,25,24,4,4,0.407169
book-14-p0353,14,B,353,31,29,1,1,0.516643
book-14-p0354,14,B,354,29,28,0,0,
book-14-p0355,14,B,355,30,29,0,0,
book-14-p0356,14,B,356,29,28,0,0,
book-14-p0357,14,B,357,30,29,3,3,0.521579
book-14-p0358,14,B,358,29,28,1,1,0.582349
book-14-p0359,14,B,359,30,29,1,1,0.525363
book-14-p0360,14,B,360,29,28,1,1,0.472856
book-14-p0361,14,B,361,26,25,0,0,
book-14-p0362,14,B,362,30,28,0,0,
book-14-p0363,14,B,363,30,28,0,0,
book-14-p0364,14,B,364,29,29,3,4,0.342176
book-14-p0365,14,B,365,29,28,3,3,0.522560
book-14-p0366,14,B,366,29,28,1,1,0.536026
book-14-p0367,14,B,367,30,28,0,0,
book-14-p0368,14,B,368,29,28,1,1,0.561866
book-14-p0369,14,B,369,30,28,2,2,0.505889
book-14-p0370,14,B,370,29,28,2,2,0.452850
book-14-p0371,14,B,371,29,28,1,1,0.402717
book-14-p0372,14,B,372,29,29,2,3,0.367004
book-14-p0373,14,B,373,29,28,2,2,0.497845
book-14-p0374,14,B,374,29,28,1,1,0.531362
book-14-p0375,14,B,375,29,28,0,0,
book-14-p0376,14,B,376,29,28,0,0,
book-14-p0377,14,B,377,29,28,2,3,0.514749
book-14-p0378,14,B,378,30,28,2,2,0.509933
book-14-p0379,14,B,379,27,26,3,4,0.272201
book-14-p0380,14,B,380,29,28,5,6,0.390521
book-14-p0381,14,B,381,29,28,1,2,0.532498
book-14-p0382,14,B,382,29,28,1,1,0.591301
book-14-p0383,14,B,383,31,28,1,1,0.535195
book-14-p0384,14,B,384,29,28,0,0,
book-14-p0385,14,B,385,30,28,0,0,
book-14-p0386,14,B,386,29,28,0,0,
book-14-p0387,14,B,387,26,25,0,0,
book-14-p0388,14,B,388,29,28,2,2,0.490298
book-14-p0389,14,B,389,29,28,2,2,0.501202
book-14-p0390,14,B,390,29,28,0,0,
book-14-p0391,14,B,391,30,28,1,1,0.488508
book-14-p0392,14,B,392,30,29,1,1,0.581613
book-14-p0393,14,B,393,29,28,1,1,0.574919
book-14-p0394,14,B,394,27,25,0,0,
book-14-p0395,14,B,395,31,28,0,0,
book-14-p0396,14,B,396,29,28,0,0,
book-14-p0397,14,B,397,31,28,2,2,0.509172
book-14-p0398,14,B,398,29,28,0,0,
book-14-p0399,14,B,399,31,28,0,0,
book-14-p0400,14,B,400,29,28,0,0,
book-14-p0401,14,B,401,30,28,0,0,
book-14-p0402,14,B,402,29,28,0,0,
book-14-p0403,14,B,403,29,28,0,0,
book-14-p0404,14,B,404,26,25,3,3,0.517102
book-14-p0405,14,B,405,29,28,0,0,
book-14-p0406,14,B,406,29,28,0,0,
book-14-p0407,14,B,407,29,28,0,0,
book-14-p0408,14,B,408,26,26,3,3,0.502716
book-14-p0409,14,B,409,29,28,3,3,0.502536
book-14-p0410,14,B,410,30,28,0,0,
book-14-p0411,14,B,411,30,28,0,0,
book-14-p0412,14,B,412,29,28,0,0,
book-14-p0413,14,B,413,30,28,0,0,
book-14-p0414,14,B,414,29,28,1,1,0.559234
book-14-p0415,14,B,415,30,28,1,1,0.554261
book-14-p0416,14,B,416,30,29,2,2,0.510125
book-14-p0417,14,B,417,30,28,2,2,0.579206
book-14-p0418,14,B,418,29,28,1,1,0.477524
book-14-p0419,14,B,419,29,28,0,0,
book-14-p0420,14,B,420,27,26,1,1,0.516717
book-14-p0421,14,B,421,29,28,6,6,0.488713
book-14-p0422,14,B,422,29,28,2,2,0.544739
book-14-p0423,14,B,423,29,28,1,1,0.553253
book-14-p0424,14,B,424,29,28,1,1,0.469459
book-14-p0425,14,B,425,29,28,5,5,0.388431
book-14-p0426,14,B,426,30,28,4,4,0.448072
book-14-p0427,14,B,427,31,28,0,0,
book-14-p0428,14,B,428,29,28,3,3,0.527359
book-14-p0429,14,B,429,30,25,8,16,0.133524
book-14-p0430,14,B,430,30,29,0,0,
book-14-p0431,14,B,431,30,28,2,2,0.331084
book-14-p0432,14,B,432,30,28,0,0,
book-14-p0433,14,B,433,30,28,4,4,0.502096
book-14-p0434,14,B,434,29,28,1,1,0.539253
book-14-p0435,14,B,435,29,28,2,2,0.566350
book-14-p0436,14,B,436,29,29,5,5,0.454374
book-14-p0437,14,B,437,26,22,3,3,0.501810
book-14-p0438,14,B,438,31,29,1,1,0.252964
book-14-p0439,14,B,439,29,28,2,2,0.305849
book-14-p0440,14,B,440,29,28,5,5,0.261794
book-14-p0441,14,B,441,30,30,13,14,0.222206
book-14-p0442,14,B,442,30,29,6,6,0.519481
book-14-p0443,14,B,443,30,28,0,0,
book-14-p0444,14,B,444,28,28,5,5,0.139817
book-14-p0445,14,B,445,30,28,3,3,0.559707
book-14-p0446,14,B,446,29,28,4,4,0.443089
book-14-p0447,14,B,447,30,28,0,0,
book-14-p0448,14,B,448,29,28,1,1,0.546112
book-14-p0449,14,B,449,27,25,1,1,0.511860
book-14-p0450,14,B,450,29,28,1,1,0.574333
book-14-p0451,14,B,451,29,28,6,6,0.420198
book-14-p0452,14,B,452,29,28,0,0,
book-14-p0453,14,B,453,29,28,2,2,0.534839
book-14-p0454,14,B,454,29,28,1,1,0.383872
book-14-p0455,14,B,455,29,28,2,4,0.488242
book-14-p0456,14,B,456,29,28,3,3,0.530619
book-14-p0457,14,B,457,29,28,3,3,0.277594
book-14-p0458,14,B,458,30,28,1,1,0.568542
book-14-p0459,14,B,459,30,28,0,0,
book-14-p0460,14,B,460,29,28,1,1,0.508556
book-14-p0461,14,B,461,27,25,3,4,0.239251
book-14-p0462,14,B,462,29,28,1,1,0.521282
book-14-p0463,14,B,463,30,28,0,0,
book-14-p0464,14,B,464,29,28,0,0,
book-14-p0465,14,B,465,30,28,2,2,0.512354
book-14-p0466,14,B,466,27,26,0,0,
book-14-p0467,14,B,467,29,28,5,5,0.393244
book-14-p0468,14,B,468,29,28,3,3,0.477202
book-14-p0469,14,B,469,29,28,0,0,
book-14-p0470,14,B,470,29,28,1,1,0.520793
book-14-p0471,14,B,471,29,28,1,1,0.478666
book-14-p0472,14,B,472,29,28,1,1,0.570372
book-14-p0473,14,B,473,29,28,0,0,
book-14-p0474,14,B,474,31,28,0,0,
book-14-p0475,14,B,475,30,28,0,0,
book-14-p0476,14,B,476,29,28,1,1,0.597805
book-14-p0477,14,B,477,30,29,2,2,0.542858
book-14-p0478,14,B,478,29,28,2,2,0.500379
book-14-p0479,14,B,479,31,28,1,1,0.503416
book-14-p0480,14,B,480,28,27,1,1,0.342767
book-14-p0481,14,B,481,30,28,0,0,
book-14-p0482,14,B,482,29,28,1,1,0.490615
book-14-p0483,14,B,483,29,28,3,3,0.394026
book-14-p0484,14,B,484,29,28,3,3,0.197666
book-14-p0485,14,B,485,29,28,0,0,
book-14-p0486,14,B,486,29,28,3,3,0.494051
book-14-p0487,14,B,487,26,25,2,2,0.274205
book-14-p0488,14,B,488,29,28,0,0,
book-14-p0489,14,B,489,29,28,2,2,0.395027
book-14-p0490,14,B,490,30,29,1,1,0.547123
book-14-p0491,14,B,491,30,28,1,1,0.367325
book-14-p0492,14,B,492,29,28,1,1,0.451646
book-14-p0493,14,B,493,30,28,4,4,0.435074
book-14-p0494,14,B,494,29,28,0,0,
book-14-p0495,14,B,495,30,28,0,0,
book-14-p0496,14,B,496,29,28,2,2,0.517773
book-14-p0497,14,B,497,27,25,1,1,0.348155
book-14-p0498,14,B,498,29,28,0,0,
book-14-p0499,14,B,499,29,28,1,1,0.289086
book-14-p0500,14,B,500,29,28,3,3,0.226079
book-14-p0501,14,B,501,29,28,1,1,0.396066
book-14-p0502,14,B,502,29,28,0,0,
book-14-p0503,14,B,503,29,28,4,4,0.385340
book-14-p0504,14,B,504,29,28,2,2,0.436761
book-14-p0505,14,B,505,29,28,6,6,0.361102
book-14-p0506,14,B,506,30,28,1,1,0.588896
book-14-p0507,14,B,507,30,28,0,0,
book-14-p0508,14,B,508,24,23,1,1,0.529598
book-14-p0509,14,B,509,29,28,4,4,0.310351
book-14-p0510,14,B,510,29,29,1,1,0.514869
book-14-p0511,14,B,511,30,28,2,2,0.522555
book-14-p0512,14,B,512,30,29,2,3,0.509600
book-14-p0513,14,B,513,29,28,1,1,0.508726
book-14-p0514,14,B,514,29,28,1,1,0.539835
book-14-p0515,14,B,515,29,28,1,1,0.598650
book-14-p0516,14,B,516,29,28,1,1,0.594710
book-14-p0517,14,B,517,30,29,8,8,0.458498
book-14-p0518,14,B,518,29,28,1,1,0.518268
book-14-p0519,14,B,519,29,27,1,2,0.552098
book-14-p0520,14,B,520,30,29,1,1,0.567138
book-14-p0521,14,B,521,28,27,5,6,0.113670
book-14-p0522,14,B,522,30,29,0,0,
book-14-p0523,14,B,523,30,28,0,0,
book-14-p0524,14,B,524,29,28,0,0,
book-14-p0525,14,B,525,30,28,4,4,0.491659
book-14-p0526,14,B,526,29,28,2,2,0.319420
book-14-p0527,14,B,527,30,29,1,1,0.573966
book-14-p0528,14,B,528,29,28,0,0,
book-14-p0529,14,B,529,30,28,6,6,0.291452
book-14-p0530,14,B,530,29,28,0,0,
book-14-p0531,14,B,531,29,28,2,2,0.310332
book-14-p0532,14,B,532,29,28,1,2,0.492054
book-14-p0533,14,B,533,29,28,0,0,
book-14-p0534,14,B,534,29,28,0,0,
book-14-p0535,14,B,535,29,28,0,0,
book-14-p0536,14,B,536,29,28,1,1,0.560669
book-14-p0537,14,B,537,29,28,3,3,0.559585
book-14-p0538,14,B,538,30,28,4,4,0.396616
book-14-p0539,14,B,539,30,28,0,0,
book-14-p0540,14,B,540,29,28,2,2,0.337806
book-14-p0541,14,B,541,30,28,1,1,0.451935
book-14-p0542,14,B,542,27,26,2,2,0.223821
book-14-p0543,14,B,543,30,28,0,0,
book-14-p0544,14,B,544,29,28,0,0,
book-14-p0545,14,B,545,30,28,1,1,0.576542
book-14-p0546,14,B,546,29,28,0,0,
book-14-p0547,14,B,547,29,28,1,1,0.555375
book-14-p0548,14,B,548,29,28,1,1,0.513259
book-14-p0549,14,B,549,29,28,2,2,0.512187
book-14-p0550,14,B,550,29,28,0,0,
book-14-p0551,14,B,551,29,28,1,1,0.563763
book-14-p0552,14,B,552,29,28,2,3,0.398654
book-14-p0553,14,B,553,26,25,1,1,0.206735
book-14-p0554,14,B,554,30,28,2,2,0.484226
book-14-p0555,14,B,555,30,28,1,1,0.558978
book-14-p0556,14,B,556,30,29,0,0,
book-14-p0557,14,B,557,31,29,1,1,0.571690
book-14-p0558,14,B,558,30,29,3,3,0.302158
book-14-p0559,14,B,559,31,29,2,2,0.459319
book-14-p0560,14,B,560,30,30,0,0,
book-14-p0561,14,B,561,31,29,4,4,0.515587
book-14-p0562,14,B,562,30,29,3,3,0.360260
book-14-p0563,14,B,563,30,29,3,3,0.139937
book-14-p0564,14,B,564,30,29,2,2,0.484043
book-14-p0565,14,B,565,30,29,0,0,
book-14-p0566,14,B,566,30,29,1,1,0.529093
book-14-p0567,14,B,567,30,29,3,3,0.334790
book-14-p0568,14,B,568,30,29,2,2,0.586877
book-14-p0569,14,B,569,29,28,0,0,
book-14-p0570,14,B,570,31,29,5,5,0.363956
book-14-p0571,14,B,571,31,29,1,1,0.466912
book-14-p0572,14,B,572,30,29,2,2,0.549199
book-14-p0573,14,B,573,31,29,2,2,0.569594
book-14-p0574,14,B,574,30,28,2,2,0.375358
book-14-p0575,14,B,575,31,29,0,0,
book-14-p0576,14,B,576,30,29,0,0,
book-14-p0577,14,B,577,31,29,1,1,0.512318
book-14-p0578,14,B,578,30,29,0,0,
book-14-p0579,14,B,579,30,29,2,2,0.137461
book-14-p0580,14,B,580,30,29,2,2,0.467674
book-14-p0581,14,B,581,30,29,1,1,0.317852
book-14-p0582,14,B,582,27,26,1,1,0.413343
book-14-p0583,14,B,583,30,29,2,2,0.508850
book-14-p0584,14,B,584,30,29,0,0,
book-14-p0585,14,B,585,30,29,1,1,0.589418
book-14-p0586,14,B,586,31,29,1,1,0.521964
book-14-p0587,14,B,587,31,29,2,2,0.504409
book-14-p0588,14,B,588,30,29,3,3,0.249871
book-14-p0589,14,B,589,31,29,4,6,0.371483
book-14-p0590,14,B,590,30,29,2,2,0.536251
book-14-p0591,14,B,591,31,29,4,4,0.421233
book-14-p0592,14,B,592,30,29,2,2,0.388818
book-14-p0593,14,B,593,31,29,1,1,0.563880
book-14-p0594,14,B,594,30,29,3,3,0.333801
book-14-p0595,14,B,595,30,29,0,0,
book-14-p0596,14,B,596,30,29,3,3,0.372872
book-14-p0597,14,B,597,27,26,2,2,0.509287
book-14-p0598,14,B,598,30,29,1,1,0.578329
book-14-p0599,14,B,599,30,29,2,2,0.403874
book-14-p0600,14,B,600,30,29,3,3,0.492039
book-14-p0601,14,B,601,30,29,12,14,0.162255
book-14-p0602,14,B,602,31,29,2,2,0.499055
book-14-p0603,14,B,603,31,29,3,3,0.495789
book-14-p0604,14,B,604,30,30,4,4,0.453647
book-14-p0605,14,B,605,30,29,2,3,0.281582
book-14-p0606,14,B,606,30,29,0,0,
book-14-p0607,14,B,607,31,29,1,1,0.595105
book-14-p0608,14,B,608,30,29,0,0,
book-14-p0609,14,B,609,31,29,2,2,0.434551
book-14-p0610,14,B,610,30,29,1,1,0.545947
book-14-p0611,14,B,611,30,29,1,1,0.524070
book-14-p0612,14,B,612,30,29,1,1,0.552817
book-14-p0613,14,B,613,30,29,4,4,0.145648
book-14-p0614,14,B,614,30,29,2,2,0.541728
book-14-p0615,14,B,615,31,30,2,2,0.511561
book-14-p0616,14,B,616,30,29,2,2,0.331119
book-14-p0617,14,B,617,29,28,3,3,0.487017
book-14-p0618,14,B,618,31,29,2,2,0.217512
book-14-p0619,14,B,619,31,29,1,1,0.583859
book-14-p0620,14,B,620,30,29,1,1,0.386761
book-14-p0621,14,B,621,33,29,4,4,0.309262
book-14-p0622,14,B,622,30,29,0,0,
book-14-p0623,14,B,623,32,29,2,2,0.433390
book-14-p0624,14,B,624,30,29,0,0,
book-14-p0625,14,B,625,31,29,2,2,0.442786
book-14-p0626,14,B,626,30,29,0,0,
book-14-p0627,14,B,627,30,29,2,2,0.530524
book-14-p0628,14,B,628,30,29,2,2,0.356048
book-14-p0629,14,B,629,30,29,9,9,0.285719
book-14-p0630,14,B,630,30,29,5,5,0.389614
book-14-p0631,14,B,631,30,29,7,7,0.368153
book-14-p0632,14,B,632,30,29,1,1,0.511865
book-14-p0633,14,B,633,28,27,14,18,0.194953
book-14-p0634,14,B,634,31,29,0,0,
book-14-p0635,14,B,635,30,29,1,1,0.533089
book-14-p0636,14,B,636,30,29,0,0,
book-14-p0637,14,B,637,30,29,2,2,0.514775
book-14-p0638,14,B,638,30,29,2,2,0.472806
book-14-p0639,14,B,639,32,29,0,0,
book-14-p0640,14,B,640,30,29,2,2,0.491167
book-14-p0641,14,B,641,31,29,0,0,
book-14-p0642,14,B,642,30,29,0,0,
book-14-p0643,14,B,643,30,29,1,1,0.181104
book-14-p0644,14,B,644,30,29,2,2,0.571427
book-14-p0645,14,B,645,28,27,7,9,0.297145
book-14-p0646,14,B,646,30,29,1,1,0.520578
book-14-p0647,14,B,647,30,29,2,2,0.505607
book-14-p0648,14,B,648,30,29,1,1,0.549322
book-14-p0649,14,B,649,30,29,3,3,0.428751
book-14-p0650,14,B,650,31,29,1,1,0.521909
book-14-p0651,14,B,651,30,29,1,1,0.499575
book-14-p0652,14,B,652,30,29,2,2,0.433035
book-14-p0653,14,B,653,28,27,2,2,0.593924
book-14-p0654,14,B,654,30,30,0,0,
book-14-p0655,14,B,655,30,29,1,1,0.439251
book-14-p0656,14,B,656,30,29,3,3,0.560281
book-14-p0657,14,B,657,31,29,1,1,0.550317
book-14-p0658,14,B,658,30,29,4,4,0.510007
book-14-p0659,14,B,659,30,29,8,9,0.101257
book-14-p0660,14,B,660,30,29,4,4,0.382916
book-14-p0661,14,B,661,31,29,4,4,0.505240
book-14-p0662,14,B,662,30,29,1,1,0.526174
book-14-p0663,14,B,663,31,29,2,3,0.305890
book-14-p0664,14,B,664,30,29,4,5,0.411677
book-14-p0665,14,B,665,31,29,8,8,0.320125
book-14-p0666,14,B,666,31,30,2,2,0.504690
book-14-p0667,14,B,667,32,29,5,5,0.523318
book-14-p0668,14,B,668,29,28,0,0,
book-14-p0669,14,B,669,30,27,2,2,0.451256
book-14-p0670,14,B,670,30,29,1,1,0.594080
book-14-p0671,14,B,671,31,29,1,1,0.592271
book-14-p0672,14,B,672,30,29,1,1,0.506415
book-14-p0673,14,B,673,31,29,1,1,0.575382
book-14-p0674,14,B,674,30,29,2,2,0.563827
book-14-p0675,14,B,675,30,29,1,1,0.575625
book-14-p0676,14,B,676,27,26,1,1,0.497657
book-14-p0677,14,B,677,30,29,5,5,0.376836
book-14-p0678,14,B,678,30,29,1,1,0.542809
book-14-p0679,14,B,679,31,29,8,9,0.351412
book-14-p0680,14,B,680,30,29,0,0,
book-14-p0681,14,B,681,30,29,9,9,0.205100
book-14-p0682,14,B,682,31,29,0,0,
book-14-p0683,14,B,683,31,29,0,0,
book-14-p0684,14,B,684,30,29,1,1,0.557815
book-14-p0685,14,B,685,30,29,2,2,0.452942
book-14-p0686,14,B,686,30,29,0,0,
book-14-p0687,14,B,687,31,29,3,3,0.294760
book-14-p0688,14,B,688,30,29,2,2,0.502244
book-14-p0689,14,B,689,31,29,1,1,0.526732
book-14-p0690,14,B,690,30,29,0,0,
book-14-p0691,14,B,691,30,29,0,0,
book-14-p0692,14,B,692,30,29,0,0,
book-14-p0693,14,B,693,28,27,4,4,0.306748
book-14-p0694,14,B,694,30,29,0,0,
book-14-p0695,14,B,695,30,29,1,1,0.528035
book-14-p0696,14,B,696,30,29,3,3,0.509427
book-14-p0697,14,B,697,29,28,4,4,0.508477
book-14-p0698,14,B,698,31,29,0,0,
book-14-p0699,14,B,699,30,29,2,2,0.507395
book-14-p0700,14,B,700,30,29,1,1,0.507217
book-14-p0701,14,B,701,31,29,2,2,0.543655
book-14-p0702,14,B,702,26,25,0,0,
book-14-p0703,14,B,703,32,29,1,1,0.540263
book-14-p0704,14,B,704,30,29,0,0,
book-14-p0705,14,B,705,32,30,0,0,
book-14-p0706,14,B,706,30,29,0,0,
book-14-p0707,14,B,707,31,29,0,0,
book-14-p0708,14,B,708,30,29,1,1,0.437041
book-14-p0709,14,B,709,31,29,1,1,0.543163
book-14-p0710,14,B,710,31,30,0,0,
book-14-p0711,14,B,711,28,27,1,1,0.532634
book-14-p0712,14,B,712,30,29,1,1,0.522648
book-14-p0713,14,B,713,30,29,0,0,
book-14-p0714,14,B,714,31,29,1,1,0.464559
book-14-p0715,14,B,715,30,29,1,1,0.319102
book-14-p0716,14,B,716,30,29,0,0,
book-14-p0717,14,B,717,31,29,2,2,0.190681
book-14-p0718,14,B,718,30,29,0,0,
book-14-p0719,14,B,719,32,29,1,1,0.548477
book-14-p0720,14,B,720,30,29,1,1,0.595570
book-14-p0721,14,B,721,32,29,0,0,
book-14-p0722,14,B,722,30,29,1,1,0.580310
book-14-p0723,14,B,723,31,30,1,1,0.426860
book-14-p0724,14,B,724,30,29,0,0,
book-14-p0725,14,B,725,30,29,1,1,0.586500
book-14-p0726,14,B,726,25,24,1,1,0.567150
book-14-p0727,14,B,727,28,27,0,0,
book-14-p0728,14,B,728,30,29,0,0,
book-14-p0729,14,B,729,30,29,2,2,0.326760
book-14-p0730,14,B,730,31,29,1,1,0.524184
book-14-p0731,14,B,731,31,29,0,0,
book-14-p0732,14,B,732,30,30,1,1,0.524000
book-14-p0733,14,B,733,31,29,2,2,0.367244
book-14-p0734,14,B,734,30,29,1,1,0.294301
book-14-p0735,14,B,735,31,29,0,0,
book-14-p0736,14,B,736,30,29,0,0,
book-14-p0737,14,B,737,31,29,0,0,
book-14-p0738,14,B,738,30,29,0,0,
book-14-p0739,14,B,739,30,29,0,0,
book-14-p0740,14,B,740,30,29,1,1,0.596372
book-14-p0741,14,B,741,30,29,2,2,0.497607
book-14-p0742,14,B,742,30,29,0,0,
book-14-p0743,14,B,743,31,29,0,0,
book-14-p0744,14,B,744,30,30,2,2,0.495647
book-14-p0745,14,B,745,18,16,4,6,0.399426
book-14-p0746,14,B,746,0,0,0,0,
book-14-p0747,14,B,747,0,0,0,0,
book-14-p0748,14,B,748,0,0,0,0,
book-14-p0749,14,B,749,0,0,0,0,
book-14-p0750,14,B,750,0,0,0,0,
book-14-p0751,14,B,751,0,0,0,0,
book-14-p0752,14,B,752,0,0,0,0,
book-14-p0753,14,B,753,1,1,1,2,0.470015
book-14-p0754,14,B,754,0,0,0,0,
book-14-p0755,14,B,755,0,0,0,0,
book-14-p0756,14,B,756,0,0,0,0,
book-15-p0001,15,B,1,8,7,6,11,0.156679
book-15-p0002,15,B,2,35,34,18,33,0.260086
book-15-p0003,15,B,3,1,1,1,2,0.484200
book-15-p0004,15,B,4,0,0,0,0,
book-15-p0005,15,B,5,18,10,0,0,
book-15-p0006,15,B,6,0,0,0,0,
book-15-p0007,15,B,7,24,22,0,0,
book-15-p0008,15,B,8,30,29,1,1,0.483152
book-15-p0009,15,B,9,31,29,1,1,0.462246
book-15-p0010,15,B,10,30,29,1,2,0.391863
book-15-p0011,15,B,11,31,29,0,0,
book-15-p0012,15,B,12,30,29,0,0,
book-15-p0013,15,B,13,30,29,0,0,
book-15-p0014,15,B,14,30,29,1,1,0.409513
book-15-p0015,15,B,15,31,30,1,1,0.318010
book-15-p0016,15,B,16,30,29,2,2,0.502764
book-15-p0017,15,B,17,30,29,0,0,
book-15-p0018,15,B,18,30,29,0,0,
book-15-p0019,15,B,19,30,29,0,0,
book-15-p0020,15,B,20,31,29,0,0,
book-15-p0021,15,B,21,31,29,0,0,
book-15-p0022,15,B,22,30,29,1,1,0.331242
book-15-p0023,15,B,23,32,29,0,0,
book-15-p0024,15,B,24,30,29,0,0,
book-15-p0025,15,B,25,32,29,0,0,
book-15-p0026,15,B,26,30,29,0,0,
book-15-p0027,15,B,27,31,29,1,1,0.525217
book-15-p0028,15,B,28,30,29,1,1,0.481137
book-15-p0029,15,B,29,31,29,0,0,
book-15-p0030,15,B,30,29,28,1,1,0.556294
book-15-p0031,15,B,31,31,30,0,0,
book-15-p0032,15,B,32,30,29,0,0,
book-15-p0033,15,B,33,31,30,0,0,
book-15-p0034,15,B,34,30,29,0,0,
book-15-p0035,15,B,35,31,29,0,0,
book-15-p0036,15,B,36,31,29,1,1,0.508806
book-15-p0037,15,B,37,31,29,2,2,0.555436
book-15-p0038,15,B,38,30,29,1,1,0.521667
book-15-p0039,15,B,39,31,30,0,0,
book-15-p0040,15,B,40,30,29,1,1,0.586244
book-15-p0041,15,B,41,32,29,0,0,
book-15-p0042,15,B,42,30,29,0,0,
book-15-p0043,15,B,43,32,29,1,1,0.552603
book-15-p0044,15,B,44,30,29,1,1,0.570554
book-15-p0045,15,B,45,31,29,1,1,0.597629
book-15-p0046,15,B,46,30,29,2,2,0.547087
book-15-p0047,15,B,47,31,29,1,1,0.504878
book-15-p0048,15,B,48,30,29,0,0,
book-15-p0049,15,B,49,30,28,3,3,0.512617
book-15-p0050,15,B,50,28,27,2,2,0.578429
book-15-p0051,15,B,51,31,29,0,0,
book-15-p0052,15,B,52,31,29,2,2,0.514776
book-15-p0053,15,B,53,32,29,1,1,0.588986
book-15-p0054,15,B,54,30,29,0,0,
book-15-p0055,15,B,55,33,29,0,0,
book-15-p0056,15,B,56,30,29,0,0,
book-15-p0057,15,B,57,32,29,2,2,0.502948
book-15-p0058,15,B,58,30,29,0,0,
book-15-p0059,15,B,59,32,29,0,0,
book-15-p0060,15,B,60,30,29,0,0,
book-15-p0061,15,B,61,31,29,0,0,
book-15-p0062,15,B,62,30,29,1,1,0.530622
book-15-p0063,15,B,63,31,29,1,1,0.588850
book-15-p0064,15,B,64,30,29,0,0,
book-15-p0065,15,B,65,31,29,0,0,
book-15-p0066,15,B,66,30,29,0,0,
book-15-p0067,15,B,67,31,29,0,0,
book-15-p0068,15,B,68,31,29,1,1,0.476494
book-15-p0069,15,B,69,31,29,1,1,0.528196
book-15-p0070,15,B,70,30,29,2,2,0.523318
book-15-p0071,15,B,71,31,29,0,0,
book-15-p0072,15,B,72,30,29,0,0,
book-15-p0073,15,B,73,31,29,0,0,
book-15-p0074,15,B,74,30,29,0,0,
book-15-p0075,15,B,75,31,29,1,1,0.431960
book-15-p0076,15,B,76,30,29,0,0,
book-15-p0077,15,B,77,30,29,1,1,0.511137
book-15-p0078,15,B,78,30,29,1,1,0.532659
book-15-p0079,15,B,79,31,30,1,1,0.535679
book-15-p0080,15,B,80,30,29,1,1,0.531095
book-15-p0081,15,B,81,30,29,1,1,0.523775
book-15-p0082,15,B,82,30,29,1,1,0.582233
book-15-p0083,15,B,83,31,29,1,1,0.533661
book-15-p0084,15,B,84,31,29,0,0,
book-15-p0085,15,B,85,31,29,1,1,0.540728
book-15-p0086,15,B,86,30,29,0,0,
book-15-p0087,15,B,87,28,27,2,2,0.377900
book-15-p0088,15,B,88,30,29,1,1,0.583559
book-15-p0089,15,B,89,32,29,2,2,0.576753
book-15-p0090,15,B,90,30,29,1,1,0.474489
book-15-p0091,15,B,91,32,29,0,0,
book-15-p0092,15,B,92,30,29,1,1,0.402833
book-15-p0093,15,B,93,31,29,0,0,
book-15-p0094,15,B,94,30,29,1,1,0.542928
book-15-p0095,15,B,95,31,30,1,1,0.458279
book-15-p0096,15,B,96,30,29,0,0,
book-15-p0097,15,B,97,31,30,1,1,0.560999
book-15-p0098,15,B,98,30,29,0,0,
book-15-p0099,15,B,99,31,29,0,0,
book-15-p0100,15,B,100,31,30,0,0,
book-15-p0101,15,B,101,31,29,1,1,0.504276
book-15-p0102,15,B,102,28,27,0,0,
book-15-p0103,15,B,103,29,28,0,0,
book-15-p0104,15,B,104,30,29,0,0,
book-15-p0105,15,B,105,32,29,0,0,
book-15-p0106,15,B,106,30,29,2,2,0.388566
book-15-p0107,15,B,107,32,29,0,0,
book-15-p0108,15,B,108,30,29,2,2,0.463663
book-15-p0109,15,B,109,30,29,3,3,0.259136
book-15-p0110,15,B,110,31,29,0,0,
book-15-p0111,15,B,111,30,29,0,0,
book-15-p0112,15,B,112,30,29,0,0,
book-15-p0113,15,B,113,30,29,2,2,0.460637
book-15-p0114,15,B,114,30,29,1,1,0.561532
book-15-p0115,15,B,115,31,29,0,0,
book-15-p0116,15,B,116,31,29,1,1,0.248925
book-15-p0117,15,B,117,31,29,2,2,0.377535
book-15-p0118,15,B,118,30,29,2,2,0.485858
book-15-p0119,15,B,119,31,29,0,0,
book-15-p0120,15,B,120,30,29,0,0,
book-15-p0121,15,B,121,31,29,0,0,
book-15-p0122,15,B,122,30,29,0,0,
book-15-p0123,15,B,123,32,29,0,0,
book-15-p0124,15,B,124,30,29,3,3,0.328293
book-15-p0125,15,B,125,30,29,3,3,0.578001
book-15-p0126,15,B,126,30,29,1,1,0.533015
book-15-p0127,15,B,127,31,29,0,0,
book-15-p0128,15,B,128,30,29,0,0,
book-15-p0129,15,B,129,30,29,1,1,0.547795
book-15-p0130,15,B,130,30,29,1,1,0.554939
book-15-p0131,15,B,131,31,29,1,1,0.549352
book-15-p0132,15,B,132,31,30,1,1,0.540804
book-15-p0133,15,B,133,31,29,0,0,
book-15-p0134,15,B,134,30,29,0,0,
book-15-p0135,15,B,135,30,29,2,2,0.521419
book-15-p0136,15,B,136,30,29,0,0,
book-15-p0137,15,B,137,31,29,2,2,0.258177
book-15-p0138,15,B,138,30,29,2,2,0.206164
book-15-p0139,15,B,139,33,30,1,1,0.596464
book-15-p0140,15,B,140,30,29,0,0,
book-15-p0141,15,B,141,31,29,1,1,0.593392
book-15-p0142,15,B,142,30,29,0,0,
book-15-p0143,15,B,143,31,29,0,0,
book-15-p0144,15,B,144,30,29,0,0,
book-15-p0145,15,B,145,30,29,1,1,0.529131
book-15-p0146,15,B,146,27,26,0,0,
book-15-p0147,15,B,147,31,29,0,0,
book-15-p0148,15,B,148,31,29,1,1,0.526066
book-15-p0149,15,B,149,31,29,1,1,0.560695
book-15-p0150,15,B,150,30,29,0,0,
book-15-p0151,15,B,151,31,29,1,1,0.576210
book-15-p0152,15,B,152,30,29,2,2,0.419941
book-15-p0153,15,B,153,31,29,0,0,
book-15-p0154,15,B,154,30,29,0,0,
book-15-p0155,15,B,155,31,30,1,1,0.534869
book-15-p0156,15,B,156,30,29,0,0,
book-15-p0157,15,B,157,30,29,0,0,
book-15-p0158,15,B,158,30,29,0,0,
book-15-p0159,15,B,159,31,30,0,0,
book-15-p0160,15,B,160,27,26,1,1,0.550745
book-15-p0161,15,B,161,31,29,0,0,
book-15-p0162,15,B,162,30,29,1,1,0.530204
book-15-p0163,15,B,163,31,29,2,2,0.536923
book-15-p0164,15,B,164,31,29,1,1,0.500684
book-15-p0165,15,B,165,32,29,1,1,0.551045
book-15-p0166,15,B,166,30,29,1,1,0.526003
book-15-p0167,15,B,167,32,29,2,2,0.550184
book-15-p0168,15,B,168,30,29,0,0,
book-15-p0169,15,B,169,32,29,0,0,
book-15-p0170,15,B,170,30,29,0,0,
book-15-p0171,15,B,171,32,30,1,1,0.547581
book-15-p0172,15,B,172,30,29,2,2,0.549502
book-15-p0173,15,B,173,31,30,0,0,
book-15-p0174,15,B,174,30,29,1,1,0.593177
book-15-p0175,15,B,175,31,30,0,0,
book-15-p0176,15,B,176,30,29,2,2,0.301616
book-15-p0177,15,B,177,30,29,0,0,
book-15-p0178,15,B,178,30,29,1,1,0.584076
book-15-p0179,15,B,179,31,30,0,0,
book-15-p0180,15,B,180,30,28,1,1,0.471253
book-15-p0181,15,B,181,32,30,0,0,
book-15-p0182,15,B,182,30,29,0,0,
book-15-p0183,15,B,183,32,29,2,2,0.291927
book-15-p0184,15,B,184,30,29,0,0,
book-15-p0185,15,B,185,32,29,0,0,
book-15-p0186,15,B,186,30,29,1,1,0.486773
book-15-p0187,15,B,187,32,29,3,3,0.535967
book-15-p0188,15,B,188,30,29,0,0,
book-15-p0189,15,B,189,27,26,1,1,0.314558
book-15-p0190,15,B,190,30,29,0,0,
book-15-p0191,15,B,191,31,29,0,0,
book-15-p0192,15,B,192,30,29,0,0,
book-15-p0193,15,B,193,30,29,0,0,
book-15-p0194,15,B,194,30,29,3,4,0.312869
book-15-p0195,15,B,195,31,30,1,1,0.507597
book-15-p0196,15,B,196,31,29,0,0,
book-15-p0197,15,B,197,31,29,2,2,0.513336
book-15-p0198,15,B,198,30,29,0,0,
book-15-p0199,15,B,199,34,29,0,0,
book-15-p0200,15,B,200,30,29,0,0,
book-15-p0201,15,B,201,31,29,0,0,
book-15-p0202,15,B,202,30,29,0,0,
book-15-p0203,15,B,203,32,29,1,1,0.581741
book-15-p0204,15,B,204,30,29,1,1,0.578259
book-15-p0205,15,B,205,30,29,1,1,0.524420
book-15-p0206,15,B,206,30,29,0,0,
book-15-p0207,15,B,207,30,29,1,1,0.589227
book-15-p0208,15,B,208,30,29,2,2,0.359402
book-15-p0209,15,B,209,31,29,4,4,0.321749
book-15-p0210,15,B,210,30,29,0,0,
book-15-p0211,15,B,211,30,29,1,1,0.475976
book-15-p0212,15,B,212,31,29,0,0,
book-15-p0213,15,B,213,28,26,0,0,
book-15-p0214,15,B,214,30,29,0,0,
book-15-p0215,15,B,215,30,29,0,0,
book-15-p0216,15,B,216,30,29,0,0,
book-15-p0217,15,B,217,32,29,1,1,0.553255
book-15-p0218,15,B,218,30,29,0,0,
book-15-p0219,15,B,219,31,29,0,0,
book-15-p0220,15,B,220,30,29,0,0,
book-15-p0221,15,B,221,30,29,0,0,
book-15-p0222,15,B,222,30,29,1,1,0.551980
book-15-p0223,15,B,223,31,30,0,0,
book-15-p0224,15,B,224,30,29,1,1,0.502810
book-15-p0225,15,B,225,30,28,0,0,
book-15-p0226,15,B,226,30,29,1,1,0.513550
book-15-p0227,15,B,227,30,29,1,1,0.590286
book-15-p0228,15,B,228,30,28,2,2,0.545834
book-15-p0229,15,B,229,31,29,0,0,
book-15-p0230,15,B,230,30,29,1,1,0.498732
book-15-p0231,15,B,231,30,29,1,1,0.594936
book-15-p0232,15,B,232,30,29,1,1,0.538394
book-15-p0233,15,B,233,32,30,0,0,
book-15-p0234,15,B,234,30,29,1,1,0.533318
book-15-p0235,15,B,235,31,29,0,0,
book-15-p0236,15,B,236,30,29,2,2,0.412667
book-15-p0237,15,B,237,31,29,1,1,0.504573
book-15-p0238,15,B,238,30,29,0,0,
book-15-p0239,15,B,239,30,29,0,0,
book-15-p0240,15,B,240,30,29,0,0,
book-15-p0241,15,B,241,31,30,0,0,
book-15-p0242,15,B,242,30,29,1,1,0.516388
book-15-p0243,15,B,243,30,29,0,0,
book-15-p0244,15,B,244,30,28,1,1,0.598704
book-15-p0245,15,B,245,30,29,2,2,0.526513
book-15-p0246,15,B,246,29,28,0,0,
book-15-p0247,15,B,247,30,29,1,1,0.511310
book-15-p0248,15,B,248,30,29,0,0,
book-15-p0249,15,B,249,31,29,0,0,
book-15-p0250,15,B,250,30,29,0,0,
book-15-p0251,15,B,251,29,27,2,3,0.513751
book-15-p0252,15,B,252,30,29,2,2,0.505552
book-15-p0253,15,B,253,31,29,2,2,0.536264
book-15-p0254,15,B,254,30,29,1,1,0.568918
book-15-p0255,15,B,255,30,29,0,0,
book-15-p0256,15,B,256,30,29,1,1,0.537892
book-15-p0257,15,B,257,31,29,0,0,
book-15-p0258,15,B,258,30,29,0,0,
book-15-p0259,15,B,259,31,30,0,0,
book-15-p0260,15,B,260,31,29,1,1,0.524166
book-15-p0261,15,B,261,31,29,1,1,0.510020
book-15-p0262,15,B,262,30,29,1,1,0.559044
book-15-p0263,15,B,263,31,29,0,0,
book-15-p0264,15,B,264,30,29,0,0,
book-15-p0265,15,B,265,32,29,3,3,0.504603
book-15-p0266,15,B,266,30,29,0,0,
book-15-p0267,15,B,267,32,30,1,1,0.587593
book-15-p0268,15,B,268,30,29,0,0,
book-15-p0269,15,B,269,31,29,0,0,
book-15-p0270,15,B,270,30,29,0,0,
book-15-p0271,15,B,271,31,30,1,1,0.596214
book-15-p0272,15,B,272,30,29,0,0,
book-15-p0273,15,B,273,30,29,0,0,
book-15-p0274,15,B,274,30,29,0,0,
book-15-p0275,15,B,275,31,30,3,3,0.534048
book-15-p0276,15,B,276,31,29,0,0,
book-15-p0277,15,B,277,30,29,0,0,
book-15-p0278,15,B,278,30,29,0,0,
book-15-p0279,15,B,279,31,29,1,1,0.431237
book-15-p0280,15,B,280,30,29,2,2,0.273538
book-15-p0281,15,B,281,32,29,1,1,0.546073
book-15-p0282,15,B,282,30,29,0,0,
book-15-p0283,15,B,283,32,29,0,0,
book-15-p0284,15,B,284,30,29,1,1,0.535187
book-15-p0285,15,B,285,31,29,0,0,
book-15-p0286,15,B,286,30,29,0,0,
book-15-p0287,15,B,287,31,29,0,0,
book-15-p0288,15,B,288,30,29,0,0,
book-15-p0289,15,B,289,31,29,1,1,0.396008
book-15-p0290,15,B,290,27,26,1,1,0.563384
book-15-p0291,15,B,291,30,29,0,0,
book-15-p0292,15,B,292,31,29,1,1,0.509643
book-15-p0293,15,B,293,33,29,1,1,0.554161
book-15-p0294,15,B,294,30,29,5,5,0.426796
book-15-p0295,15,B,295,31,30,1,1,0.549086
book-15-p0296,15,B,296,30,29,1,1,0.564592
book-15-p0297,15,B,297,32,29,0,0,
book-15-p0298,15,B,298,30,29,2,2,0.539451
book-15-p0299,15,B,299,31,30,0,0,
book-15-p0300,15,B,300,30,29,0,0,
book-15-p0301,15,B,301,31,29,1,1,0.587353
book-15-p0302,15,B,302,30,29,0,0,
book-15-p0303,15,B,303,31,29,0,0,
book-15-p0304,15,B,304,30,29,1,1,0.599451
book-15-p0305,15,B,305,31,29,0,0,
book-15-p0306,15,B,306,30,29,0,0,
book-15-p0307,15,B,307,29,27,1,1,0.385244
book-15-p0308,15,B,308,31,29,0,0,
book-15-p0309,15,B,309,30,29,0,0,
book-15-p0310,15,B,310,30,29,2,2,0.446995
book-15-p0311,15,B,311,30,29,0,0,
book-15-p0312,15,B,312,30,29,0,0,
book-15-p0313,15,B,313,31,29,1,1,0.581509
book-15-p0314,15,B,314,30,29,0,0,
book-15-p0315,15,B,315,32,29,0,0,
book-15-p0316,15,B,316,30,29,0,0,
book-15-p0317,15,B,317,31,29,0,0,
book-15-p0318,15,B,318,28,27,0,0,
book-15-p0319,15,B,319,31,29,1,1,0.528207
book-15-p0320,15,B,320,30,29,0,0,
book-15-p0321,15,B,321,31,29,0,0,
book-15-p0322,15,B,322,30,29,2,2,0.540075
book-15-p0323,15,B,323,31,29,0,0,
book-15-p0324,15,B,324,31,30,0,0,
book-15-p0325,15,B,325,32,29,1,1,0.561412
book-15-p0326,15,B,326,30,29,0,0,
book-15-p0327,15,B,327,32,29,1,1,0.595033
book-15-p0328,15,B,328,30,29,1,1,0.463567
book-15-p0329,15,B,329,31,29,4,4,0.418276
book-15-p0330,15,B,330,30,29,0,0,
book-15-p0331,15,B,331,32,29,0,0,
book-15-p0332,15,B,332,30,29,1,2,0.533169
book-15-p0333,15,B,333,31,29,1,1,0.566623
book-15-p0334,15,B,334,30,29,1,1,0.567309
book-15-p0335,15,B,335,30,28,1,1,0.507263
book-15-p0336,15,B,336,30,29,5,5,0.428833
book-15-p0337,15,B,337,30,29,2,2,0.468770
book-15-p0338,15,B,338,30,29,1,1,0.521638
book-15-p0339,15,B,339,31,29,1,1,0.175005
book-15-p0340,15,B,340,31,30,1,1,0.390767
book-15-p0341,15,B,341,30,29,1,1,0.579999
book-15-p0342,15,B,342,30,29,0,0,
book-15-p0343,15,B,343,29,26,1,1,0.525374
book-15-p0344,15,B,344,29,28,0,0,
book-15-p0345,15,B,345,31,28,0,0,
book-15-p0346,15,B,346,29,28,0,0,
book-15-p0347,15,B,347,32,29,0,0,
book-15-p0348,15,B,348,30,29,0,0,
book-15-p0349,15,B,349,31,29,0,0,
book-15-p0350,15,B,350,30,29,0,0,
book-15-p0351,15,B,351,31,29,0,0,
book-15-p0352,15,B,352,30,29,2,2,0.543603
book-15-p0353,15,B,353,30,29,0,0,
book-15-p0354,15,B,354,30,29,1,1,0.556565
book-15-p0355,15,B,355,30,28,2,2,0.217723
book-15-p0356,15,B,356,31,29,1,1,0.508299
book-15-p0357,15,B,357,32,29,0,0,
book-15-p0358,15,B,358,28,27,1,1,0.440260
book-15-p0359,15,B,359,32,29,0,0,
book-15-p0360,15,B,360,30,29,1,1,0.575242
book-15-p0361,15,B,361,32,29,0,0,
book-15-p0362,15,B,362,30,29,0,0,
book-15-p0363,15,B,363,31,29,1,1,0.516659
book-15-p0364,15,B,364,30,29,2,2,0.535562
book-15-p0365,15,B,365,31,29,0,0,
book-15-p0366,15,B,366,30,29,1,1,0.565279
book-15-p0367,15,B,367,30,29,0,0,
book-15-p0368,15,B,368,30,29,1,1,0.513967
book-15-p0369,15,B,369,31,29,1,1,0.528763
book-15-p0370,15,B,370,30,29,0,0,
book-15-p0371,15,B,371,31,29,0,0,
book-15-p0372,15,B,372,31,29,1,1,0.507602
book-15-p0373,15,B,373,31,29,0,0,
book-15-p0374,15,B,374,30,29,1,1,0.526857
book-15-p0375,15,B,375,32,29,0,0,
book-15-p0376,15,B,376,30,29,0,0,
book-15-p0377,15,B,377,32,29,0,0,
book-15-p0378,15,B,378,30,29,0,0,
book-15-p0379,15,B,379,31,29,0,0,
book-15-p0380,15,B,380,30,29,0,0,
book-15-p0381,15,B,381,31,30,0,0,
book-15-p0382,15,B,382,30,29,0,0,
book-15-p0383,15,B,383,28,26,2,2,0.562504
book-15-p0384,15,B,384,30,29,0,0,
book-15-p0385,15,B,385,31,29,1,1,0.544576
book-15-p0386,15,B,386,30,29,0,0,
book-15-p0387,15,B,387,30,29,0,0,
book-15-p0388,15,B,388,31,29,0,0,
book-15-p0389,15,B,389,31,29,0,0,
book-15-p0390,15,B,390,30,29,2,2,0.528821
book-15-p0391,15,B,391,32,29,2,2,0.471159
book-15-p0392,15,B,392,30,29,1,1,0.534470
book-15-p0393,15,B,393,31,28,0,0,
book-15-p0394,15,B,394,28,27,1,1,0.447683
book-15-p0395,15,B,395,32,29,1,1,0.533331
book-15-p0396,15,B,396,30,29,1,1,0.525635
book-15-p0397,15,B,397,31,29,0,0,
book-15-p0398,15,B,398,30,29,2,2,0.318482
book-15-p0399,15,B,399,30,29,0,0,
book-15-p0400,15,B,400,30,29,0,0,
book-15-p0401,15,B,401,30,29,0,0,
book-15-p0402,15,B,402,30,29,0,0,
book-15-p0403,15,B,403,30,29,0,0,
book-15-p0404,15,B,404,31,30,0,0,
book-15-p0405,15,B,405,32,29,0,0,
book-15-p0406,15,B,406,30,29,1,1,0.573922
book-15-p0407,15,B,407,31,29,0,0,
book-15-p0408,15,B,408,30,29,0,0,
book-15-p0409,15,B,409,31,29,0,0,
book-15-p0410,15,B,410,30,29,0,0,
book-15-p0411,15,B,411,31,29,0,0,
book-15-p0412,15,B,412,29,28,0,0,
book-15-p0413,15,B,413,31,29,0,0,
book-15-p0414,15,B,414,30,29,1,1,0.558132
book-15-p0415,15,B,415,30,29,0,0,
book-15-p0416,15,B,416,30,29,0,0,
book-15-p0417,15,B,417,30,29,0,0,
book-15-p0418,15,B,418,30,29,0,0,
book-15-p0419,15,B,419,30,29,1,1,0.549944
book-15-p0420,15,B,420,31,30,1,1,0.537531
book-15-p0421,15,B,421,32,29,0,0,
book-15-p0422,15,B,422,30,29,0,0,
book-15-p0423,15,B,423,31,29,1,1,0.539558
book-15-p0424,15,B,424,30,29,1,1,0.322400
book-15-p0425,15,B,425,32,29,1,1,0.279835
book-15-p0426,15,B,426,30,29,0,0,
book-15-p0427,15,B,427,32,29,0,0,
book-15-p0428,15,B,428,30,29,1,1,0.514652
book-15-p0429,15,B,429,31,29,0,0,
book-15-p0430,15,B,430,30,29,1,1,0.556955
book-15-p0431,15,B,431,31,29,1,1,0.593365
book-15-p0432,15,B,432,29,27,1,1,0.310357
book-15-p0433,15,B,433,31,29,0,0,
book-15-p0434,15,B,434,30,29,0,0,
book-15-p0435,15,B,435,31,29,0,0,
book-15-p0436,15,B,436,31,29,1,1,0.502139
book-15-p0437,15,B,437,31,29,3,4,0.384945
book-15-p0438,15,B,438,30,29,0,0,
book-15-p0439,15,B,439,32,29,0,0,
book-15-p0440,15,B,440,31,29,0,0,
book-15-p0441,15,B,441,32,29,1,1,0.590704
book-15-p0442,15,B,442,30,29,0,0,
book-15-p0443,15,B,443,30,27,0,0,
book-15-p0444,15,B,444,30,29,1,1,0.561181
book-15-p0445,15,B,445,30,29,2,2,0.547821
book-15-p0446,15,B,446,30,29,0,0,
book-15-p0447,15,B,447,30,29,0,0,
book-15-p0448,15,B,448,30,29,1,2,0.505802
book-15-p0449,15,B,449,31,29,1,1,0.444079
book-15-p0450,15,B,450,30,29,0,0,
book-15-p0451,15,B,451,31,29,1,1,0.572610
book-15-p0452,15,B,452,31,29,1,1,0.507217
book-15-p0453,15,B,453,32,29,0,0,
book-15-p0454,15,B,454,30,29,0,0,
book-15-p0455,15,B,455,30,29,1,1,0.444559
book-15-p0456,15,B,456,30,29,3,5,0.223138
book-15-p0457,15,B,457,32,29,3,3,0.527674
book-15-p0458,15,B,458,30,29,1,1,0.570306
book-15-p0459,15,B,459,31,29,0,0,
book-15-p0460,15,B,460,30,29,0,0,
book-15-p0461,15,B,461,30,29,0,0,
book-15-p0462,15,B,462,30,29,1,1,0.460225
book-15-p0463,15,B,463,31,29,0,0,
book-15-p0464,15,B,464,28,27,1,2,0.490115
book-15-p0465,15,B,465,31,29,0,0,
book-15-p0466,15,B,466,30,29,0,0,
book-15-p0467,15,B,467,31,29,0,0,
book-15-p0468,15,B,468,31,29,0,0,
book-15-p0469,15,B,469,32,29,1,1,0.493215
book-15-p0470,15,B,470,30,29,0,0,
book-15-p0471,15,B,471,30,28,3,3,0.512305
book-15-p0472,15,B,472,30,29,0,0,
book-15-p0473,15,B,473,31,29,0,0,
book-15-p0474,15,B,474,30,29,0,0,
book-15-p0475,15,B,475,32,29,1,1,0.346737
book-15-p0476,15,B,476,30,29,0,0,
book-15-p0477,15,B,477,31,29,1,1,0.590814
book-15-p0478,15,B,478,30,29,1,1,0.537885
book-15-p0479,15,B,479,31,29,0,0,
book-15-p0480,15,B,480,30,29,1,1,0.424203
book-15-p0481,15,B,481,29,25,1,1,0.561289
book-15-p0482,15,B,482,28,27,1,1,0.538781
book-15-p0483,15,B,483,31,29,1,1,0.527894
book-15-p0484,15,B,484,31,29,4,4,0.242772
book-15-p0485,15,B,485,32,30,1,2,0.362982
book-15-p0486,15,B,486,30,29,1,1,0.357983
book-15-p0487,15,B,487,31,29,2,2,0.541778
book-15-p0488,15,B,488,30,29,1,1,0.564791
book-15-p0489,15,B,489,32,29,0,0,
book-15-p0490,15,B,490,30,29,0,0,
book-15-p0491,15,B,491,31,29,1,1,0.522529
book-15-p0492,15,B,492,30,29,1,1,0.496392
book-15-p0493,15,B,493,31,29,0,0,
book-15-p0494,15,B,494,27,26,2,2,0.537916
book-15-p0495,15,B,495,30,29,2,3,0.300081
book-15-p0496,15,B,496,30,29,0,0,
book-15-p0497,15,B,497,30,29,0,0,
book-15-p0498,15,B,498,30,29,0,0,
book-15-p0499,15,B,499,31,29,0,0,
book-15-p0500,15,B,500,31,29,0,0,
book-15-p0501,15,B,501,31,29,0,0,
book-15-p0502,15,B,502,30,29,1,1,0.599338
book-15-p0503,15,B,503,30,29,0,0,
book-15-p0504,15,B,504,28,26,3,4,0.514600
book-15-p0505,15,B,505,31,28,1,1,0.565081
book-15-p0506,15,B,506,30,29,0,0,
book-15-p0507,15,B,507,32,29,0,0,
book-15-p0508,15,B,508,30,29,1,1,0.561553
book-15-p0509,15,B,509,31,29,0,0,
book-15-p0510,15,B,510,30,29,0,0,
book-15-p0511,15,B,511,31,29,0,0,
book-15-p0512,15,B,512,30,29,0,0,
book-15-p0513,15,B,513,31,29,3,3,0.482586
book-15-p0514,15,B,514,30,29,1,1,0.528311
book-15-p0515,15,B,515,31,29,0,0,
book-15-p0516,15,B,516,31,29,2,2,0.383438
book-15-p0517,15,B,517,32,29,1,1,0.361488
book-15-p0518,15,B,518,30,29,1,1,0.472637
book-15-p0519,15,B,519,31,29,1,1,0.546936
book-15-p0520,15,B,520,30,29,0,0,
book-15-p0521,15,B,521,30,27,2,3,0.317971
book-15-p0522,15,B,522,30,29,0,0,
book-15-p0523,15,B,523,31,30,1,1,0.468055
book-15-p0524,15,B,524,30,29,2,2,0.498902
book-15-p0525,15,B,525,31,29,3,3,0.406361
book-15-p0526,15,B,526,30,29,1,1,0.503683
book-15-p0527,15,B,527,30,29,0,0,
book-15-p0528,15,B,528,30,29,2,2,0.520920
book-15-p0529,15,B,529,31,29,0,0,
book-15-p0530,15,B,530,30,29,0,0,
book-15-p0531,15,B,531,31,29,0,0,
book-15-p0532,15,B,532,31,29,1,1,0.530065
book-15-p0533,15,B,533,31,29,3,3,0.510043
book-15-p0534,15,B,534,30,29,1,1,0.531394
book-15-p0535,15,B,535,31,29,1,1,0.524747
book-15-p0536,15,B,536,30,29,1,1,0.185147
book-15-p0537,15,B,537,31,28,0,0,
book-15-p0538,15,B,538,28,27,0,0,
book-15-p0539,15,B,539,32,30,1,1,0.496329
book-15-p0540,15,B,540,31,29,0,0,
book-15-p0541,15,B,541,30,29,2,2,0.539215
book-15-p0542,15,B,542,30,29,1,1,0.587800
book-15-p0543,15,B,543,30,29,0,0,
book-15-p0544,15,B,544,31,29,1,1,0.497577
book-15-p0545,15,B,545,30,29,2,4,0.487457
book-15-p0546,15,B,546,30,29,0,0,
book-15-p0547,15,B,547,30,29,1,1,0.555655
book-15-p0548,15,B,548,31,29,1,1,0.522719
book-15-p0549,15,B,549,32,29,1,1,0.510873
book-15-p0550,15,B,550,30,29,0,0,
book-15-p0551,15,B,551,29,27,1,1,0.471150
book-15-p0552,15,B,552,30,29,1,1,0.512669
book-15-p0553,15,B,553,32,29,3,3,0.356570
book-15-p0554,15,B,554,30,29,2,2,0.543416
book-15-p0555,15,B,555,31,29,0,0,
book-15-p0556,15,B,556,31,30,0,0,
book-15-p0557,15,B,557,31,29,2,2,0.587539
book-15-p0558,15,B,558,30,29,0,0,
book-15-p0559,15,B,559,31,30,0,0,
book-15-p0560,15,B,560,30,29,1,1,0.581658
book-15-p0561,15,B,561,31,29,0,0,
book-15-p0562,15,B,562,30,29,0,0,
book-15-p0563,15,B,563,31,29,1,1,0.556547
book-15-p0564,15,B,564,31,29,3,3,0.448995
book-15-p0565,15,B,565,31,29,2,2,0.503408
book-15-p0566,15,B,566,30,29,0,0,
book-15-p0567,15,B,567,33,29,1,1,0.567666
book-15-p0568,15,B,568,30,29,2,2,0.388707
book-15-p0569,15,B,569,32,30,1,1,0.590570
book-15-p0570,15,B,570,30,29,0,0,
book-15-p0571,15,B,571,14,11,0,0,
book-15-p0572,15,B,572,32,31,3,3,0.266393
book-15-p0573,15,B,573,38,37,9,12,0.316448
book-15-p0574,15,B,574,37,36,9,9,0.273474
book-15-p0575,15,B,575,37,36,12,12,0.311286
book-15-p0576,15,B,576,27,23,5,5,0.234035
book-15-p0577,15,B,577,0,0,0,0,
book-15-p0578,15,B,578,0,0,0,0,
book-15-p0579,15,B,579,0,0,0,0,
book-15-p0580,15,B,580,0,0,0,0,
book-15-p0581,15,B,581,0,0,0,0,
book-15-p0582,15,B,582,0,0,0,0,
book-15-p0583,15,B,583,0,0,0,0,
book-15-p0584,15,B,584,0,0,0,0,
book-15-p0585,15,B,585,0,0,0,0,
book-15-p0586,15,B,586,0,0,0,0,
book-15-p0587,15,B,587,0,0,0,0,
book-15-p0588,15,B,588,0,0,0,0,
book-16-p0001,16,B,1,7,6,5,10,0.233877
book-16-p0002,16,B,2,36,35,21,40,0.232854
book-16-p0003,16,B,3,1,1,1,1,0.412201
book-16-p0004,16,B,4,0,0,0,0,
book-16-p0005,16,B,5,0,0,0,0,
book-16-p0006,16,B,6,0,0,0,0,
book-16-p0007,16,B,7,0,0,0,0,
book-16-p0008,16,B,8,0,0,0,0,
book-16-p0009,16,B,9,0,0,0,0,
book-16-p0010,16,B,10,22,21,21,115,0.080000
book-16-p0011,16,B,11,20,15,3,3,0.444805
book-16-p0012,16,B,12,0,0,0,0,
book-16-p0013,16,B,13,19,18,1,1,0.581318
book-16-p0014,16,B,14,24,23,4,4,0.479203
book-16-p0015,16,B,15,25,23,0,0,
book-16-p0016,16,B,16,24,23,2,3,0.478231
book-16-p0017,16,B,17,25,23,2,2,0.490949
book-16-p0018,16,B,18,24,23,1,1,0.289270
book-16-p0019,16,B,19,24,23,3,3,0.481533
book-16-p0020,16,B,20,24,23,2,2,0.504005
book-16-p0021,16,B,21,24,23,1,1,0.532523
book-16-p0022,16,B,22,24,23,1,1,0.589469
book-16-p0023,16,B,23,24,23,0,0,
book-16-p0024,16,B,24,24,23,1,1,0.548756
book-16-p0025,16,B,25,24,23,4,4,0.506584
book-16-p0026,16,B,26,25,23,3,4,0.465784
book-16-p0027,16,B,27,24,23,0,0,
book-16-p0028,16,B,28,24,23,3,3,0.520413
book-16-p0029,16,B,29,24,23,6,6,0.397971
book-16-p0030,16,B,30,8,5,0,0,
book-16-p0031,16,B,31,29,27,0,0,
book-16-p0032,16,B,32,30,29,0,0,
book-16-p0033,16,B,33,24,23,4,5,0.371911
book-16-p0034,16,B,34,23,22,0,0,
book-16-p0035,16,B,35,28,27,2,2,0.391492
book-16-p0036,16,B,36,28,28,5,5,0.191925
book-16-p0037,16,B,37,22,21,3,3,0.398997
book-16-p0038,16,B,38,27,25,3,3,0.559782
book-16-p0039,16,B,39,25,24,0,0,
book-16-p0040,16,B,40,17,15,2,2,0.410190
book-16-p0041,16,B,41,15,13,5,7,0.453848
book-16-p0042,16,B,42,9,7,3,4,0.242206
book-16-p0043,16,B,43,23,23,1,1,0.246198
book-16-p0044,16,B,44,30,29,1,1,0.538107
book-16-p0045,16,B,45,30,28,1,1,0.532665
book-16-p0046,16,B,46,30,29,0,0,
book-16-p0047,16,B,47,31,29,0,0,
book-16-p0048,16,B,48,30,29,0,0,
book-16-p0049,16,B,49,31,29,0,0,
book-16-p0050,16,B,50,27,26,1,1,0.541597
book-16-p0051,16,B,51,30,29,0,0,
book-16-p0052,16,B,52,30,29,2,2,0.509025
book-16-p0053,16,B,53,30,29,0,0,
book-16-p0054,16,B,54,28,27,0,0,
book-16-p0055,16,B,55,30,29,1,1,0.502926
book-16-p0056,16,B,56,30,29,0,0,
book-16-p0057,16,B,57,30,29,0,0,
book-16-p0058,16,B,58,31,29,0,0,
book-16-p0059,16,B,59,31,29,1,1,0.586277
book-16-p0060,16,B,60,27,26,0,0,
book-16-p0061,16,B,61,31,29,0,0,
book-16-p0062,16,B,62,30,29,2,2,0.557881
book-16-p0063,16,B,63,32,29,1,1,0.525598
book-16-p0064,16,B,64,25,22,0,0,
book-16-p0065,16,B,65,30,27,4,4,0.445520
book-16-p0066,16,B,66,30,29,0,0,
book-16-p0067,16,B,67,30,29,0,0,
book-16-p0068,16,B,68,30,29,0,0,
book-16-p0069,16,B,69,31,30,1,1,0.570944
book-16-p0070,16,B,70,28,27,3,3,0.382924
book-16-p0071,16,B,71,30,29,3,3,0.471731
book-16-p0072,16,B,72,31,30,0,0,
book-16-p0073,16,B,73,32,31,3,3,0.546542
book-16-p0074,16,B,74,31,29,2,2,0.537935
book-16-p0075,16,B,75,31,29,0,0,
book-16-p0076,16,B,76,30,29,2,2,0.501960
book-16-p0077,16,B,77,30,29,1,1,0.589597
book-16-p0078,16,B,78,29,28,1,1,0.537080
book-16-p0079,16,B,79,32,30,0,0,
book-16-p0080,16,B,80,31,30,1,1,0.540290
book-16-p0081,16,B,81,32,31,0,0,
book-16-p0082,16,B,82,29,28,0,0,
book-16-p0083,16,B,83,30,29,1,1,0.562988
book-16-p0084,16,B,84,29,28,0,0,
book-16-p0085,16,B,85,30,29,1,1,0.549128
book-16-p0086,16,B,86,30,29,2,2,0.456950
book-16-p0087,16,B,87,31,30,0,0,
book-16-p0088,16,B,88,31,30,2,2,0.428042
book-16-p0089,16,B,89,32,31,4,4,0.519049
book-16-p0090,16,B,90,31,29,2,2,0.483508
book-16-p0091,16,B,91,32,29,0,0,
book-16-p0092,16,B,92,30,29,0,0,
book-16-p0093,16,B,93,31,29,0,0,
book-16-p0094,16,B,94,30,29,1,1,0.548684
book-16-p0095,16,B,95,32,29,0,0,
book-16-p0096,16,B,96,29,28,2,2,0.516127
book-16-p0097,16,B,97,32,30,2,2,0.507001
book-16-p0098,16,B,98,30,29,0,0,
book-16-p0099,16,B,99,31,30,1,1,0.528333
book-16-p0100,16,B,100,30,29,2,2,0.545929
book-16-p0101,16,B,101,30,29,2,2,0.536675
book-16-p0102,16,B,102,30,29,0,0,
book-16-p0103,16,B,103,31,30,1,1,0.414677
book-16-p0104,16,B,104,30,29,1,1,0.566016
book-16-p0105,16,B,105,32,31,1,1,0.429318
book-16-p0106,16,B,106,31,29,1,1,0.598099
book-16-p0107,16,B,107,32,29,0,0,
book-16-p0108,16,B,108,29,28,0,0,
book-16-p0109,16,B,109,22,20,0,0,
book-16-p0110,16,B,110,28,26,0,0,
book-16-p0111,16,B,111,31,28,0,0,
book-16-p0112,16,B,112,29,28,2,2,0.518177
book-16-p0113,16,B,113,31,29,0,0,
book-16-p0114,16,B,114,29,28,3,3,0.191588
book-16-p0115,16,B,115,29,28,1,1,0.581264
book-16-p0116,16,B,116,29,28,0,0,
book-16-p0117,16,B,117,26,25,1,1,0.385953
book-16-p0118,16,B,118,30,29,2,2,0.556293
book-16-p0119,16,B,119,30,29,3,3,0.459372
book-16-p0120,16,B,120,30,29,0,0,
book-16-p0121,16,B,121,31,29,1,1,0.556391
book-16-p0122,16,B,122,31,29,1,1,0.585168
book-16-p0123,16,B,123,28,22,1,1,0.510385
book-16-p0124,16,B,124,24,23,0,0,
book-16-p0125,16,B,125,30,28,0,0,
book-16-p0126,16,B,126,30,29,1,1,0.442015
book-16-p0127,16,B,127,31,28,0,0,
book-16-p0128,16,B,128,27,25,0,0,
book-16-p0129,16,B,129,29,26,1,1,0.405307
book-16-p0130,16,B,130,24,23,0,0,
book-16-p0131,16,B,131,28,27,1,1,0.582098
book-16-p0132,16,B,132,27,26,1,1,0.516610
book-16-p0133,16,B,133,28,27,1,1,0.596683
book-16-p0134,16,B,134,26,25,2,2,0.529689
book-16-p0135,16,B,135,31,29,0,0,
book-16-p0136,16,B,136,30,29,1,1,0.576152
book-16-p0137,16,B,137,31,30,2,2,0.519661
book-16-p0138,16,B,138,31,29,2,2,0.562702
book-16-p0139,16,B,139,32,29,1,1,0.545386
book-16-p0140,16,B,140,30,29,0,0,
book-16-p0141,16,B,141,28,24,0,0,
book-16-p0142,16,B,142,27,26,1,1,0.523184
book-16-p0143,16,B,143,31,29,1,1,0.436623
book-16-p0144,16,B,144,30,29,0,0,
book-16-p0145,16,B,145,32,30,1,1,0.515238
book-16-p0146,16,B,146,30,29,0,0,
book-16-p0147,16,B,147,29,28,1,1,0.501659
book-16-p0148,16,B,148,26,25,1,1,0.321324
book-16-p0149,16,B,149,32,30,2,2,0.578315
book-16-p0150,16,B,150,30,29,2,4,0.536496
book-16-p0151,16,B,151,30,29,0,0,
book-16-p0152,16,B,152,31,30,0,0,
book-16-p0153,16,B,153,31,30,1,1,0.533775
book-16-p0154,16,B,154,28,26,2,2,0.555554
book-16-p0155,16,B,155,31,29,7,12,0.141271
book-16-p0156,16,B,156,30,29,1,1,0.536042
book-16-p0157,16,B,157,31,29,1,2,0.557992
book-16-p0158,16,B,158,29,28,0,0,
book-16-p0159,16,B,159,32,29,0,0,
book-16-p0160,16,B,160,30,29,0,0,
book-16-p0161,16,B,161,29,26,5,5,0.418587
book-16-p0162,16,B,162,30,29,0,0,
book-16-p0163,16,B,163,31,30,1,1,0.578532
book-16-p0164,16,B,164,30,29,1,1,0.542339
book-16-p0165,16,B,165,31,30,2,2,0.562092
book-16-p0166,16,B,166,30,29,0,0,
book-16-p0167,16,B,167,31,30,0,0,
book-16-p0168,16,B,168,30,29,1,1,0.545884
book-16-p0169,16,B,169,31,30,1,1,0.424767
book-16-p0170,16,B,170,31,29,5,5,0.434713
book-16-p0171,16,B,171,30,29,2,2,0.540244
book-16-p0172,16,B,172,30,29,0,0,
book-16-p0173,16,B,173,31,29,2,2,0.540924
book-16-p0174,16,B,174,30,29,1,1,0.421894
book-16-p0175,16,B,175,31,29,2,2,0.547764
book-16-p0176,16,B,176,30,29,0,0,
book-16-p0177,16,B,177,32,30,0,0,
book-16-p0178,16,B,178,30,29,0,0,
book-16-p0179,16,B,179,31,30,2,2,0.506878
book-16-p0180,16,B,180,29,28,2,2,0.551807
book-16-p0181,16,B,181,30,29,0,0,
book-16-p0182,16,B,182,30,29,0,0,
book-16-p0183,16,B,183,31,29,0,0,
book-16-p0184,16,B,184,30,29,1,1,0.590569
book-16-p0185,16,B,185,31,29,2,2,0.532458
book-16-p0186,16,B,186,31,29,1,1,0.586530
book-16-p0187,16,B,187,31,29,3,4,0.512760
book-16-p0188,16,B,188,30,29,1,1,0.483480
book-16-p0189,16,B,189,32,29,1,1,0.588003
book-16-p0190,16,B,190,30,29,0,0,
book-16-p0191,16,B,191,31,29,1,1,0.535473
book-16-p0192,16,B,192,30,29,0,0,
book-16-p0193,16,B,193,28,26,1,1,0.502304
book-16-p0194,16,B,194,30,29,0,0,
book-16-p0195,16,B,195,30,29,0,0,
book-16-p0196,16,B,196,30,29,0,0,
book-16-p0197,16,B,197,31,30,0,0,
book-16-p0198,16,B,198,30,29,1,1,0.548314
book-16-p0199,16,B,199,30,29,1,1,0.525753
book-16-p0200,16,B,200,30,29,0,0,
book-16-p0201,16,B,201,28,27,1,1,0.391081
book-16-p0202,16,B,202,31,29,4,4,0.542797
book-16-p0203,16,B,203,30,29,3,3,0.482954
book-16-p0204,16,B,204,30,29,1,1,0.534666
book-16-p0205,16,B,205,30,29,1,1,0.560160
book-16-p0206,16,B,206,30,29,1,1,0.577284
book-16-p0207,16,B,207,31,29,0,0,
book-16-p0208,16,B,208,30,29,0,0,
book-16-p0209,16,B,209,30,28,1,1,0.555482
book-16-p0210,16,B,210,30,28,2,3,0.381126
book-16-p0211,16,B,211,31,30,0,0,
book-16-p0212,16,B,212,30,29,1,1,0.580146
book-16-p0213,16,B,213,31,30,3,3,0.463220
book-16-p0214,16,B,214,30,29,1,1,0.486836
book-16-p0215,16,B,215,26,25,1,1,0.506442
book-16-p0216,16,B,216,31,30,1,1,0.523472
book-16-p0217,16,B,217,30,29,0,0,
book-16-p0218,16,B,218,31,29,1,1,0.552817
book-16-p0219,16,B,219,31,29,0,0,
book-16-p0220,16,B,220,30,29,1,1,0.590153
book-16-p0221,16,B,221,27,25,1,1,0.561731
book-16-p0222,16,B,222,29,28,2,2,0.517564
book-16-p0223,16,B,223,31,28,0,0,
book-16-p0224,16,B,224,29,28,0,0,
book-16-p0225,16,B,225,31,29,1,1,0.398876
book-16-p0226,16,B,226,28,27,2,2,0.491466
book-16-p0227,16,B,227,28,27,2,3,0.417038
book-16-p0228,16,B,228,28,27,3,3,0.327018
book-16-p0229,16,B,229,31,30,0,0,
book-16-p0230,16,B,230,32,31,2,2,0.561239
book-16-p0231,16,B,231,30,29,1,1,0.557748
book-16-p0232,16,B,232,29,28,0,0,
book-16-p0233,16,B,233,30,29,0,0,
book-16-p0234,16,B,234,29,27,0,0,
book-16-p0235,16,B,235,28,25,4,4,0.550730
book-16-p0236,16,B,236,29,28,0,0,
book-16-p0237,16,B,237,30,28,0,0,
book-16-p0238,16,B,238,30,29,2,2,0.502124
book-16-p0239,16,B,239,32,29,0,0,
book-16-p0240,16,B,240,30,29,1,1,0.528556
book-16-p0241,16,B,241,30,27,3,4,0.115475
book-16-p0242,16,B,242,30,29,2,2,0.357207
book-16-p0243,16,B,243,31,30,2,2,0.475656
book-16-p0244,16,B,244,30,29,0,0,
book-16-p0245,16,B,245,30,29,0,0,
book-16-p0246,16,B,246,30,29,1,1,0.570782
book-16-p0247,16,B,247,31,29,1,1,0.516493
book-16-p0248,16,B,248,30,29,0,0,
book-16-p0249,16,B,249,30,29,0,0,
book-16-p0250,16,B,250,28,26,2,2,0.356963
book-16-p0251,16,B,251,30,29,0,0,
book-16-p0252,16,B,252,30,29,2,2,0.457186
book-16-p0253,16,B,253,31,29,1,1,0.584594
book-16-p0254,16,B,254,30,29,2,2,0.319211
book-16-p0255,16,B,255,32,29,1,1,0.559820
book-16-p0256,16,B,256,29,28,4,4,0.198987
book-16-p0257,16,B,257,30,29,0,0,
book-16-p0258,16,B,258,30,29,0,0,
book-16-p0259,16,B,259,30,29,0,0,
book-16-p0260,16,B,260,27,26,1,1,0.346204
book-16-p0261,16,B,261,30,29,0,0,
book-16-p0262,16,B,262,30,29,1,1,0.596693
book-16-p0263,16,B,263,30,29,4,4,0.514716
book-16-p0264,16,B,264,30,29,1,1,0.587458
book-16-p0265,16,B,265,30,29,1,1,0.523411
book-16-p0266,16,B,266,31,29,2,2,0.441480
book-16-p0267,16,B,267,29,28,1,1,0.521667
book-16-p0268,16,B,268,30,29,0,0,
book-16-p0269,16,B,269,30,29,1,1,0.371341
book-16-p0270,16,B,270,30,29,1,1,0.531497
book-16-p0271,16,B,271,30,29,0,0,
book-16-p0272,16,B,272,29,28,0,0,
book-16-p0273,16,B,273,31,29,1,1,0.448064
book-16-p0274,16,B,274,30,29,1,1,0.587164
book-16-p0275,16,B,275,31,30,3,3,0.463626
book-16-p0276,16,B,276,30,29,3,3,0.525562
book-16-p0277,16,B,277,30,29,1,1,0.507583
book-16-p0278,16,B,278,30,29,0,0,
book-16-p0279,16,B,279,31,29,0,0,
book-16-p0280,16,B,280,30,29,0,0,
book-16-p0281,16,B,281,29,28,0,0,
book-16-p0282,16,B,282,31,29,0,0,
book-16-p0283,16,B,283,30,29,3,3,0.521566
book-16-p0284,16,B,284,30,29,0,0,
book-16-p0285,16,B,285,31,30,0,0,
book-16-p0286,16,B,286,27,26,0,0,
book-16-p0287,16,B,287,31,29,0,0,
book-16-p0288,16,B,288,30,29,0,0,
book-16-p0289,16,B,289,32,30,0,0,
book-16-p0290,16,B,290,30,29,0,0,
book-16-p0291,16,B,291,28,27,1,1,0.534879
book-16-p0292,16,B,292,30,29,0,0,
book-16-p0293,16,B,293,31,30,0,0,
book-16-p0294,16,B,294,30,29,0,0,
book-16-p0295,16,B,295,31,29,0,0,
book-16-p0296,16,B,296,30,29,0,0,
book-16-p0297,16,B,297,31,30,0,0,
book-16-p0298,16,B,298,31,29,0,0,
book-16-p0299,16,B,299,30,29,0,0,
book-16-p0300,16,B,300,30,29,0,0,
book-16-p0301,16,B,301,31,29,0,0,
book-16-p0302,16,B,302,28,27,0,0,
book-16-p0303,16,B,303,31,29,2,2,0.574138
book-16-p0304,16,B,304,30,29,1,1,0.341897
book-16-p0305,16,B,305,30,28,0,0,
book-16-p0306,16,B,306,30,29,2,2,0.508622
book-16-p0307,16,B,307,31,29,0,0,
book-16-p0308,16,B,308,29,28,1,1,0.567591
book-16-p0309,16,B,309,31,30,2,2,0.587733
book-16-p0310,16,B,310,30,29,0,0,
book-16-p0311,16,B,311,31,30,0,0,
book-16-p0312,16,B,312,30,29,0,0,
book-16-p0313,16,B,313,30,29,0,0,
book-16-p0314,16,B,314,31,29,0,0,
book-16-p0315,16,B,315,28,27,0,0,
book-16-p0316,16,B,316,30,29,2,2,0.508254
book-16-p0317,16,B,317,30,28,0,0,
book-16-p0318,16,B,318,29,28,0,0,
book-16-p0319,16,B,319,32,29,0,0,
book-16-p0320,16,B,320,30,29,0,0,
book-16-p0321,16,B,321,31,29,1,1,0.573770
book-16-p0322,16,B,322,27,26,2,2,0.504277
book-16-p0323,16,B,323,31,29,0,0,
book-16-p0324,16,B,324,31,30,2,2,0.242514
book-16-p0325,16,B,325,31,30,0,0,
book-16-p0326,16,B,326,30,29,0,0,
book-16-p0327,16,B,327,31,30,0,0,
book-16-p0328,16,B,328,30,29,0,0,
book-16-p0329,16,B,329,27,26,0,0,
book-16-p0330,16,B,330,31,29,0,0,
book-16-p0331,16,B,331,31,30,2,3,0.487893
book-16-p0332,16,B,332,30,29,0,0,
book-16-p0333,16,B,333,30,29,1,1,0.579945
book-16-p0334,16,B,334,30,29,1,1,0.526669
book-16-p0335,16,B,335,31,29,0,0,
book-16-p0336,16,B,336,28,27,0,0,
book-16-p0337,16,B,337,27,25,0,0,
book-16-p0338,16,B,338,30,29,0,0,
book-16-p0339,16,B,339,30,29,1,1,0.596051
book-16-p0340,16,B,340,30,29,1,1,0.520968
book-16-p0341,16,B,341,31,30,0,0,
book-16-p0342,16,B,342,30,29,0,0,
book-16-p0343,16,B,343,31,29,0,0,
book-16-p0344,16,B,344,30,29,1,1,0.510561
book-16-p0345,16,B,345,31,29,0,0,
book-16-p0346,16,B,346,31,29,1,1,0.492300
book-16-p0347,16,B,347,32,29,1,1,0.468934
book-16-p0348,16,B,348,30,29,1,1,0.513749
book-16-p0349,16,B,349,31,29,0,0,
book-16-p0350,16,B,350,30,29,0,0,
book-16-p0351,16,B,351,29,27,3,3,0.520111
book-16-p0352,16,B,352,28,27,4,4,0.475122
book-16-p0353,16,B,353,32,30,1,1,0.299679
book-16-p0354,16,B,354,30,29,2,2,0.409769
book-16-p0355,16,B,355,30,29,0,0,
book-16-p0356,16,B,356,30,29,0,0,
book-16-p0357,16,B,357,31,30,0,0,
book-16-p0358,16,B,358,30,29,3,3,0.523588
book-16-p0359,16,B,359,30,29,1,1,0.513724
book-16-p0360,16,B,360,30,29,0,0,
book-16-p0361,16,B,361,31,30,1,1,0.552228
book-16-p0362,16,B,362,31,29,0,0,
book-16-p0363,16,B,363,31,29,0,0,
book-16-p0364,16,B,364,30,29,0,0,
book-16-p0365,16,B,365,29,28,0,0,
book-16-p0366,16,B,366,29,28,0,0,
book-16-p0367,16,B,367,30,28,0,0,
book-16-p0368,16,B,368,30,29,0,0,
book-16-p0369,16,B,369,27,25,0,0,
book-16-p0370,16,B,370,30,29,0,0,
book-16-p0371,16,B,371,31,29,1,1,0.504903
book-16-p0372,16,B,372,30,29,1,1,0.559577
book-16-p0373,16,B,373,30,29,0,0,
book-16-p0374,16,B,374,30,29,3,3,0.327147
book-16-p0375,16,B,375,31,30,3,3,0.499729
book-16-p0376,16,B,376,30,29,0,0,
book-16-p0377,16,B,377,30,29,0,0,
book-16-p0378,16,B,378,31,29,0,0,
book-16-p0379,16,B,379,30,29,2,2,0.427028
book-16-p0380,16,B,380,28,27,3,3,0.484571
book-16-p0381,16,B,381,31,29,0,0,
book-16-p0382,16,B,382,30,29,1,1,0.501869
book-16-p0383,16,B,383,29,28,2,2,0.520597
book-16-p0384,16,B,384,25,24,0,0,
book-16-p0385,16,B,385,26,25,4,4,0.381195
book-16-p0386,16,B,386,25,24,2,3,0.401812
book-16-p0387,16,B,387,25,24,8,9,0.416522
book-16-p0388,16,B,388,24,23,3,4,0.403776
book-16-p0389,16,B,389,28,25,1,1,0.555065
book-16-p0390,16,B,390,30,29,3,3,0.511395
book-16-p0391,16,B,391,31,30,3,3,0.543340
book-16-p0392,16,B,392,30,29,1,1,0.597352
book-16-p0393,16,B,393,30,29,0,0,
book-16-p0394,16,B,394,31,29,1,1,0.501743
book-16-p0395,16,B,395,28,26,0,0,
book-16-p0396,16,B,396,30,29,1,1,0.542746
book-16-p0397,16,B,397,31,30,1,1,0.431238
book-16-p0398,16,B,398,30,29,0,0,
book-16-p0399,16,B,399,30,28,1,1,0.537466
book-16-p0400,16,B,400,28,27,0,0,
book-16-p0401,16,B,401,31,29,0,0,
book-16-p0402,16,B,402,30,29,0,0,
book-16-p0403,16,B,403,30,29,1,1,0.440695
book-16-p0404,16,B,404,30,29,1,1,0.568632
book-16-p0405,16,B,405,31,30,0,0,
book-16-p0406,16,B,406,29,28,1,1,0.524611
book-16-p0407,16,B,407,30,29,0,0,
book-16-p0408,16,B,408,30,29,0,0,
book-16-p0409,16,B,409,30,29,2,2,0.537960
book-16-p0410,16,B,410,31,29,1,1,0.561334
book-16-p0411,16,B,411,32,30,1,1,0.553460
book-16-p0412,16,B,412,30,29,1,1,0.560306
book-16-p0413,16,B,413,31,29,1,1,0.560452
book-16-p0414,16,B,414,28,27,0,0,
book-16-p0415,16,B,415,32,30,0,0,
book-16-p0416,16,B,416,30,29,0,0,
book-16-p0417,16,B,417,32,30,1,1,0.509111
book-16-p0418,16,B,418,31,29,1,2,0.565275
book-16-p0419,16,B,419,31,30,0,0,
book-16-p0420,16,B,420,27,26,0,0,
book-16-p0421,16,B,421,31,30,0,0,
book-16-p0422,16,B,422,30,29,1,1,0.547821
book-16-p0423,16,B,423,31,30,1,1,0.534891
book-16-p0424,16,B,424,30,29,1,1,0.592934
book-16-p0425,16,B,425,31,30,0,0,
book-16-p0426,16,B,426,31,29,0,0,
book-16-p0427,16,B,427,32,29,1,1,0.517534
book-16-p0428,16,B,428,26,25,3,3,0.509003
book-16-p0429,16,B,429,30,28,0,0,
book-16-p0430,16,B,430,30,29,1,1,0.597690
book-16-p0431,16,B,431,30,28,0,0,
book-16-p0432,16,B,432,29,28,1,1,0.542077
book-16-p0433,16,B,433,29,27,0,0,
book-16-p0434,16,B,434,25,24,0,0,
book-16-p0435,16,B,435,30,26,2,2,0.432650
book-16-p0436,16,B,436,29,28,2,4,0.315842
book-16-p0437,16,B,437,31,30,1,1,0.529891
book-16-p0438,16,B,438,27,25,2,2,0.400403
book-16-p0439,16,B,439,27,26,0,0,
book-16-p0440,16,B,440,29,28,0,0,
book-16-p0441,16,B,441,27,26,1,1,0.527771
book-16-p0442,16,B,442,31,29,2,2,0.462135
book-16-p0443,16,B,443,30,29,0,0,
book-16-p0444,16,B,444,30,29,1,1,0.511249
book-16-p0445,16,B,445,31,29,0,0,
book-16-p0446,16,B,446,30,29,1,1,0.571949
book-16-p0447,16,B,447,31,29,0,0,
book-16-p0448,16,B,448,27,26,1,1,0.538984
book-16-p0449,16,B,449,30,26,0,0,
book-16-p0450,16,B,450,30,29,0,0,
book-16-p0451,16,B,451,30,29,0,0,
book-16-p0452,16,B,452,30,29,1,1,0.531427
book-16-p0453,16,B,453,29,28,0,0,
book-16-p0454,16,B,454,25,22,0,0,
book-16-p0455,16,B,455,29,27,0,0,
book-16-p0456,16,B,456,30,29,2,2,0.427381
book-16-p0457,16,B,457,30,29,1,1,0.538164
book-16-p0458,16,B,458,31,29,1,1,0.511979
book-16-p0459,16,B,459,30,29,1,1,0.435595
book-16-p0460,16,B,460,30,29,0,0,
book-16-p0461,16,B,461,31,29,0,0,
book-16-p0462,16,B,462,30,29,2,2,0.560849
book-16-p0463,16,B,463,31,29,0,0,
book-16-p0464,16,B,464,30,29,0,0,
book-16-p0465,16,B,465,27,25,0,0,
book-16-p0466,16,B,466,30,29,0,0,
book-16-p0467,16,B,467,28,27,1,1,0.388051
book-16-p0468,16,B,468,28,27,1,1,0.526228
book-16-p0469,16,B,469,28,27,0,0,
book-16-p0470,16,B,470,26,25,0,0,
book-16-p0471,16,B,471,31,29,2,2,0.547996
book-16-p0472,16,B,472,30,29,0,0,
book-16-p0473,16,B,473,31,30,0,0,
book-16-p0474,16,B,474,29,27,2,2,0.522352
book-16-p0475,16,B,475,31,29,2,2,0.501194
book-16-p0476,16,B,476,30,29,0,0,
book-16-p0477,16,B,477,31,29,2,2,0.426573
book-16-p0478,16,B,478,30,29,0,0,
book-16-p0479,16,B,479,32,30,1,1,0.595918
book-16-p0480,16,B,480,30,29,1,1,0.507406
book-16-p0481,16,B,481,31,29,0,0,
book-16-p0482,16,B,482,30,29,0,0,
book-16-p0483,16,B,483,27,26,1,1,0.253719
book-16-p0484,16,B,484,30,29,1,1,0.566598
book-16-p0485,16,B,485,30,29,0,0,
book-16-p0486,16,B,486,30,29,0,0,
book-16-p0487,16,B,487,31,29,3,3,0.482092
book-16-p0488,16,B,488,30,29,0,0,
book-16-p0489,16,B,489,29,28,0,0,
book-16-p0490,16,B,490,30,28,3,3,0.437280
book-16-p0491,16,B,491,30,28,2,2,0.514102
book-16-p0492,16,B,492,29,28,1,1,0.545153
book-16-p0493,16,B,493,27,25,2,2,0.437890
book-16-p0494,16,B,494,30,29,1,1,0.387139
book-16-p0495,16,B,495,31,29,4,4,0.265921
book-16-p0496,16,B,496,30,29,1,1,0.510746
book-16-p0497,16,B,497,31,30,2,2,0.539655
book-16-p0498,16,B,498,29,28,0,0,
book-16-p0499,16,B,499,31,30,1,1,0.593925
book-16-p0500,16,B,500,30,29,0,0,
book-16-p0501,16,B,501,31,30,0,0,
book-16-p0502,16,B,502,31,29,2,2,0.509256
book-16-p0503,16,B,503,32,29,0,0,
book-16-p0504,16,B,504,30,29,1,1,0.569152
book-16-p0505,16,B,505,31,28,0,0,
book-16-p0506,16,B,506,29,28,0,0,
book-16-p0507,16,B,507,29,26,0,0,
book-16-p0508,16,B,508,27,26,0,0,
book-16-p0509,16,B,509,31,29,0,0,
book-16-p0510,16,B,510,30,29,1,1,0.576341
book-16-p0511,16,B,511,29,27,2,2,0.563731
book-16-p0512,16,B,512,26,25,0,0,
book-16-p0513,16,B,513,28,27,1,1,0.595732
book-16-p0514,16,B,514,30,29,2,2,0.532631
book-16-p0515,16,B,515,31,29,2,2,0.242376
book-16-p0516,16,B,516,30,29,0,0,
book-16-p0517,16,B,517,30,29,0,0,
book-16-p0518,16,B,518,31,29,1,1,0.500434
book-16-p0519,16,B,519,31,29,0,0,
book-16-p0520,16,B,520,30,29,1,1,0.340153
book-16-p0521,16,B,521,32,30,0,0,
book-16-p0522,16,B,522,30,29,0,0,
book-16-p0523,16,B,523,29,22,0,0,
book-16-p0524,16,B,524,27,26,1,1,0.558403
book-16-p0525,16,B,525,31,29,0,0,
book-16-p0526,16,B,526,30,29,1,1,0.522988
book-16-p0527,16,B,527,30,29,1,1,0.587956
book-16-p0528,16,B,528,30,29,0,0,
book-16-p0529,16,B,529,30,29,0,0,
book-16-p0530,16,B,530,30,29,1,1,0.516886
book-16-p0531,16,B,531,31,29,0,0,
book-16-p0532,16,B,532,31,30,1,1,0.562767
book-16-p0533,16,B,533,30,29,0,0,
book-16-p0534,16,B,534,30,28,1,1,0.591724
book-16-p0535,16,B,535,22,21,3,5,0.348520
book-16-p0536,16,B,536,15,15,1,1,0.493354
book-16-p0537,16,B,537,24,23,4,4,0.298105
book-16-p0538,16,B,538,25,24,6,6,0.404122
book-16-p0539,16,B,539,26,24,6,9,0.401442
book-16-p0540,16,B,540,26,25,7,10,0.378230
book-16-p0541,16,B,541,25,23,7,9,0.275171
book-16-p0542,16,B,542,24,23,7,8,0.406568
book-16-p0543,16,B,543,24,23,6,7,0.380073
book-16-p0544,16,B,544,25,24,7,10,0.203347
book-16-p0545,16,B,545,24,23,6,9,0.325649
book-16-p0546,16,B,546,25,24,1,1,0.412660
book-16-p0547,16,B,547,11,10,3,4,0.293954
book-16-p0548,16,B,548,18,15,0,0,
book-16-p0549,16,B,549,20,17,1,1,0.465116
book-16-p0550,16,B,550,23,19,5,5,0.454429
book-16-p0551,16,B,551,0,0,0,0,
book-16-p0552,16,B,552,0,0,0,0,
book-16-p0553,16,B,553,0,0,0,0,
book-16-p0554,16,B,554,0,0,0,0,
book-16-p0555,16,B,555,1,1,1,1,0.581359
book-16-p0556,16,B,556,0,0,0,0,
book-16-p0557,16,B,557,0,0,0,0,
book-16-p0558,16,B,558,0,0,0,0,
book-17-p0001,17,B,1,7,6,5,11,0.098908
book-17-p0002,17,B,2,32,31,20,36,0.184867
book-17-p0003,17,B,3,1,1,1,1,0.553430
book-17-p0004,17,B,4,0,0,0,0,
book-17-p0005,17,B,5,0,0,0,0,
book-17-p0006,17,B,6,0,0,0,0,
book-17-p0007,17,B,7,15,13,4,5,0.314586
book-17-p0008,17,B,8,0,0,0,0,
book-17-p0009,17,B,9,19,18,0,0,
book-17-p0010,17,B,10,26,24,0,0,
book-17-p0011,17,B,11,15,14,0,0,
book-17-p0012,17,B,12,12,11,1,1,0.590708
book-17-p0013,17,B,13,13,12,0,0,
book-17-p0014,17,B,14,26,21,1,1,0.252812
book-17-p0015,17,B,15,24,23,2,3,0.464498
book-17-p0016,17,B,16,25,23,2,2,0.481027
book-17-p0017,17,B,17,25,23,2,2,0.528264
book-17-p0018,17,B,18,28,24,4,4,0.325223
book-17-p0019,17,B,19,28,25,2,2,0.526770
book-17-p0020,17,B,20,28,26,7,8,0.379896
book-17-p0021,17,B,21,25,23,3,3,0.288987
book-17-p0022,17,B,22,29,27,3,3,0.386289
book-17-p0023,17,B,23,26,24,2,2,0.393913
book-17-p0024,17,B,24,26,23,4,4,0.405000
book-17-p0025,17,B,25,29,26,2,2,0.444332
book-17-p0026,17,B,26,25,23,3,3,0.461479
book-17-p0027,17,B,27,29,26,3,3,0.456670
book-17-p0028,17,B,28,26,24,5,5,0.434817
book-17-p0029,17,B,29,27,23,3,3,0.400434
book-17-p0030,17,B,30,25,23,3,3,0.540653
book-17-p0031,17,B,31,25,23,2,2,0.413336
book-17-p0032,17,B,32,26,24,5,5,0.419866
book-17-p0033,17,B,33,27,25,7,8,0.446261
book-17-p0034,17,B,34,28,24,3,4,0.433795
book-17-p0035,17,B,35,20,17,2,2,0.409703
book-17-p0036,17,B,36,24,22,0,0,
book-17-p0037,17,B,37,14,14,0,0,
book-17-p0038,17,B,38,0,0,0,0,
book-17-p0039,17,B,39,25,23,1,1,0.563416
book-17-p0040,17,B,40,32,29,1,1,0.501473
book-17-p0041,17,B,41,31,29,2,2,0.513923
book-17-p0042,17,B,42,32,29,1,1,0.560450
book-17-p0043,17,B,43,31,29,0,0,
book-17-p0044,17,B,44,32,29,2,2,0.204450
book-17-p0045,17,B,45,32,29,0,0,
book-17-p0046,17,B,46,32,29,0,0,
book-17-p0047,17,B,47,31,29,1,1,0.513111
book-17-p0048,17,B,48,32,29,1,1,0.559298
book-17-p0049,17,B,49,31,25,2,2,0.281302
book-17-p0050,17,B,50,33,30,0,0,
book-17-p0051,17,B,51,31,29,0,0,
book-17-p0052,17,B,52,32,29,0,0,
book-17-p0053,17,B,53,32,31,2,2,0.552987
book-17-p0054,17,B,54,31,29,0,0,
book-17-p0055,17,B,55,31,29,0,0,
book-17-p0056,17,B,56,31,29,0,0,
book-17-p0057,17,B,57,32,29,1,1,0.529639
book-17-p0058,17,B,58,32,29,0,0,
book-17-p0059,17,B,59,31,29,2,2,0.547480
book-17-p0060,17,B,60,32,29,1,1,0.582477
book-17-p0061,17,B,61,32,30,2,2,0.542523
book-17-p0062,17,B,62,31,29,2,2,0.549480
book-17-p0063,17,B,63,31,29,0,0,
book-17-p0064,17,B,64,32,29,1,1,0.516631
book-17-p0065,17,B,65,32,29,0,0,
book-17-p0066,17,B,66,32,29,1,1,0.578874
book-17-p0067,17,B,67,32,29,1,1,0.573514
book-17-p0068,17,B,68,32,29,0,0,
book-17-p0069,17,B,69,32,30,1,1,0.562668
book-17-p0070,17,B,70,32,29,0,0,
book-17-p0071,17,B,71,32,29,0,0,
book-17-p0072,17,B,72,32,29,1,1,0.477695
book-17-p0073,17,B,73,31,29,1,1,0.571525
book-17-p0074,17,B,74,33,29,0,0,
book-17-p0075,17,B,75,31,29,1,1,0.480362
book-17-p0076,17,B,76,32,30,1,1,0.532581
book-17-p0077,17,B,77,32,30,1,1,0.536381
book-17-p0078,17,B,78,32,29,0,0,
book-17-p0079,17,B,79,31,30,0,0,
book-17-p0080,17,B,80,32,29,1,1,0.593274
book-17-p0081,17,B,81,32,30,0,0,
book-17-p0082,17,B,82,32,29,1,1,0.486174
book-17-p0083,17,B,83,32,29,1,1,0.569457
book-17-p0084,17,B,84,32,29,1,1,0.593967
book-17-p0085,17,B,85,32,30,0,0,
book-17-p0086,17,B,86,31,29,0,0,
book-17-p0087,17,B,87,32,29,0,0,
book-17-p0088,17,B,88,31,29,0,0,
book-17-p0089,17,B,89,32,29,1,1,0.593722
book-17-p0090,17,B,90,32,29,2,2,0.520371
book-17-p0091,17,B,91,31,29,1,1,0.597709
book-17-p0092,17,B,92,32,29,0,0,
book-17-p0093,17,B,93,33,30,1,1,0.548330
book-17-p0094,17,B,94,32,29,0,0,
book-17-p0095,17,B,95,32,29,0,0,
book-17-p0096,17,B,96,32,29,0,0,
book-17-p0097,17,B,97,32,29,0,0,
book-17-p0098,17,B,98,32,29,1,1,0.520013
book-17-p0099,17,B,99,32,30,0,0,
book-17-p0100,17,B,100,31,29,1,1,0.598024
book-17-p0101,17,B,101,31,29,1,1,0.579117
book-17-p0102,17,B,102,32,29,0,0,
book-17-p0103,17,B,103,32,29,0,0,
book-17-p0104,17,B,104,32,29,0,0,
book-17-p0105,17,B,105,32,29,0,0,
book-17-p0106,17,B,106,31,29,0,0,
book-17-p0107,17,B,107,31,29,0,0,
book-17-p0108,17,B,108,32,29,0,0,
book-17-p0109,17,B,109,31,30,0,0,
book-17-p0110,17,B,110,32,29,0,0,
book-17-p0111,17,B,111,30,29,0,0,
book-17-p0112,17,B,112,31,29,0,0,
book-17-p0113,17,B,113,31,29,0,0,
book-17-p0114,17,B,114,33,30,0,0,
book-17-p0115,17,B,115,32,29,1,1,0.591820
book-17-p0116,17,B,116,31,29,1,1,0.537081
book-17-p0117,17,B,117,32,29,0,0,
book-17-p0118,17,B,118,31,29,0,0,
book-17-p0119,17,B,119,31,29,0,0,
book-17-p0120,17,B,120,31,29,0,0,
book-17-p0121,17,B,121,33,29,0,0,
book-17-p0122,17,B,122,31,29,0,0,
book-17-p0123,17,B,123,31,30,0,0,
book-17-p0124,17,B,124,32,29,1,1,0.486887
book-17-p0125,17,B,125,32,29,0,0,
book-17-p0126,17,B,126,31,29,0,0,
book-17-p0127,17,B,127,31,29,1,1,0.538894
book-17-p0128,17,B,128,32,29,1,1,0.169909
book-17-p0129,17,B,129,32,30,1,1,0.592580
book-17-p0130,17,B,130,32,29,1,1,0.584890
book-17-p0131,17,B,131,32,29,0,0,
book-17-p0132,17,B,132,32,29,0,0,
book-17-p0133,17,B,133,32,30,1,1,0.502170
book-17-p0134,17,B,134,32,29,0,0,
book-17-p0135,17,B,135,32,29,1,1,0.490271
book-17-p0136,17,B,136,32,29,1,1,0.569960
book-17-p0137,17,B,137,33,29,0,0,
book-17-p0138,17,B,138,31,29,1,1,0.563324
book-17-p0139,17,B,139,31,29,0,0,
book-17-p0140,17,B,140,32,29,2,2,0.287535
book-17-p0141,17,B,141,33,29,0,0,
book-17-p0142,17,B,142,31,29,0,0,
book-17-p0143,17,B,143,32,29,0,0,
book-17-p0144,17,B,144,32,29,0,0,
book-17-p0145,17,B,145,32,29,0,0,
book-17-p0146,17,B,146,32,29,3,3,0.520921
book-17-p0147,17,B,147,31,29,2,2,0.496980
book-17-p0148,17,B,148,31,30,1,1,0.548364
book-17-p0149,17,B,149,32,29,0,0,
book-17-p0150,17,B,150,31,29,0,0,
book-17-p0151,17,B,151,31,29,0,0,
book-17-p0152,17,B,152,32,29,0,0,
book-17-p0153,17,B,153,32,30,0,0,
book-17-p0154,17,B,154,32,29,0,0,
book-17-p0155,17,B,155,32,29,2,2,0.508828
book-17-p0156,17,B,156,32,29,2,2,0.516201
book-17-p0157,17,B,157,33,30,3,3,0.448793
book-17-p0158,17,B,158,32,29,1,1,0.523684
book-17-p0159,17,B,159,32,30,0,0,
book-17-p0160,17,B,160,31,29,1,1,0.598936
book-17-p0161,17,B,161,32,29,1,1,0.361921
book-17-p0162,17,B,162,32,29,0,0,
book-17-p0163,17,B,163,32,29,1,1,0.183016
book-17-p0164,17,B,164,32,29,0,0,
book-17-p0165,17,B,165,32,29,0,0,
book-17-p0166,17,B,166,32,29,0,0,
book-17-p0167,17,B,167,31,30,0,0,
book-17-p0168,17,B,168,32,30,0,0,
book-17-p0169,17,B,169,31,30,3,3,0.453669
book-17-p0170,17,B,170,31,29,1,1,0.552941
book-17-p0171,17,B,171,31,29,0,0,
book-17-p0172,17,B,172,31,29,1,1,0.562493
book-17-p0173,17,B,173,31,30,0,0,
book-17-p0174,17,B,174,32,29,0,0,
book-17-p0175,17,B,175,31,29,1,1,0.509347
book-17-p0176,17,B,176,32,29,2,2,0.289582
book-17-p0177,17,B,177,32,29,1,1,0.517820
book-17-p0178,17,B,178,31,29,0,0,
book-17-p0179,17,B,179,32,29,0,0,
book-17-p0180,17,B,180,31,29,1,1,0.562040
book-17-p0181,17,B,181,32,30,0,0,
book-17-p0182,17,B,182,32,29,0,0,
book-17-p0183,17,B,183,31,29,0,0,
book-17-p0184,17,B,184,32,29,2,2,0.305419
book-17-p0185,17,B,185,31,29,0,0,
book-17-p0186,17,B,186,32,29,0,0,
book-17-p0187,17,B,187,32,29,0,0,
book-17-p0188,17,B,188,32,29,0,0,
book-17-p0189,17,B,189,32,30,0,0,
book-17-p0190,17,B,190,31,29,0,0,
book-17-p0191,17,B,191,31,29,3,3,0.338693
book-17-p0192,17,B,192,32,29,1,1,0.512831
book-17-p0193,17,B,193,32,31,1,1,0.340703
book-17-p0194,17,B,194,33,29,0,0,
book-17-p0195,17,B,195,31,29,0,0,
book-17-p0196,17,B,196,31,29,1,1,0.582757
book-17-p0197,17,B,197,32,30,2,2,0.456702
book-17-p0198,17,B,198,31,29,0,0,
book-17-p0199,17,B,199,31,30,0,0,
book-17-p0200,17,B,200,31,29,2,2,0.296787
book-17-p0201,17,B,201,32,30,2,2,0.407815
book-17-p0202,17,B,202,32,29,0,0,
book-17-p0203,17,B,203,31,30,1,1,0.450002
book-17-p0204,17,B,204,32,29,0,0,
book-17-p0205,17,B,205,31,29,0,0,
book-17-p0206,17,B,206,32,29,0,0,
book-17-p0207,17,B,207,31,30,1,1,0.517918
book-17-p0208,17,B,208,33,30,4,5,0.412550
book-17-p0209,17,B,209,32,30,1,1,0.566016
book-17-p0210,17,B,210,32,29,1,1,0.561765
book-17-p0211,17,B,211,32,29,0,0,
book-17-p0212,17,B,212,31,29,0,0,
book-17-p0213,17,B,213,32,30,0,0,
book-17-p0214,17,B,214,31,29,3,3,0.479087
book-17-p0215,17,B,215,32,29,1,1,0.496765
book-17-p0216,17,B,216,32,29,0,0,
book-17-p0217,17,B,217,32,29,1,1,0.508591
book-17-p0218,17,B,218,31,29,0,0,
book-17-p0219,17,B,219,32,29,1,1,0.572487
book-17-p0220,17,B,220,32,29,2,2,0.575352
book-17-p0221,17,B,221,32,29,2,2,0.352048
book-17-p0222,17,B,222,31,29,1,1,0.326310
book-17-p0223,17,B,223,32,30,1,1,0.571280
book-17-p0224,17,B,224,33,29,3,3,0.531101
book-17-p0225,17,B,225,32,29,1,1,0.513144
book-17-p0226,17,B,226,32,29,0,0,
book-17-p0227,17,B,227,32,29,0,0,
book-17-p0228,17,B,228,32,29,0,0,
book-17-p0229,17,B,229,32,29,1,1,0.560461
book-17-p0230,17,B,230,31,29,1,2,0.416493
book-17-p0231,17,B,231,32,29,1,1,0.476718
book-17-p0232,17,B,232,31,29,1,1,0.492289
book-17-p0233,17,B,233,32,30,0,0,
book-17-p0234,17,B,234,31,29,0,0,
book-17-p0235,17,B,235,32,29,1,1,0.391995
book-17-p0236,17,B,236,31,29,0,0,
book-17-p0237,17,B,237,32,29,0,0,
book-17-p0238,17,B,238,31,29,1,1,0.525356
book-17-p0239,17,B,239,32,30,1,1,0.502800
book-17-p0240,17,B,240,32,29,1,1,0.532851
book-17-p0241,17,B,241,32,29,2,2,0.320745
book-17-p0242,17,B,242,32,29,0,0,
book-17-p0243,17,B,243,32,29,1,1,0.530223
book-17-p0244,17,B,244,32,29,0,0,
book-17-p0245,17,B,245,32,29,0,0,
book-17-p0246,17,B,246,32,29,1,1,0.592376
book-17-p0247,17,B,247,31,29,0,0,
book-17-p0248,17,B,248,31,29,3,3,0.446800
book-17-p0249,17,B,249,32,29,2,3,0.410636
book-17-p0250,17,B,250,32,29,2,2,0.464515
book-17-p0251,17,B,251,31,29,2,2,0.410215
book-17-p0252,17,B,252,31,29,2,2,0.420196
book-17-p0253,17,B,253,32,29,2,2,0.303470
book-17-p0254,17,B,254,32,29,0,0,
book-17-p0255,17,B,255,31,29,0,0,
book-17-p0256,17,B,256,31,29,0,0,
book-17-p0257,17,B,257,32,30,1,1,0.573679
book-17-p0258,17,B,258,31,29,0,0,
book-17-p0259,17,B,259,31,30,1,1,0.571230
book-17-p0260,17,B,260,31,29,1,1,0.565629
book-17-p0261,17,B,261,32,29,1,1,0.587686
book-17-p0262,17,B,262,31,29,1,1,0.326681
book-17-p0263,17,B,263,31,29,2,2,0.547408
book-17-p0264,17,B,264,31,29,1,1,0.569657
book-17-p0265,17,B,265,32,29,0,0,
book-17-p0266,17,B,266,32,29,0,0,
book-17-p0267,17,B,267,31,29,1,1,0.564742
book-17-p0268,17,B,268,31,29,1,1,0.491024
book-17-p0269,17,B,269,32,30,3,3,0.382767
book-17-p0270,17,B,270,31,29,0,0,
book-17-p0271,17,B,271,31,29,0,0,
book-17-p0272,17,B,272,32,29,0,0,
book-17-p0273,17,B,273,32,30,0,0,
book-17-p0274,17,B,274,32,29,0,0,
book-17-p0275,17,B,275,32,29,1,1,0.560213
book-17-p0276,17,B,276,32,29,0,0,
book-17-p0277,17,B,277,31,29,0,0,
book-17-p0278,17,B,278,31,29,1,1,0.566127
book-17-p0279,17,B,279,31,29,0,0,
book-17-p0280,17,B,280,32,29,1,1,0.349479
book-17-p0281,17,B,281,31,29,8,11,0.382031
book-17-p0282,17,B,282,32,29,1,1,0.483113
book-17-p0283,17,B,283,31,29,1,1,0.496752
book-17-p0284,17,B,284,32,29,1,1,0.511190
book-17-p0285,17,B,285,32,29,0,0,
book-17-p0286,17,B,286,32,29,1,1,0.544434
book-17-p0287,17,B,287,31,29,0,0,
book-17-p0288,17,B,288,32,29,1,1,0.521939
book-17-p0289,17,B,289,32,29,0,0,
book-17-p0290,17,B,290,32,29,0,0,
book-17-p0291,17,B,291,32,29,0,0,
book-17-p0292,17,B,292,31,29,1,1,0.516766
book-17-p0293,17,B,293,32,29,0,0,
book-17-p0294,17,B,294,31,29,0,0,
book-17-p0295,17,B,295,32,29,0,0,
book-17-p0296,17,B,296,32,29,0,0,
book-17-p0297,17,B,297,31,29,4,4,0.330407
book-17-p0298,17,B,298,31,29,1,1,0.514960
book-17-p0299,17,B,299,31,29,0,0,
book-17-p0300,17,B,300,32,29,0,0,
book-17-p0301,17,B,301,33,29,0,0,
book-17-p0302,17,B,302,32,29,1,1,0.405204
book-17-p0303,17,B,303,31,29,0,0,
book-17-p0304,17,B,304,31,29,0,0,
book-17-p0305,17,B,305,32,29,2,2,0.528488
book-17-p0306,17,B,306,31,29,0,0,
book-17-p0307,17,B,307,32,29,0,0,
book-17-p0308,17,B,308,32,29,1,1,0.418385
book-17-p0309,17,B,309,32,29,1,1,0.401943
book-17-p0310,17,B,310,31,29,0,0,
book-17-p0311,17,B,311,28,24,0,0,
book-17-p0312,17,B,312,32,30,2,2,0.504770
book-17-p0313,17,B,313,33,29,0,0,
book-17-p0314,17,B,314,32,29,1,1,0.407833
book-17-p0315,17,B,315,31,29,2,2,0.570991
book-17-p0316,17,B,316,32,29,0,0,
book-17-p0317,17,B,317,32,30,4,4,0.484551
book-17-p0318,17,B,318,31,29,1,1,0.543673
book-17-p0319,17,B,319,31,29,0,0,
book-17-p0320,17,B,320,30,29,1,1,0.567161
book-17-p0321,17,B,321,33,30,4,4,0.377557
book-17-p0322,17,B,322,32,29,0,0,
book-17-p0323,17,B,323,32,29,0,0,
book-17-p0324,17,B,324,32,29,0,0,
book-17-p0325,17,B,325,32,29,0,0,
book-17-p0326,17,B,326,32,29,0,0,
book-17-p0327,17,B,327,31,29,0,0,
book-17-p0328,17,B,328,31,29,0,0,
book-17-p0329,17,B,329,32,29,1,1,0.463244
book-17-p0330,17,B,330,31,29,2,2,0.383415
book-17-p0331,17,B,331,31,29,0,0,
book-17-p0332,17,B,332,31,29,3,3,0.556608
book-17-p0333,17,B,333,30,29,1,1,0.447557
book-17-p0334,17,B,334,31,29,1,1,0.539782
book-17-p0335,17,B,335,31,29,0,0,
book-17-p0336,17,B,336,32,29,1,1,0.523962
book-17-p0337,17,B,337,32,29,0,0,
book-17-p0338,17,B,338,31,29,0,0,
book-17-p0339,17,B,339,32,29,2,2,0.525480
book-17-p0340,17,B,340,31,29,1,1,0.583215
book-17-p0341,17,B,341,32,29,2,2,0.504132
book-17-p0342,17,B,342,31,29,0,0,
book-17-p0343,17,B,343,31,29,2,2,0.432832
book-17-p0344,17,B,344,31,29,2,2,0.452551
book-17-p0345,17,B,345,32,29,1,1,0.519393
book-17-p0346,17,B,346,31,29,2,2,0.496768
book-17-p0347,17,B,347,30,29,0,0,
book-17-p0348,17,B,348,31,29,3,3,0.306742
book-17-p0349,17,B,349,31,30,0,0,
book-17-p0350,17,B,350,31,29,1,1,0.574442
book-17-p0351,17,B,351,31,29,0,0,
book-17-p0352,17,B,352,31,29,0,0,
book-17-p0353,17,B,353,32,29,0,0,
book-17-p0354,17,B,354,32,29,0,0,
book-17-p0355,17,B,355,32,29,0,0,
book-17-p0356,17,B,356,31,29,1,1,0.572815
book-17-p0357,17,B,357,32,30,0,0,
book-17-p0358,17,B,358,31,29,0,0,
book-17-p0359,17,B,359,32,29,1,1,0.519063
book-17-p0360,17,B,360,31,29,0,0,
book-17-p0361,17,B,361,31,29,1,1,0.589186
book-17-p0362,17,B,362,31,29,0,0,
book-17-p0363,17,B,363,31,29,4,4,0.296407
book-17-p0364,17,B,364,31,29,1,1,0.562440
book-17-p0365,17,B,365,31,29,0,0,
book-17-p0366,17,B,366,30,29,1,1,0.565627
book-17-p0367,17,B,367,32,29,1,1,0.500542
book-17-p0368,17,B,368,31,29,0,0,
book-17-p0369,17,B,369,32,31,1,1,0.598474
book-17-p0370,17,B,370,32,29,0,0,
book-17-p0371,17,B,371,32,29,0,0,
book-17-p0372,17,B,372,31,29,3,3,0.362013
book-17-p0373,17,B,373,32,31,1,2,0.540469
book-17-p0374,17,B,374,32,29,2,2,0.509370
book-17-p0375,17,B,375,31,29,2,2,0.530486
book-17-p0376,17,B,376,31,29,1,1,0.539734
book-17-p0377,17,B,377,32,29,0,0,
book-17-p0378,17,B,378,32,29,0,0,
book-17-p0379,17,B,379,31,29,0,0,
book-17-p0380,17,B,380,32,30,1,1,0.534607
book-17-p0381,17,B,381,31,29,0,0,
book-17-p0382,17,B,382,31,29,0,0,
book-17-p0383,17,B,383,31,29,0,0,
book-17-p0384,17,B,384,31,29,0,0,
book-17-p0385,17,B,385,32,29,0,0,
book-17-p0386,17,B,386,32,29,0,0,
book-17-p0387,17,B,387,32,29,0,0,
book-17-p0388,17,B,388,32,29,1,1,0.507596
book-17-p0389,17,B,389,32,29,0,0,
book-17-p0390,17,B,390,32,29,1,1,0.525096
book-17-p0391,17,B,391,31,29,1,1,0.488438
book-17-p0392,17,B,392,31,29,1,2,0.376223
book-17-p0393,17,B,393,32,29,1,1,0.493653
book-17-p0394,17,B,394,31,29,0,0,
book-17-p0395,17,B,395,32,29,1,1,0.510806
book-17-p0396,17,B,396,31,29,1,1,0.480811
book-17-p0397,17,B,397,32,29,1,1,0.498878
book-17-p0398,17,B,398,32,29,0,0,
book-17-p0399,17,B,399,32,29,0,0,
book-17-p0400,17,B,400,31,29,0,0,
book-17-p0401,17,B,401,31,29,0,0,
book-17-p0402,17,B,402,32,29,0,0,
book-17-p0403,17,B,403,32,29,1,1,0.581713
book-17-p0404,17,B,404,32,29,1,1,0.525959
book-17-p0405,17,B,405,33,29,1,1,0.474215
book-17-p0406,17,B,406,31,29,0,0,
book-17-p0407,17,B,407,32,29,1,1,0.586062
book-17-p0408,17,B,408,31,29,1,1,0.590937
book-17-p0409,17,B,409,32,30,0,0,
book-17-p0410,17,B,410,32,29,1,1,0.517498
book-17-p0411,17,B,411,32,29,0,0,
book-17-p0412,17,B,412,32,29,1,1,0.575854
book-17-p0413,17,B,413,33,30,0,0,
book-17-p0414,17,B,414,32,29,0,0,
book-17-p0415,17,B,415,32,30,1,1,0.510643
book-17-p0416,17,B,416,31,29,1,1,0.535886
book-17-p0417,17,B,417,32,29,1,1,0.486982
book-17-p0418,17,B,418,32,29,0,0,
book-17-p0419,17,B,419,32,29,0,0,
book-17-p0420,17,B,420,31,29,0,0,
book-17-p0421,17,B,421,32,29,1,1,0.422053
book-17-p0422,17,B,422,31,29,0,0,
book-17-p0423,17,B,423,32,29,1,1,0.586282
book-17-p0424,17,B,424,31,29,2,2,0.576030
book-17-p0425,17,B,425,34,30,8,10,0.254746
book-17-p0426,17,B,426,32,29,1,1,0.590013
book-17-p0427,17,B,427,32,29,0,0,
book-17-p0428,17,B,428,31,29,1,1,0.515947
book-17-p0429,17,B,429,32,30,0,0,
book-17-p0430,17,B,430,31,29,0,0,
book-17-p0431,17,B,431,31,29,1,1,0.593005
book-17-p0432,17,B,432,31,29,0,0,
book-17-p0433,17,B,433,32,29,0,0,
book-17-p0434,17,B,434,32,29,0,0,
book-17-p0435,17,B,435,31,29,0,0,
book-17-p0436,17,B,436,32,30,3,3,0.362513
book-17-p0437,17,B,437,31,29,1,1,0.560968
book-17-p0438,17,B,438,31,30,0,0,
book-17-p0439,17,B,439,31,29,0,0,
book-17-p0440,17,B,440,31,30,5,5,0.468460
book-17-p0441,17,B,441,32,29,4,4,0.377370
book-17-p0442,17,B,442,31,29,1,1,0.473394
book-17-p0443,17,B,443,31,29,0,0,
book-17-p0444,17,B,444,31,29,1,1,0.559492
book-17-p0445,17,B,445,31,29,3,3,0.503137
book-17-p0446,17,B,446,32,29,1,1,0.330965
book-17-p0447,17,B,447,31,29,1,1,0.558748
book-17-p0448,17,B,448,32,29,3,3,0.295888
book-17-p0449,17,B,449,31,29,0,0,
book-17-p0450,17,B,450,31,29,0,0,
book-17-p0451,17,B,451,32,29,0,0,
book-17-p0452,17,B,452,31,29,3,3,0.532992
book-17-p0453,17,B,453,32,29,2,2,0.428425
book-17-p0454,17,B,454,31,29,0,0,
book-17-p0455,17,B,455,32,29,0,0,
book-17-p0456,17,B,456,32,29,1,1,0.593554
book-17-p0457,17,B,457,32,29,2,5,0.166831
book-17-p0458,17,B,458,31,29,0,0,
book-17-p0459,17,B,459,32,30,0,0,
book-17-p0460,17,B,460,32,29,1,1,0.556381
book-17-p0461,17,B,461,31,29,1,1,0.583486
book-17-p0462,17,B,462,32,29,1,1,0.596253
book-17-p0463,17,B,463,32,30,1,1,0.251512
book-17-p0464,17,B,464,32,29,0,0,
book-17-p0465,17,B,465,32,29,1,1,0.544608
book-17-p0466,17,B,466,32,29,0,0,
book-17-p0467,17,B,467,32,30,0,0,
book-17-p0468,17,B,468,32,29,0,0,
book-17-p0469,17,B,469,31,29,0,0,
book-17-p0470,17,B,470,31,29,0,0,
book-17-p0471,17,B,471,31,29,0,0,
book-17-p0472,17,B,472,32,29,0,0,
book-17-p0473,17,B,473,32,30,0,0,
book-17-p0474,17,B,474,32,29,1,1,0.586263
book-17-p0475,17,B,475,32,29,2,2,0.513355
book-17-p0476,17,B,476,32,29,1,1,0.495612
book-17-p0477,17,B,477,32,30,0,0,
book-17-p0478,17,B,478,32,29,0,0,
book-17-p0479,17,B,479,32,29,0,0,
book-17-p0480,17,B,480,32,29,0,0,
book-17-p0481,17,B,481,31,29,1,1,0.521958
book-17-p0482,17,B,482,33,30,0,0,
book-17-p0483,17,B,483,32,29,0,0,
book-17-p0484,17,B,484,31,29,0,0,
book-17-p0485,17,B,485,32,30,0,0,
book-17-p0486,17,B,486,32,29,0,0,
book-17-p0487,17,B,487,31,29,1,1,0.588908
book-17-p0488,17,B,488,32,29,2,2,0.501024
book-17-p0489,17,B,489,32,29,1,1,0.577762
book-17-p0490,17,B,490,31,30,0,0,
book-17-p0491,17,B,491,31,29,1,1,0.509068
book-17-p0492,17,B,492,31,29,0,0,
book-17-p0493,17,B,493,31,29,1,1,0.509620
book-17-p0494,17,B,494,31,29,0,0,
book-17-p0495,17,B,495,31,29,2,2,0.468448
book-17-p0496,17,B,496,31,29,0,0,
book-17-p0497,17,B,497,32,29,0,0,
book-17-p0498,17,B,498,32,29,0,0,
book-17-p0499,17,B,499,32,29,0,0,
book-17-p0500,17,B,500,31,29,1,1,0.571687
book-17-p0501,17,B,501,31,29,1,1,0.254861
book-17-p0502,17,B,502,31,29,1,1,0.574463
book-17-p0503,17,B,503,32,29,0,0,
book-17-p0504,17,B,504,31,29,0,0,
book-17-p0505,17,B,505,32,29,1,1,0.508958
book-17-p0506,17,B,506,32,25,0,0,
book-17-p0507,17,B,507,31,29,1,1,0.503349
book-17-p0508,17,B,508,32,29,0,0,
book-17-p0509,17,B,509,30,29,0,0,
book-17-p0510,17,B,510,31,29,0,0,
book-17-p0511,17,B,511,31,29,2,2,0.524491
book-17-p0512,17,B,512,31,29,1,1,0.582869
book-17-p0513,17,B,513,32,30,1,1,0.406189
book-17-p0514,17,B,514,32,29,1,2,0.502042
book-17-p0515,17,B,515,32,29,1,1,0.509411
book-17-p0516,17,B,516,31,29,0,0,
book-17-p0517,17,B,517,32,29,1,1,0.484347
book-17-p0518,17,B,518,31,29,1,1,0.313760
book-17-p0519,17,B,519,32,29,0,0,
book-17-p0520,17,B,520,31,29,1,1,0.498159
book-17-p0521,17,B,521,32,29,2,3,0.490641
book-17-p0522,17,B,522,31,29,0,0,
book-17-p0523,17,B,523,32,29,3,3,0.398247
book-17-p0524,17,B,524,31,29,0,0,
book-17-p0525,17,B,525,32,29,0,0,
book-17-p0526,17,B,526,31,29,0,0,
book-17-p0527,17,B,527,32,30,1,1,0.522684
book-17-p0528,17,B,528,32,29,2,2,0.446955
book-17-p0529,17,B,529,32,29,0,0,
book-17-p0530,17,B,530,33,29,0,0,
book-17-p0531,17,B,531,32,29,0,0,
book-17-p0532,17,B,532,32,29,1,1,0.522990
book-17-p0533,17,B,533,30,28,0,0,
book-17-p0534,17,B,534,31,29,0,0,
book-17-p0535,17,B,535,31,29,1,1,0.534912
book-17-p0536,17,B,536,31,30,0,0,
book-17-p0537,17,B,537,32,29,0,0,
book-17-p0538,17,B,538,31,29,0,0,
book-17-p0539,17,B,539,34,31,7,7,0.276813
book-17-p0540,17,B,540,34,31,5,5,0.287030
book-17-p0541,17,B,541,31,29,1,1,0.274139
book-17-p0542,17,B,542,34,30,3,3,0.304285
book-17-p0543,17,B,543,35,33,3,3,0.205129
book-17-p0544,17,B,544,31,29,2,2,0.327526
book-17-p0545,17,B,545,32,29,1,1,0.585658
book-17-p0546,17,B,546,32,29,2,2,0.448310
book-17-p0547,17,B,547,32,29,1,1,0.529177
book-17-p0548,17,B,548,32,29,0,0,
book-17-p0549,17,B,549,32,29,0,0,
book-17-p0550,17,B,550,32,29,1,1,0.582788
book-17-p0551,17,B,551,32,29,0,0,
book-17-p0552,17,B,552,31,29,0,0,
book-17-p0553,17,B,553,32,29,0,0,
book-17-p0554,17,B,554,31,29,0,0,
book-17-p0555,17,B,555,32,29,2,2,0.455307
book-17-p0556,17,B,556,32,29,1,1,0.446882
book-17-p0557,17,B,557,32,30,2,2,0.565663
book-17-p0558,17,B,558,31,28,1,1,0.347994
book-17-p0559,17,B,559,30,29,0,0,
book-17-p0560,17,B,560,33,30,3,3,0.501554
book-17-p0561,17,B,561,32,30,9,9,0.377585
book-17-p0562,17,B,562,32,29,0,0,
book-17-p0563,17,B,563,31,29,2,2,0.412434
book-17-p0564,17,B,564,32,29,3,4,0.420567
book-17-p0565,17,B,565,32,30,0,0,
book-17-p0566,17,B,566,31,29,0,0,
book-17-p0567,17,B,567,32,29,0,0,
book-17-p0568,17,B,568,31,29,1,1,0.582882
book-17-p0569,17,B,569,31,29,1,1,0.496038
book-17-p0570,17,B,570,31,29,0,0,
book-17-p0571,17,B,571,34,26,1,1,0.213038
book-17-p0572,17,B,572,32,30,0,0,
book-17-p0573,17,B,573,31,29,0,0,
book-17-p0574,17,B,574,32,30,1,1,0.465279
book-17-p0575,17,B,575,32,29,2,2,0.407803
book-17-p0576,17,B,576,32,29,0,0,
book-17-p0577,17,B,577,31,30,1,1,0.520227
book-17-p0578,17,B,578,32,29,0,0,
book-17-p0579,17,B,579,32,25,2,2,0.342632
book-17-p0580,17,B,580,32,29,0,0,
book-17-p0581,17,B,581,32,29,0,0,
book-17-p0582,17,B,582,31,29,0,0,
book-17-p0583,17,B,583,32,29,1,1,0.425077
book-17-p0584,17,B,584,32,30,4,4,0.422235
book-17-p0585,17,B,585,32,29,8,8,0.445256
book-17-p0586,17,B,586,31,29,1,1,0.554351
book-17-p0587,17,B,587,32,29,1,1,0.527671
book-17-p0588,17,B,588,31,29,4,4,0.347474
book-17-p0589,17,B,589,31,29,2,2,0.478273
book-17-p0590,17,B,590,32,29,0,0,
book-17-p0591,17,B,591,33,29,0,0,
book-17-p0592,17,B,592,32,29,3,4,0.400990
book-17-p0593,17,B,593,32,29,3,3,0.521918
book-17-p0594,17,B,594,31,29,0,0,
book-17-p0595,17,B,595,32,29,0,0,
book-17-p0596,17,B,596,32,29,3,3,0.457144
book-17-p0597,17,B,597,31,29,1,1,0.532931
book-17-p0598,17,B,598,31,29,2,2,0.437614
book-17-p0599,17,B,599,32,29,1,1,0.508200
book-17-p0600,17,B,600,32,30,1,1,0.520403
book-17-p0601,17,B,601,32,29,2,2,0.516738
book-17-p0602,17,B,602,31,29,0,0,
book-17-p0603,17,B,603,33,30,0,0,
book-17-p0604,17,B,604,32,29,2,2,0.477330
book-17-p0605,17,B,605,32,29,1,1,0.520280
book-17-p0606,17,B,606,32,29,0,0,
book-17-p0607,17,B,607,32,30,0,0,
book-17-p0608,17,B,608,32,29,2,2,0.545091
book-17-p0609,17,B,609,32,31,0,0,
book-17-p0610,17,B,610,32,29,0,0,
book-17-p0611,17,B,611,32,29,0,0,
book-17-p0612,17,B,612,32,29,0,0,
book-17-p0613,17,B,613,31,29,0,0,
book-17-p0614,17,B,614,32,29,0,0,
book-17-p0615,17,B,615,32,29,1,1,0.509477
book-17-p0616,17,B,616,32,29,0,0,
book-17-p0617,17,B,617,32,29,3,3,0.444826
book-17-p0618,17,B,618,31,29,0,0,
book-17-p0619,17,B,619,31,29,2,2,0.513108
book-17-p0620,17,B,620,32,29,1,1,0.566464
book-17-p0621,17,B,621,32,29,0,0,
book-17-p0622,17,B,622,32,29,0,0,
book-17-p0623,17,B,623,31,29,2,2,0.427557
book-17-p0624,17,B,624,32,29,0,0,
book-17-p0625,17,B,625,32,29,2,2,0.569349
book-17-p0626,17,B,626,32,29,1,1,0.571558
book-17-p0627,17,B,627,31,29,1,1,0.521520
book-17-p0628,17,B,628,31,29,1,1,0.519880
book-17-p0629,17,B,629,31,29,2,2,0.476763
book-17-p0630,17,B,630,32,29,0,0,
book-17-p0631,17,B,631,31,29,1,1,0.465391
book-17-p0632,17,B,632,31,29,2,2,0.515594
book-17-p0633,17,B,633,32,29,1,1,0.500148
book-17-p0634,17,B,634,31,29,0,0,
book-17-p0635,17,B,635,31,29,1,1,0.570348
book-17-p0636,17,B,636,32,29,1,1,0.570852
book-17-p0637,17,B,637,32,29,1,1,0.598381
book-17-p0638,17,B,638,32,29,0,0,
book-17-p0639,17,B,639,32,30,1,1,0.592692
book-17-p0640,17,B,640,32,29,2,2,0.506785
book-17-p0641,17,B,641,32,29,0,0,
book-17-p0642,17,B,642,32,29,0,0,
book-17-p0643,17,B,643,32,29,0,0,
book-17-p0644,17,B,644,31,29,1,1,0.572498
book-17-p0645,17,B,645,32,29,1,1,0.554377
book-17-p0646,17,B,646,31,29,1,1,0.525978
book-17-p0647,17,B,647,31,29,2,2,0.385910
book-17-p0648,17,B,648,32,29,5,5,0.424753
book-17-p0649,17,B,649,31,29,3,3,0.301286
book-17-p0650,17,B,650,32,29,0,0,
book-17-p0651,17,B,651,31,29,2,2,0.501977
book-17-p0652,17,B,652,32,29,1,1,0.580951
book-17-p0653,17,B,653,32,29,1,1,0.532573
book-17-p0654,17,B,654,32,29,1,1,0.558244
book-17-p0655,17,B,655,32,29,0,0,
book-17-p0656,17,B,656,32,29,3,4,0.473511
book-17-p0657,17,B,657,31,29,0,0,
book-17-p0658,17,B,658,32,29,1,1,0.508933
book-17-p0659,17,B,659,32,29,0,0,
book-17-p0660,17,B,660,32,29,2,2,0.586259
book-17-p0661,17,B,661,32,29,3,4,0.548645
book-17-p0662,17,B,662,30,26,2,2,0.549829
book-17-p0663,17,B,663,32,29,1,1,0.502526
book-17-p0664,17,B,664,32,29,3,4,0.232773
book-17-p0665,17,B,665,32,29,1,1,0.226496
book-17-p0666,17,B,666,32,29,0,0,
book-17-p0667,17,B,667,31,29,1,1,0.510251
book-17-p0668,17,B,668,32,29,2,3,0.433387
book-17-p0669,17,B,669,33,30,1,1,0.571826
book-17-p0670,17,B,670,32,30,0,0,
book-17-p0671,17,B,671,32,29,0,0,
book-17-p0672,17,B,672,32,29,0,0,
book-17-p0673,17,B,673,31,29,0,0,
book-17-p0674,17,B,674,32,29,1,1,0.511863
book-17-p0675,17,B,675,32,29,2,2,0.538848
book-17-p0676,17,B,676,31,29,0,0,
book-17-p0677,17,B,677,32,29,1,1,0.413098
book-17-p0678,17,B,678,32,29,2,2,0.426880
book-17-p0679,17,B,679,31,29,1,1,0.522153
book-17-p0680,17,B,680,31,29,0,0,
book-17-p0681,17,B,681,32,29,3,4,0.406423
book-17-p0682,17,B,682,32,29,1,1,0.547351
book-17-p0683,17,B,683,31,30,1,1,0.486249
book-17-p0684,17,B,684,31,29,0,0,
book-17-p0685,17,B,685,33,29,3,3,0.502712
book-17-p0686,17,B,686,32,29,2,2,0.383120
book-17-p0687,17,B,687,31,27,2,2,0.487830
book-17-p0688,17,B,688,31,28,2,3,0.501453
book-17-p0689,17,B,689,32,29,1,1,0.569625
book-17-p0690,17,B,690,32,29,0,0,
book-17-p0691,17,B,691,32,29,2,2,0.453800
book-17-p0692,17,B,692,33,30,0,0,
book-17-p0693,17,B,693,31,29,0,0,
book-17-p0694,17,B,694,31,29,1,1,0.544796
book-17-p0695,17,B,695,32,29,3,3,0.300186
book-17-p0696,17,B,696,31,29,1,1,0.587272
book-17-p0697,17,B,697,33,29,7,7,0.436386
book-17-p0698,17,B,698,31,29,1,1,0.529034
book-17-p0699,17,B,699,30,29,1,1,0.594367
book-17-p0700,17,B,700,32,29,3,3,0.332485
book-17-p0701,17,B,701,33,29,2,2,0.419672
book-17-p0702,17,B,702,31,29,0,0,
book-17-p0703,17,B,703,31,29,0,0,
book-17-p0704,17,B,704,32,29,1,1,0.532857
book-17-p0705,17,B,705,32,29,0,0,
book-17-p0706,17,B,706,32,29,0,0,
book-17-p0707,17,B,707,32,29,1,1,0.239645
book-17-p0708,17,B,708,31,30,0,0,
book-17-p0709,17,B,709,32,29,0,0,
book-17-p0710,17,B,710,31,30,1,1,0.571436
book-17-p0711,17,B,711,30,29,0,0,
book-17-p0712,17,B,712,32,30,0,0,
book-17-p0713,17,B,713,31,29,5,5,0.502690
book-17-p0714,17,B,714,31,30,1,1,0.564228
book-17-p0715,17,B,715,31,29,1,1,0.500084
book-17-p0716,17,B,716,31,29,1,1,0.519225
book-17-p0717,17,B,717,31,29,3,3,0.501637
book-17-p0718,17,B,718,31,29,0,0,
book-17-p0719,17,B,719,31,29,1,1,0.570139
book-17-p0720,17,B,720,31,29,2,2,0.502044
book-17-p0721,17,B,721,32,29,0,0,
book-17-p0722,17,B,722,31,29,1,1,0.582494
book-17-p0723,17,B,723,32,29,0,0,
book-17-p0724,17,B,724,31,29,5,6,0.311552
book-17-p0725,17,B,725,32,29,4,4,0.446272
book-17-p0726,17,B,726,31,29,0,0,
book-17-p0727,17,B,727,32,29,0,0,
book-17-p0728,17,B,728,32,29,0,0,
book-17-p0729,17,B,729,32,29,0,0,
book-17-p0730,17,B,730,31,29,1,1,0.591409
book-17-p0731,17,B,731,32,25,0,0,
book-17-p0732,17,B,732,31,29,1,1,0.436685
book-17-p0733,17,B,733,32,29,1,1,0.525702
book-17-p0734,17,B,734,31,29,0,0,
book-17-p0735,17,B,735,33,29,0,0,
book-17-p0736,17,B,736,31,29,1,1,0.523293
book-17-p0737,17,B,737,32,30,3,4,0.502850
book-17-p0738,17,B,738,31,29,0,0,
book-17-p0739,17,B,739,31,28,3,3,0.522141
book-17-p0740,17,B,740,31,29,0,0,
book-17-p0741,17,B,741,32,29,0,0,
book-17-p0742,17,B,742,31,29,0,0,
book-17-p0743,17,B,743,32,29,2,2,0.289920
book-17-p0744,17,B,744,31,29,0,0,
book-17-p0745,17,B,745,32,29,5,5,0.329774
book-17-p0746,17,B,746,31,25,0,0,
book-17-p0747,17,B,747,31,30,1,1,0.554210
book-17-p0748,17,B,748,32,29,1,1,0.504338
book-17-p0749,17,B,749,33,29,1,1,0.561423
book-17-p0750,17,B,750,32,29,0,0,
book-17-p0751,17,B,751,32,29,0,0,
book-17-p0752,17,B,752,32,29,1,1,0.532461
book-17-p0753,17,B,753,32,29,1,1,0.563741
book-17-p0754,17,B,754,31,29,1,1,0.524013
book-17-p0755,17,B,755,32,29,0,0,
book-17-p0756,17,B,756,32,30,0,0,
book-17-p0757,17,B,757,31,29,2,2,0.273329
book-17-p0758,17,B,758,32,30,0,0,
book-17-p0759,17,B,759,32,29,1,1,0.319861
book-17-p0760,17,B,760,32,29,1,1,0.572362
book-17-p0761,17,B,761,32,29,0,0,
book-17-p0762,17,B,762,32,29,0,0,
book-17-p0763,17,B,763,32,29,1,1,0.560188
book-17-p0764,17,B,764,32,29,0,0,
book-17-p0765,17,B,765,33,29,0,0,
book-17-p0766,17,B,766,32,29,1,1,0.420585
book-17-p0767,17,B,767,31,29,0,0,
book-17-p0768,17,B,768,32,29,0,0,
book-17-p0769,17,B,769,32,30,1,1,0.514354
book-17-p0770,17,B,770,31,29,1,1,0.590558
book-17-p0771,17,B,771,32,29,1,1,0.525620
book-17-p0772,17,B,772,31,29,2,2,0.586301
book-17-p0773,17,B,773,31,28,1,1,0.507847
book-17-p0774,17,B,774,32,29,0,0,
book-17-p0775,17,B,775,32,29,1,1,0.437749
book-17-p0776,17,B,776,31,29,1,1,0.450257
book-17-p0777,17,B,777,31,29,0,0,
book-17-p0778,17,B,778,31,29,0,0,
book-17-p0779,17,B,779,32,29,3,3,0.507519
book-17-p0780,17,B,780,31,29,1,1,0.551175
book-17-p0781,17,B,781,32,30,0,0,
book-17-p0782,17,B,782,32,29,0,0,
book-17-p0783,17,B,783,33,29,1,1,0.508787
book-17-p0784,17,B,784,32,29,0,0,
book-17-p0785,17,B,785,32,29,0,0,
book-17-p0786,17,B,786,31,29,0,0,
book-17-p0787,17,B,787,32,29,0,0,
book-17-p0788,17,B,788,32,29,1,1,0.447746
book-17-p0789,17,B,789,32,29,4,4,0.460891
book-17-p0790,17,B,790,31,29,2,2,0.385728
book-17-p0791,17,B,791,32,29,0,0,
book-17-p0792,17,B,792,31,30,0,0,
book-17-p0793,17,B,793,32,29,0,0,
book-17-p0794,17,B,794,31,29,2,2,0.515116
book-17-p0795,17,B,795,32,29,1,1,0.561862
book-17-p0796,17,B,796,31,29,1,1,0.546061
book-17-p0797,17,B,797,32,30,0,0,
book-17-p0798,17,B,798,31,29,0,0,
book-17-p0799,17,B,799,32,30,2,2,0.504815
book-17-p0800,17,B,800,31,29,0,0,
book-17-p0801,17,B,801,31,29,0,0,
book-17-p0802,17,B,802,31,29,0,0,
book-17-p0803,17,B,803,32,29,0,0,
book-17-p0804,17,B,804,31,29,0,0,
book-17-p0805,17,B,805,32,29,0,0,
book-17-p0806,17,B,806,31,29,1,1,0.557655
book-17-p0807,17,B,807,32,29,1,1,0.537175
book-17-p0808,17,B,808,31,29,2,2,0.507541
book-17-p0809,17,B,809,31,29,3,4,0.547148
book-17-p0810,17,B,810,31,29,0,0,
book-17-p0811,17,B,811,33,30,2,2,0.471587
book-17-p0812,17,B,812,32,29,0,0,
book-17-p0813,17,B,813,31,29,0,0,
book-17-p0814,17,B,814,32,28,1,1,0.399121
book-17-p0815,17,B,815,32,29,0,0,
book-17-p0816,17,B,816,31,29,0,0,
book-17-p0817,17,B,817,32,29,2,2,0.322359
book-17-p0818,17,B,818,30,24,0,0,
book-17-p0819,17,B,819,32,29,1,1,0.558257
book-17-p0820,17,B,820,31,29,1,1,0.443301
book-17-p0821,17,B,821,32,29,1,1,0.486890
book-17-p0822,17,B,822,31,30,0,0,
book-17-p0823,17,B,823,32,29,0,0,
book-17-p0824,17,B,824,31,29,1,1,0.512800
book-17-p0825,17,B,825,32,29,2,2,0.410385
book-17-p0826,17,B,826,31,29,1,1,0.448752
book-17-p0827,17,B,827,32,29,0,0,
book-17-p0828,17,B,828,32,29,0,0,
book-17-p0829,17,B,829,32,29,1,1,0.508009
book-17-p0830,17,B,830,31,29,0,0,
book-17-p0831,17,B,831,33,29,2,2,0.521803
book-17-p0832,17,B,832,32,29,0,0,
book-17-p0833,17,B,833,32,29,1,1,0.548101
book-17-p0834,17,B,834,32,29,1,1,0.350935
book-17-p0835,17,B,835,32,29,0,0,
book-17-p0836,17,B,836,31,29,0,0,
book-17-p0837,17,B,837,32,29,1,1,0.523628
book-17-p0838,17,B,838,31,29,1,1,0.595237
book-17-p0839,17,B,839,32,29,1,1,0.564684
book-17-p0840,17,B,840,31,29,0,0,
book-17-p0841,17,B,841,31,29,1,1,0.545962
book-17-p0842,17,B,842,31,29,2,2,0.502120
book-17-p0843,17,B,843,29,23,0,0,
book-17-p0844,17,B,844,31,29,0,0,
book-17-p0845,17,B,845,31,29,3,3,0.475915
book-17-p0846,17,B,846,33,29,0,0,
book-17-p0847,17,B,847,31,30,0,0,
book-17-p0848,17,B,848,32,29,1,1,0.579528
book-17-p0849,17,B,849,32,29,0,0,
book-17-p0850,17,B,850,31,29,2,2,0.473623
book-17-p0851,17,B,851,32,29,0,0,
book-17-p0852,17,B,852,31,29,0,0,
book-17-p0853,17,B,853,32,29,2,2,0.586791
book-17-p0854,17,B,854,32,29,0,0,
book-17-p0855,17,B,855,32,29,0,0,
book-17-p0856,17,B,856,31,30,0,0,
book-17-p0857,17,B,857,32,29,0,0,
book-17-p0858,17,B,858,32,29,0,0,
book-17-p0859,17,B,859,33,29,0,0,
book-17-p0860,17,B,860,32,29,1,1,0.581985
book-17-p0861,17,B,861,32,30,2,2,0.551697
book-17-p0862,17,B,862,31,29,0,0,
book-17-p0863,17,B,863,33,29,0,0,
book-17-p0864,17,B,864,31,29,1,1,0.505213
book-17-p0865,17,B,865,31,30,0,0,
book-17-p0866,17,B,866,31,29,0,0,
book-17-p0867,17,B,867,32,29,1,1,0.520805
book-17-p0868,17,B,868,31,29,1,1,0.596315
book-17-p0869,17,B,869,32,29,0,0,
book-17-p0870,17,B,870,31,29,1,1,0.424339
book-17-p0871,17,B,871,32,29,0,0,
book-17-p0872,17,B,872,31,29,1,1,0.550154
book-17-p0873,17,B,873,32,29,0,0,
book-17-p0874,17,B,874,32,29,0,0,
book-17-p0875,17,B,875,31,29,0,0,
book-17-p0876,17,B,876,31,29,0,0,
book-17-p0877,17,B,877,33,29,3,4,0.505622
book-17-p0878,17,B,878,31,29,0,0,
book-17-p0879,17,B,879,31,29,0,0,
book-17-p0880,17,B,880,32,29,0,0,
book-17-p0881,17,B,881,32,29,2,2,0.334403
book-17-p0882,17,B,882,31,29,1,1,0.571990
book-17-p0883,17,B,883,32,29,2,2,0.479417
book-17-p0884,17,B,884,31,29,0,0,
book-17-p0885,17,B,885,32,29,0,0,
book-17-p0886,17,B,886,31,29,1,1,0.555360
book-17-p0887,17,B,887,32,29,1,1,0.574421
book-17-p0888,17,B,888,32,29,1,1,0.597340
book-17-p0889,17,B,889,32,29,3,3,0.481560
book-17-p0890,17,B,890,31,29,1,1,0.576097
book-17-p0891,17,B,891,32,29,1,1,0.550416
book-17-p0892,17,B,892,32,29,1,1,0.539490
book-17-p0893,17,B,893,31,29,5,5,0.333610
book-17-p0894,17,B,894,31,29,0,0,
book-17-p0895,17,B,895,33,29,1,1,0.506485
book-17-p0896,17,B,896,32,29,2,2,0.474297
book-17-p0897,17,B,897,32,29,3,3,0.489444
book-17-p0898,17,B,898,32,29,0,0,
book-17-p0899,17,B,899,32,29,1,1,0.454358
book-17-p0900,17,B,900,31,29,2,3,0.485637
book-17-p0901,17,B,901,32,29,0,0,
book-17-p0902,17,B,902,31,29,2,2,0.555353
book-17-p0903,17,B,903,31,28,0,0,
book-17-p0904,17,B,904,31,29,2,2,0.527584
book-17-p0905,17,B,905,32,29,6,6,0.384575
book-17-p0906,17,B,906,31,30,1,1,0.597979
book-17-p0907,17,B,907,32,29,1,1,0.591357
book-17-p0908,17,B,908,31,29,1,1,0.499778
book-17-p0909,17,B,909,31,29,3,3,0.504008
book-17-p0910,17,B,910,32,29,2,2,0.521846
book-17-p0911,17,B,911,26,20,1,1,0.591896
book-17-p0912,17,B,912,30,28,2,2,0.577564
book-17-p0913,17,B,913,32,29,0,0,
book-17-p0914,17,B,914,31,29,1,1,0.523522
book-17-p0915,17,B,915,32,29,1,1,0.532036
book-17-p0916,17,B,916,31,29,2,2,0.552555
book-17-p0917,17,B,917,31,29,1,1,0.515378
book-17-p0918,17,B,918,19,11,0,0,
book-17-p0919,17,B,919,0,0,0,0,
book-17-p0920,17,B,920,0,0,0,0,
book-17-p0921,17,B,921,0,0,0,0,
book-17-p0922,17,B,922,0,0,0,0,
book-17-p0923,17,B,923,0,0,0,0,
book-17-p0924,17,B,924,0,0,0,0,
book-17-p0925,17,B,925,0,0,0,0,
book-17-p0926,17,B,926,0,0,0,0,
book-18-p0001,18,B,1,0,0,0,0,
book-18-p0002,18,B,2,0,0,0,0,
book-18-p0003,18,B,3,0,0,0,0,
book-18-p0004,18,B,4,2,2,2,3,0.143048
book-18-p0005,18,B,5,1,1,1,1,0.575174
book-18-p0006,18,B,6,1,1,1,1,0.449351
book-18-p0007,18,B,7,2,2,2,2,0.324863
book-18-p0008,18,B,8,3,3,2,2,0.237673
book-18-p0009,18,B,9,2,2,2,2,0.306194
book-18-p0010,18,B,10,2,2,2,3,0.326806
book-18-p0011,18,B,11,16,14,0,0,
book-18-p0012,18,B,12,28,25,1,1,0.422213
book-18-p0013,18,B,13,15,13,2,2,0.522819
book-18-p0014,18,B,14,20,18,2,3,0.548787
book-18-p0015,18,B,15,20,18,2,2,0.382799
book-18-p0016,18,B,16,20,18,1,1,0.549403
book-18-p0017,18,B,17,20,18,2,2,0.523281
book-18-p0018,18,B,18,17,15,8,16,0.126504
book-18-p0019,18,B,19,22,17,1,1,0.460522
book-18-p0020,18,B,20,30,29,0,0,
book-18-p0021,18,B,21,29,29,3,3,0.501426
book-18-p0022,18,B,22,30,29,1,1,0.521580
book-18-p0023,18,B,23,30,29,0,0,
book-18-p0024,18,B,24,30,29,0,0,
book-18-p0025,18,B,25,30,29,0,0,
book-18-p0026,18,B,26,28,28,4,4,0.321781
book-18-p0027,18,B,27,30,29,2,2,0.470236
book-18-p0028,18,B,28,32,29,1,1,0.523910
book-18-p0029,18,B,29,33,29,2,2,0.588481
book-18-p0030,18,B,30,31,29,0,0,
book-18-p0031,18,B,31,32,29,0,0,
book-18-p0032,18,B,32,30,29,0,0,
book-18-p0033,18,B,33,31,29,2,2,0.202694
book-18-p0034,18,B,34,30,27,1,1,0.541086
book-18-p0035,18,B,35,31,29,2,2,0.525208
book-18-p0036,18,B,36,32,30,1,1,0.544756
book-18-p0037,18,B,37,30,29,0,0,
book-18-p0038,18,B,38,30,29,2,2,0.283694
book-18-p0039,18,B,39,30,29,0,0,
book-18-p0040,18,B,40,31,29,0,0,
book-18-p0041,18,B,41,28,27,0,0,
book-18-p0042,18,B,42,29,29,0,0,
book-18-p0043,18,B,43,30,29,3,3,0.218940
book-18-p0044,18,B,44,31,29,3,3,0.443125
book-18-p0045,18,B,45,31,29,2,2,0.344082
book-18-p0046,18,B,46,31,30,4,4,0.370797
book-18-p0047,18,B,47,31,29,0,0,
book-18-p0048,18,B,48,31,29,1,1,0.572048
book-18-p0049,18,B,49,28,27,1,1,0.559593
book-18-p0050,18,B,50,30,29,3,3,0.374059
book-18-p0051,18,B,51,32,29,4,4,0.358965
book-18-p0052,18,B,52,29,29,0,0,
book-18-p0053,18,B,53,30,29,2,2,0.206113
book-18-p0054,18,B,54,33,30,2,2,0.526924
book-18-p0055,18,B,55,30,29,4,4,0.523902
book-18-p0056,18,B,56,28,26,4,4,0.439011
book-18-p0057,18,B,57,30,28,2,2,0.513779
book-18-p0058,18,B,58,29,29,4,4,0.437880
book-18-p0059,18,B,59,31,29,3,3,0.476431
book-18-p0060,18,B,60,30,29,1,1,0.513335
book-18-p0061,18,B,61,31,29,1,1,0.502169
book-18-p0062,18,B,62,30,29,2,2,0.417771
book-18-p0063,18,B,63,31,29,0,0,
book-18-p0064,18,B,64,28,26,0,0,
book-18-p0065,18,B,65,30,28,0,0,
book-18-p0066,18,B,66,31,29,3,3,0.531683
book-18-p0067,18,B,67,30,29,2,2,0.388100
book-18-p0068,18,B,68,32,31,1,1,0.534423
book-18-p0069,18,B,69,32,29,1,1,0.564277
book-18-p0070,18,B,70,31,29,2,2,0.315881
book-18-p0071,18,B,71,31,29,1,1,0.538422
book-18-p0072,18,B,72,29,28,9,9,0.304369
book-18-p0073,18,B,73,31,30,3,3,0.199055
book-18-p0074,18,B,74,32,30,3,3,0.468769
book-18-p0075,18,B,75,30,29,2,2,0.502825
book-18-p0076,18,B,76,31,29,3,3,0.254463
book-18-p0077,18,B,77,31,29,1,1,0.524483
book-18-p0078,18,B,78,31,29,3,3,0.371100
book-18-p0079,18,B,79,29,27,1,1,0.446536
book-18-p0080,18,B,80,30,29,3,3,0.372812
book-18-p0081,18,B,81,30,29,1,1,0.513979
book-18-p0082,18,B,82,32,29,1,1,0.504485
book-18-p0083,18,B,83,30,29,1,1,0.380865
book-18-p0084,18,B,84,30,29,3,3,0.499861
book-18-p0085,18,B,85,30,29,4,4,0.485449
book-18-p0086,18,B,86,31,29,1,1,0.232282
book-18-p0087,18,B,87,27,25,2,2,0.519713
book-18-p0088,18,B,88,32,29,0,0,
book-18-p0089,18,B,89,30,29,1,1,0.272833
book-18-p0090,18,B,90,30,29,4,4,0.399395
book-18-p0091,18,B,91,32,30,1,1,0.576171
book-18-p0092,18,B,92,31,29,4,4,0.264701
book-18-p0093,18,B,93,33,30,2,2,0.219958
book-18-p0094,18,B,94,31,29,3,3,0.354128
book-18-p0095,18,B,95,31,28,3,3,0.349530
book-18-p0096,18,B,96,30,29,1,1,0.545485
book-18-p0097,18,B,97,32,29,3,3,0.240414
book-18-p0098,18,B,98,32,30,0,0,
book-18-p0099,18,B,99,31,30,4,5,0.333233
book-18-p0100,18,B,100,31,29,1,1,0.573656
book-18-p0101,18,B,101,31,29,4,4,0.378213
book-18-p0102,18,B,102,31,29,0,0,
book-18-p0103,18,B,103,32,29,0,0,
book-18-p0104,18,B,104,31,29,3,3,0.374620
book-18-p0105,18,B,105,31,29,1,1,0.319040
book-18-p0106,18,B,106,31,29,4,4,0.316917
book-18-p0107,18,B,107,31,29,9,9,0.151002
book-18-p0108,18,B,108,31,29,2,2,0.502553
book-18-p0109,18,B,109,30,29,2,2,0.284172
book-18-p0110,18,B,110,27,25,2,2,0.517685
book-18-p0111,18,B,111,29,28,3,3,0.456507
book-18-p0112,18,B,112,30,29,1,1,0.303952
book-18-p0113,18,B,113,31,29,2,2,0.296051
book-18-p0114,18,B,114,31,29,3,3,0.555943
book-18-p0115,18,B,115,32,29,9,10,0.295652
book-18-p0116,18,B,116,32,29,0,0,
book-18-p0117,18,B,117,31,29,3,3,0.131207
book-18-p0118,18,B,118,31,29,5,5,0.251782
book-18-p0119,18,B,119,31,29,2,2,0.270457
book-18-p0120,18,B,120,32,30,6,6,0.275668
book-18-p0121,18,B,121,31,29,2,2,0.551658
book-18-p0122,18,B,122,31,30,2,2,0.425467
book-18-p0123,18,B,123,31,29,3,3,0.427376
book-18-p0124,18,B,124,29,29,1,1,0.464262
book-18-p0125,18,B,125,33,29,0,0,
book-18-p0126,18,B,126,30,29,1,1,0.572359
book-18-p0127,18,B,127,29,27,0,0,
book-18-p0128,18,B,128,32,29,4,4,0.498312
book-18-p0129,18,B,129,32,29,2,2,0.272691
book-18-p0130,18,B,130,31,30,3,3,0.534698
book-18-p0131,18,B,131,31,29,0,0,
book-18-p0132,18,B,132,30,29,2,2,0.500922
book-18-p0133,18,B,133,29,27,3,4,0.244266
book-18-p0134,18,B,134,31,29,4,4,0.486995
book-18-p0135,18,B,135,31,29,3,3,0.330208
book-18-p0136,18,B,136,30,29,6,6,0.381690
book-18-p0137,18,B,137,30,29,9,9,0.242500
book-18-p0138,18,B,138,30,29,3,3,0.430324
book-18-p0139,18,B,139,30,29,1,1,0.382631
book-18-p0140,18,B,140,31,30,2,2,0.371057
book-18-p0141,18,B,141,32,30,4,4,0.299270
book-18-p0142,18,B,142,32,30,7,7,0.413868
book-18-p0143,18,B,143,32,29,7,7,0.169816
book-18-p0144,18,B,144,28,27,2,2,0.219264
book-18-p0145,18,B,145,30,29,5,5,0.238502
book-18-p0146,18,B,146,32,29,1,1,0.439568
book-18-p0147,18,B,147,31,29,9,9,0.190692
book-18-p0148,18,B,148,30,29,4,4,0.465868
book-18-p0149,18,B,149,31,30,1,1,0.374320
book-18-p0150,18,B,150,33,31,5,7,0.125453
book-18-p0151,18,B,151,31,29,4,4,0.507818
book-18-p0152,18,B,152,31,30,5,5,0.367648
book-18-p0153,18,B,153,28,27,3,3,0.194325
book-18-p0154,18,B,154,31,30,9,11,0.234344
book-18-p0155,18,B,155,31,30,5,5,0.219487
book-18-p0156,18,B,156,31,30,8,8,0.363353
book-18-p0157,18,B,157,30,29,1,1,0.267971
book-18-p0158,18,B,158,33,29,1,1,0.592596
book-18-p0159,18,B,159,32,30,3,3,0.366207
book-18-p0160,18,B,160,30,29,1,1,0.538448
book-18-p0161,18,B,161,28,26,4,4,0.504672
book-18-p0162,18,B,162,30,29,4,4,0.510636
book-18-p0163,18,B,163,29,29,1,1,0.525046
book-18-p0164,18,B,164,30,29,3,3,0.262182
book-18-p0165,18,B,165,31,29,10,10,0.284781
book-18-p0166,18,B,166,32,29,1,1,0.502767
book-18-p0167,18,B,167,31,29,3,3,0.429236
book-18-p0168,18,B,168,30,29,9,10,0.387387
book-18-p0169,18,B,169,29,27,3,3,0.267325
book-18-p0170,18,B,170,31,29,6,7,0.227551
book-18-p0171,18,B,171,31,30,5,5,0.210434
book-18-p0172,18,B,172,31,29,1,1,0.566138
book-18-p0173,18,B,173,30,29,2,2,0.351209
book-18-p0174,18,B,174,32,29,5,5,0.343223
book-18-p0175,18,B,175,33,32,11,12,0.172089
book-18-p0176,18,B,176,32,30,2,2,0.474653
book-18-p0177,18,B,177,31,29,2,2,0.208057
book-18-p0178,18,B,178,30,29,0,0,
book-18-p0179,18,B,179,30,29,5,6,0.320032
book-18-p0180,18,B,180,30,29,4,4,0.366088
book-18-p0181,18,B,181,30,29,6,6,0.181327
book-18-p0182,18,B,182,33,31,10,20,0.123227
book-18-p0183,18,B,183,30,29,3,4,0.264581
book-18-p0184,18,B,184,33,29,3,3,0.445223
book-18-p0185,18,B,185,31,29,5,5,0.284972
book-18-p0186,18,B,186,33,29,5,5,0.460397
book-18-p0187,18,B,187,32,29,8,9,0.257938
book-18-p0188,18,B,188,30,29,1,1,0.471994
book-18-p0189,18,B,189,32,31,7,7,0.244768
book-18-p0190,18,B,190,28,27,2,2,0.503734
book-18-p0191,18,B,191,32,29,6,6,0.440994
book-18-p0192,18,B,192,32,30,3,3,0.484556
book-18-p0193,18,B,193,33,29,1,1,0.529993
book-18-p0194,18,B,194,31,29,3,3,0.431058
book-18-p0195,18,B,195,32,29,4,5,0.470408
book-18-p0196,18,B,196,31,29,2,2,0.535152
book-18-p0197,18,B,197,27,26,5,5,0.261366
book-18-p0198,18,B,198,31,29,3,3,0.480696
book-18-p0199,18,B,199,31,30,7,9,0.358338
book-18-p0200,18,B,200,31,29,1,1,0.561957
book-18-p0201,18,B,201,31,29,0,0,
book-18-p0202,18,B,202,30,29,8,9,0.441189
book-18-p0203,18,B,203,31,29,9,10,0.286734
book-18-p0204,18,B,204,30,27,3,3,0.430453
book-18-p0205,18,B,205,30,29,6,6,0.363400
book-18-p0206,18,B,206,32,30,6,7,0.509769
book-18-p0207,18,B,207,33,30,12,13,0.286107
book-18-p0208,18,B,208,33,31,6,6,0.351736
book-18-p0209,18,B,209,31,29,1,1,0.528341
book-18-p0210,18,B,210,30,29,0,0,
book-18-p0211,18,B,211,32,30,6,6,0.279864
book-18-p0212,18,B,212,34,32,4,4,0.359014
book-18-p0213,18,B,213,29,27,1,1,0.515439
book-18-p0214,18,B,214,31,30,4,4,0.175822
book-18-p0215,18,B,215,31,29,4,5,0.207340
book-18-p0216,18,B,216,32,31,4,4,0.335908
book-18-p0217,18,B,217,31,30,6,6,0.253780
book-18-p0218,18,B,218,35,34,7,7,0.484903
book-18-p0219,18,B,219,29,28,2,2,0.115665
book-18-p0220,18,B,220,30,29,0,0,
book-18-p0221,18,B,221,33,30,2,2,0.412461
book-18-p0222,18,B,222,31,29,2,2,0.485441
book-18-p0223,18,B,223,32,30,4,4,0.446054
book-18-p0224,18,B,224,29,27,1,1,0.474330
book-18-p0225,18,B,225,30,29,4,4,0.263013
book-18-p0226,18,B,226,31,30,3,3,0.411597
book-18-p0227,18,B,227,31,29,5,5,0.411078
book-18-p0228,18,B,228,32,29,4,5,0.360132
book-18-p0229,18,B,229,31,29,8,8,0.227906
book-18-p0230,18,B,230,31,30,8,9,0.292148
book-18-p0231,18,B,231,31,29,8,8,0.129512
book-18-p0232,18,B,232,32,30,7,7,0.334300
book-18-p0233,18,B,233,29,28,4,4,0.257571
book-18-p0234,18,B,234,31,29,5,5,0.409494
book-18-p0235,18,B,235,32,30,3,3,0.192236
book-18-p0236,18,B,236,30,29,2,2,0.509015
book-18-p0237,18,B,237,31,29,3,3,0.354511
book-18-p0238,18,B,238,31,30,3,3,0.434204
book-18-p0239,18,B,239,29,27,4,4,0.515683
book-18-p0240,18,B,240,32,30,5,5,0.279049
book-18-p0241,18,B,241,32,29,2,2,0.501649
book-18-p0242,18,B,242,32,30,0,0,
book-18-p0243,18,B,243,32,30,1,1,0.279899
book-18-p0244,18,B,244,31,29,4,4,0.462482
book-18-p0245,18,B,245,31,29,1,1,0.457657
book-18-p0246,18,B,246,32,30,2,2,0.367602
book-18-p0247,18,B,247,31,30,6,6,0.366456
book-18-p0248,18,B,248,30,29,2,2,0.426826
book-18-p0249,18,B,249,29,29,6,6,0.377173
book-18-p0250,18,B,250,31,30,5,5,0.386986
book-18-p0251,18,B,251,28,27,2,2,0.247514
book-18-p0252,18,B,252,32,31,2,2,0.435422
book-18-p0253,18,B,253,31,29,4,4,0.505185
book-18-p0254,18,B,254,31,30,2,2,0.402339
book-18-p0255,18,B,255,31,29,2,2,0.301609
book-18-p0256,18,B,256,32,30,2,2,0.305627
book-18-p0257,18,B,257,31,29,5,5,0.155946
book-18-p0258,18,B,258,28,26,4,4,0.401184
book-18-p0259,18,B,259,31,29,0,0,
book-18-p0260,18,B,260,31,29,4,4,0.190277
book-18-p0261,18,B,261,31,29,4,4,0.496950
book-18-p0262,18,B,262,32,30,2,2,0.353182
book-18-p0263,18,B,263,32,29,8,8,0.189135
book-18-p0264,18,B,264,33,31,4,5,0.125563
book-18-p0265,18,B,265,31,29,4,4,0.393948
book-18-p0266,18,B,266,29,28,2,2,0.447665
book-18-p0267,18,B,267,32,30,5,5,0.329129
book-18-p0268,18,B,268,32,29,1,1,0.441907
book-18-p0269,18,B,269,31,30,6,7,0.356006
book-18-p0270,18,B,270,33,30,5,5,0.416578
book-18-p0271,18,B,271,31,29,8,8,0.220566
book-18-p0272,18,B,272,32,29,3,3,0.441603
book-18-p0273,18,B,273,31,29,5,5,0.246465
book-18-p0274,18,B,274,29,29,0,0,
book-18-p0275,18,B,275,28,27,0,0,
book-18-p0276,18,B,276,30,29,0,0,
book-18-p0277,18,B,277,30,29,0,0,
book-18-p0278,18,B,278,31,29,2,2,0.314794
book-18-p0279,18,B,279,31,29,3,3,0.222133
book-18-p0280,18,B,280,30,29,0,0,
book-18-p0281,18,B,281,31,29,7,7,0.359714
book-18-p0282,18,B,282,30,27,1,1,0.577914
book-18-p0283,18,B,283,32,29,2,2,0.358821
book-18-p0284,18,B,284,31,30,3,3,0.413488
book-18-p0285,18,B,285,32,29,0,0,
book-18-p0286,18,B,286,32,30,1,1,0.554188
book-18-p0287,18,B,287,31,27,0,0,
book-18-p0288,18,B,288,30,28,0,0,
book-18-p0289,18,B,289,31,29,2,2,0.293065
book-18-p0290,18,B,290,32,29,3,4,0.484142
book-18-p0291,18,B,291,32,30,2,4,0.304907
book-18-p0292,18,B,292,31,29,4,4,0.503307
book-18-p0293,18,B,293,31,29,3,3,0.501597
book-18-p0294,18,B,294,29,27,2,2,0.478967
book-18-p0295,18,B,295,31,30,4,4,0.384368
book-18-p0296,18,B,296,32,30,1,1,0.586429
book-18-p0297,18,B,297,31,29,1,1,0.411239
book-18-p0298,18,B,298,32,30,3,3,0.393948
book-18-p0299,18,B,299,31,29,1,1,0.503663
book-18-p0300,18,B,300,32,30,4,9,0.194249
book-18-p0301,18,B,301,31,29,1,1,0.587507
book-18-p0302,18,B,302,32,29,0,0,
book-18-p0303,18,B,303,31,29,3,3,0.378540
book-18-p0304,18,B,304,31,30,3,3,0.478824
book-18-p0305,18,B,305,31,29,3,3,0.545093
book-18-p0306,18,B,306,32,30,0,0,
book-18-p0307,18,B,307,29,29,1,1,0.567752
book-18-p0308,18,B,308,25,23,2,2,0.507542
book-18-p0309,18,B,309,30,28,5,5,0.159682
book-18-p0310,18,B,310,31,29,2,2,0.368992
book-18-p0311,18,B,311,31,29,5,5,0.167708
book-18-p0312,18,B,312,31,30,2,2,0.168474
book-18-p0313,18,B,313,31,29,7,7,0.360746
book-18-p0314,18,B,314,33,31,4,7,0.331104
book-18-p0315,18,B,315,32,29,2,2,0.310960
book-18-p0316,18,B,316,30,29,4,4,0.516296
book-18-p0317,18,B,317,33,29,0,0,
book-18-p0318,18,B,318,35,31,3,3,0.502967
book-18-p0319,18,B,319,31,30,9,9,0.145495
book-18-p0320,18,B,320,28,27,2,2,0.508790
book-18-p0321,18,B,321,31,30,3,3,0.372930
book-18-p0322,18,B,322,32,30,1,1,0.170685
book-18-p0323,18,B,323,32,29,2,3,0.375093
book-18-p0324,18,B,324,31,29,2,2,0.502379
book-18-p0325,18,B,325,31,29,4,4,0.179799
book-18-p0326,18,B,326,31,29,0,0,
book-18-p0327,18,B,327,31,29,2,2,0.507220
book-18-p0328,18,B,328,31,30,1,1,0.496313
book-18-p0329,18,B,329,30,28,6,6,0.150384
book-18-p0330,18,B,330,31,30,3,5,0.442955
book-18-p0331,18,B,331,31,29,3,3,0.295172
book-18-p0332,18,B,332,31,29,1,1,0.147096
book-18-p0333,18,B,333,31,29,5,6,0.263376
book-18-p0334,18,B,334,31,29,0,0,
book-18-p0335,18,B,335,30,29,3,3,0.465623
book-18-p0336,18,B,336,30,29,0,0,
book-18-p0337,18,B,337,30,29,2,2,0.259499
book-18-p0338,18,B,338,32,29,1,1,0.528994
book-18-p0339,18,B,339,31,29,2,2,0.244675
book-18-p0340,18,B,340,32,30,1,1,0.407733
book-18-p0341,18,B,341,28,26,3,3,0.227429
book-18-p0342,18,B,342,32,30,1,1,0.596732
book-18-p0343,18,B,343,31,29,1,1,0.395008
book-18-p0344,18,B,344,32,31,3,3,0.434903
book-18-p0345,18,B,345,32,29,4,4,0.219541
book-18-p0346,18,B,346,34,31,2,2,0.295359
book-18-p0347,18,B,347,31,29,2,2,0.251818
book-18-p0348,18,B,348,31,29,1,2,0.501131
book-18-p0349,18,B,349,29,26,0,0,
book-18-p0350,18,B,350,30,29,2,2,0.375204
book-18-p0351,18,B,351,31,29,5,5,0.243436
book-18-p0352,18,B,352,31,30,0,0,
book-18-p0353,18,B,353,33,30,1,1,0.529707
book-18-p0354,18,B,354,33,30,0,0,
book-18-p0355,18,B,355,33,29,0,0,
book-18-p0356,18,B,356,32,29,4,4,0.422580
book-18-p0357,18,B,357,30,27,1,1,0.358672
book-18-p0358,18,B,358,32,29,1,1,0.516754
book-18-p0359,18,B,359,31,29,2,2,0.381826
book-18-p0360,18,B,360,30,28,1,1,0.579180
book-18-p0361,18,B,361,30,27,1,1,0.546851
book-18-p0362,18,B,362,31,29,0,0,
book-18-p0363,18,B,363,35,32,2,2,0.303513
book-18-p0364,18,B,364,26,24,2,2,0.570312
book-18-p0365,18,B,365,31,28,7,8,0.262554
book-18-p0366,18,B,366,31,30,1,1,0.527499
book-18-p0367,18,B,367,32,29,6,6,0.195767
book-18-p0368,18,B,368,32,30,0,0,
book-18-p0369,18,B,369,33,29,0,0,
book-18-p0370,18,B,370,32,30,1,1,0.562328
book-18-p0371,18,B,371,30,29,1,1,0.499890
book-18-p0372,18,B,372,31,30,3,4,0.347773
book-18-p0373,18,B,373,32,29,2,2,0.520351
book-18-p0374,18,B,374,31,29,0,0,
book-18-p0375,18,B,375,31,30,1,1,0.553941
book-18-p0376,18,B,376,31,29,0,0,
book-18-p0377,18,B,377,30,29,1,1,0.565175
book-18-p0378,18,B,378,31,30,5,5,0.286691
book-18-p0379,18,B,379,32,29,3,3,0.231454
book-18-p0380,18,B,380,32,30,3,3,0.515305
book-18-p0381,18,B,381,32,29,1,1,0.591727
book-18-p0382,18,B,382,32,29,1,1,0.582916
book-18-p0383,18,B,383,33,29,2,2,0.512487
book-18-p0384,18,B,384,32,29,1,1,0.561004
book-18-p0385,18,B,385,34,29,2,2,0.320506
book-18-p0386,18,B,386,29,27,2,2,0.314773
book-18-p0387,18,B,387,33,29,1,1,0.582607
book-18-p0388,18,B,388,31,30,2,2,0.524226
book-18-p0389,18,B,389,31,30,0,0,
book-18-p0390,18,B,390,31,30,0,0,
book-18-p0391,18,B,391,31,29,3,3,0.532363
book-18-p0392,18,B,392,30,29,5,5,0.273627
book-18-p0393,18,B,393,31,30,10,10,0.223033
book-18-p0394,18,B,394,32,30,4,4,0.126550
book-18-p0395,18,B,395,32,29,1,1,0.439144
book-18-p0396,18,B,396,32,30,1,1,0.336505
book-18-p0397,18,B,397,31,27,0,0,
book-18-p0398,18,B,398,31,30,5,7,0.263114
book-18-p0399,18,B,399,31,29,0,0,
book-18-p0400,18,B,400,33,31,3,3,0.408541
book-18-p0401,18,B,401,32,30,2,4,0.312182
book-18-p0402,18,B,402,29,26,0,0,
book-18-p0403,18,B,403,32,28,0,0,
book-18-p0404,18,B,404,32,30,1,1,0.523755
book-18-p0405,18,B,405,32,29,0,0,
book-18-p0406,18,B,406,32,29,0,0,
book-18-p0407,18,B,407,31,29,0,0,
book-18-p0408,18,B,408,32,30,2,2,0.411123
book-18-p0409,18,B,409,27,24,0,0,
book-18-p0410,18,B,410,30,29,1,3,0.251251
book-18-p0411,18,B,411,32,29,1,1,0.570714
book-18-p0412,18,B,412,31,30,5,6,0.484900
book-18-p0413,18,B,413,31,30,0,0,
book-18-p0414,18,B,414,32,31,2,2,0.511301
book-18-p0415,18,B,415,33,30,1,1,0.447668
book-18-p0416,18,B,416,32,31,1,1,0.406770
book-18-p0417,18,B,417,28,28,3,5,0.232692
book-18-p0418,18,B,418,31,29,1,1,0.333418
book-18-p0419,18,B,419,33,29,1,1,0.590764
book-18-p0420,18,B,420,32,31,2,3,0.364087
book-18-p0421,18,B,421,31,29,2,2,0.543986
book-18-p0422,18,B,422,28,26,2,2,0.519382
book-18-p0423,18,B,423,31,28,2,2,0.478613
book-18-p0424,18,B,424,32,29,1,1,0.572585
book-18-p0425,18,B,425,31,29,0,0,
book-18-p0426,18,B,426,31,29,2,2,0.427132
book-18-p0427,18,B,427,34,31,2,2,0.476333
book-18-p0428,18,B,428,31,30,1,1,0.539192
book-18-p0429,18,B,429,31,27,3,3,0.129265
book-18-p0430,18,B,430,32,30,1,1,0.348061
book-18-p0431,18,B,431,31,29,0,0,
book-18-p0432,18,B,432,33,30,4,4,0.526005
book-18-p0433,18,B,433,33,29,0,0,
book-18-p0434,18,B,434,31,29,2,2,0.495932
book-18-p0435,18,B,435,31,29,3,3,0.371465
book-18-p0436,18,B,436,32,30,2,2,0.512234
book-18-p0437,18,B,437,29,27,2,2,0.294060
book-18-p0438,18,B,438,31,30,4,4,0.336002
book-18-p0439,18,B,439,31,30,2,2,0.300388
book-18-p0440,18,B,440,34,30,0,0,
book-18-p0441,18,B,441,31,29,2,2,0.260887
book-18-p0442,18,B,442,32,30,0,0,
book-18-p0443,18,B,443,29,24,3,3,0.176078
book-18-p0444,18,B,444,30,28,0,0,
book-18-p0445,18,B,445,33,29,1,1,0.526633
book-18-p0446,18,B,446,32,31,1,1,0.388148
book-18-p0447,18,B,447,32,29,0,0,
book-18-p0448,18,B,448,32,31,2,2,0.385700
book-18-p0449,18,B,449,32,29,1,1,0.479674
book-18-p0450,18,B,450,30,28,2,2,0.232823
book-18-p0451,18,B,451,33,30,0,0,
book-18-p0452,18,B,452,31,30,7,7,0.436830
book-18-p0453,18,B,453,31,29,1,1,0.423210
book-18-p0454,18,B,454,31,29,5,6,0.350226
book-18-p0455,18,B,455,31,30,2,2,0.501276
book-18-p0456,18,B,456,32,30,0,0,
book-18-p0457,18,B,457,29,27,1,1,0.596241
book-18-p0458,18,B,458,32,29,4,4,0.207339
book-18-p0459,18,B,459,31,30,1,1,0.313974
book-18-p0460,18,B,460,32,31,0,0,
book-18-p0461,18,B,461,33,29,3,3,0.217409
book-18-p0462,18,B,462,34,32,3,5,0.362739
book-18-p0463,18,B,463,32,30,3,3,0.375437
book-18-p0464,18,B,464,32,31,1,1,0.244135
book-18-p0465,18,B,465,30,27,6,7,0.220283
book-18-p0466,18,B,466,33,30,1,1,0.525903
book-18-p0467,18,B,467,31,29,5,5,0.339780
book-18-p0468,18,B,468,30,29,1,1,0.575251
book-18-p0469,18,B,469,31,30,5,5,0.211844
book-18-p0470,18,B,470,31,30,3,3,0.313653
book-18-p0471,18,B,471,31,29,0,0,
book-18-p0472,18,B,472,32,31,2,2,0.441294
book-18-p0473,18,B,473,30,28,4,4,0.420342
book-18-p0474,18,B,474,31,29,3,3,0.318364
book-18-p0475,18,B,475,31,29,0,0,
book-18-p0476,18,B,476,32,31,1,1,0.453856
book-18-p0477,18,B,477,33,29,1,1,0.446115
book-18-p0478,18,B,478,32,31,6,6,0.261353
book-18-p0479,18,B,479,31,29,2,3,0.459261
book-18-p0480,18,B,480,32,31,4,4,0.397500
book-18-p0481,18,B,481,33,30,1,2,0.583274
book-18-p0482,18,B,482,31,29,3,3,0.478583
book-18-p0483,18,B,483,33,29,1,1,0.400169
book-18-p0484,18,B,484,30,27,1,1,0.427396
book-18-p0485,18,B,485,32,29,3,3,0.264639
book-18-p0486,18,B,486,32,30,6,6,0.347186
book-18-p0487,18,B,487,31,29,2,2,0.164845
book-18-p0488,18,B,488,32,30,4,4,0.343966
book-18-p0489,18,B,489,31,30,3,3,0.177093
book-18-p0490,18,B,490,31,30,4,4,0.259145
book-18-p0491,18,B,491,32,29,4,4,0.225963
book-18-p0492,18,B,492,29,28,3,5,0.275465
book-18-p0493,18,B,493,32,29,4,4,0.238706
book-18-p0494,18,B,494,32,29,2,2,0.458918
book-18-p0495,18,B,495,32,31,3,3,0.291253
book-18-p0496,18,B,496,31,30,2,2,0.358378
book-18-p0497,18,B,497,31,29,6,6,0.208473
book-18-p0498,18,B,498,30,29,2,2,0.543142
book-18-p0499,18,B,499,28,26,1,1,0.587329
book-18-p0500,18,B,500,32,29,1,1,0.293822
book-18-p0501,18,B,501,31,29,6,6,0.226098
book-18-p0502,18,B,502,31,30,0,0,
book-18-p0503,18,B,503,31,29,4,4,0.228955
book-18-p0504,18,B,504,32,30,3,3,0.500099
book-18-p0505,18,B,505,29,28,7,7,0.243934
book-18-p0506,18,B,506,33,30,7,7,0.284724
book-18-p0507,18,B,507,32,29,1,1,0.454924
book-18-p0508,18,B,508,31,30,4,4,0.378587
book-18-p0509,18,B,509,33,29,0,0,
book-18-p0510,18,B,510,30,29,0,0,
book-18-p0511,18,B,511,31,29,0,0,
book-18-p0512,18,B,512,28,27,2,2,0.436990
book-18-p0513,18,B,513,34,30,1,2,0.288308
book-18-p0514,18,B,514,31,29,2,2,0.570579
book-18-p0515,18,B,515,31,30,3,4,0.212993
book-18-p0516,18,B,516,31,30,3,4,0.333189
book-18-p0517,18,B,517,31,29,3,3,0.397944
book-18-p0518,18,B,518,30,28,2,2,0.529567
book-18-p0519,18,B,519,31,29,0,0,
book-18-p0520,18,B,520,30,29,0,0,
book-18-p0521,18,B,521,31,29,1,1,0.520042
book-18-p0522,18,B,522,30,29,5,5,0.329493
book-18-p0523,18,B,523,32,29,2,2,0.496645
book-18-p0524,18,B,524,29,28,2,2,0.453808
book-18-p0525,18,B,525,33,30,1,1,0.433953
book-18-p0526,18,B,526,32,30,5,6,0.364309
book-18-p0527,18,B,527,33,30,3,3,0.184348
book-18-p0528,18,B,528,31,30,4,4,0.215556
book-18-p0529,18,B,529,33,29,4,4,0.229482
book-18-p0530,18,B,530,32,31,1,2,0.503732
book-18-p0531,18,B,531,28,23,0,0,
book-18-p0532,18,B,532,30,29,1,1,0.578456
book-18-p0533,18,B,533,33,29,1,1,0.574995
book-18-p0534,18,B,534,31,29,0,0,
book-18-p0535,18,B,535,31,29,1,1,0.445256
book-18-p0536,18,B,536,32,31,0,0,
book-18-p0537,18,B,537,31,29,4,5,0.200151
book-18-p0538,18,B,538,32,31,2,2,0.501999
book-18-p0539,18,B,539,30,27,4,4,0.271773
book-18-p0540,18,B,540,31,30,4,6,0.134047
book-18-p0541,18,B,541,32,30,4,5,0.246841
book-18-p0542,18,B,542,31,30,0,0,
book-18-p0543,18,B,543,34,30,6,6,0.169113
book-18-p0544,18,B,544,31,29,1,1,0.499305
book-18-p0545,18,B,545,32,29,2,2,0.464603
book-18-p0546,18,B,546,31,30,2,2,0.504175
book-18-p0547,18,B,547,30,27,1,1,0.519725
book-18-p0548,18,B,548,32,29,1,1,0.592970
book-18-p0549,18,B,549,32,29,8,9,0.218524
book-18-p0550,18,B,550,31,29,0,0,
book-18-p0551,18,B,551,31,29,1,1,0.585488
book-18-p0552,18,B,552,30,29,3,3,0.483769
book-18-p0553,18,B,553,31,29,2,2,0.227952
book-18-p0554,18,B,554,29,28,0,0,
book-18-p0555,18,B,555,33,30,2,2,0.500744
book-18-p0556,18,B,556,32,29,2,2,0.307962
book-18-p0557,18,B,557,33,29,1,1,0.584151
book-18-p0558,18,B,558,33,30,2,2,0.518396
book-18-p0559,18,B,559,33,29,7,7,0.220205
book-18-p0560,18,B,560,32,31,0,0,
book-18-p0561,18,B,561,31,29,4,4,0.284246
book-18-p0562,18,B,562,31,29,1,1,0.555324
book-18-p0563,18,B,563,33,29,5,5,0.185377
book-18-p0564,18,B,564,33,30,0,0,
book-18-p0565,18,B,565,32,29,1,1,0.519538
book-18-p0566,18,B,566,32,30,0,0,
book-18-p0567,18,B,567,32,29,1,1,0.496097
book-18-p0568,18,B,568,32,30,1,1,0.514643
book-18-p0569,18,B,569,33,30,3,3,0.382191
book-18-p0570,18,B,570,25,23,0,0,
book-18-p0571,18,B,571,31,28,2,2,0.363196
book-18-p0572,18,B,572,32,31,0,0,
book-18-p0573,18,B,573,32,29,4,4,0.410856
book-18-p0574,18,B,574,31,30,2,3,0.453912
book-18-p0575,18,B,575,31,30,1,1,0.516096
book-18-p0576,18,B,576,31,30,1,1,0.531649
book-18-p0577,18,B,577,32,31,2,3,0.363587
book-18-p0578,18,B,578,28,26,0,0,
book-18-p0579,18,B,579,31,29,2,2,0.442549
book-18-p0580,18,B,580,30,29,3,3,0.390540
book-18-p0581,18,B,581,31,30,1,1,0.504927
book-18-p0582,18,B,582,31,29,0,0,
book-18-p0583,18,B,583,32,29,3,3,0.464086
book-18-p0584,18,B,584,33,30,1,1,0.572133
book-18-p0585,18,B,585,31,27,2,2,0.333947
book-18-p0586,18,B,586,33,31,1,1,0.591452
book-18-p0587,18,B,587,32,30,5,5,0.258497
book-18-p0588,18,B,588,31,29,5,5,0.468706
book-18-p0589,18,B,589,33,29,6,6,0.390216
book-18-p0590,18,B,590,32,31,5,6,0.165727
book-18-p0591,18,B,591,31,28,1,1,0.503964
book-18-p0592,18,B,592,30,29,1,1,0.580732
book-18-p0593,18,B,593,31,30,2,3,0.367722
book-18-p0594,18,B,594,31,29,1,1,0.503721
book-18-p0595,18,B,595,32,29,6,6,0.340252
book-18-p0596,18,B,596,32,31,3,3,0.320811
book-18-p0597,18,B,597,32,29,1,1,0.555792
book-18-p0598,18,B,598,28,26,1,1,0.364061
book-18-p0599,18,B,599,32,28,2,2,0.538284
book-18-p0600,18,B,600,32,30,4,4,0.376170
book-18-p0601,18,B,601,31,29,1,1,0.419429
book-18-p0602,18,B,602,34,30,1,1,0.559712
book-18-p0603,18,B,603,33,29,2,2,0.389532
book-18-p0604,18,B,604,31,29,0,0,
book-18-p0605,18,B,605,33,30,2,2,0.346669
book-18-p0606,18,B,606,32,31,10,12,0.114979
book-18-p0607,18,B,607,31,29,2,2,0.380017
book-18-p0608,18,B,608,31,30,0,0,
book-18-p0609,18,B,609,31,29,3,3,0.324904
book-18-p0610,18,B,610,31,30,3,3,0.373842
book-18-p0611,18,B,611,31,29,4,4,0.347764
book-18-p0612,18,B,612,31,28,0,0,
book-18-p0613,18,B,613,30,27,4,4,0.183172
book-18-p0614,18,B,614,32,30,3,3,0.315653
book-18-p0615,18,B,615,31,29,6,6,0.189419
book-18-p0616,18,B,616,33,30,3,4,0.481954
book-18-p0617,18,B,617,31,29,1,1,0.573517
book-18-p0618,18,B,618,33,30,2,2,0.172350
book-18-p0619,18,B,619,31,30,4,5,0.233521
book-18-p0620,18,B,620,30,29,5,5,0.336290
book-18-p0621,18,B,621,30,28,2,2,0.203387
book-18-p0622,18,B,622,32,30,1,1,0.266532
book-18-p0623,18,B,623,32,29,6,6,0.196050
book-18-p0624,18,B,624,31,30,3,3,0.517297
book-18-p0625,18,B,625,31,30,1,2,0.290235
book-18-p0626,18,B,626,31,29,0,0,
book-18-p0627,18,B,627,29,26,3,3,0.368178
book-18-p0628,18,B,628,30,29,2,2,0.516090
book-18-p0629,18,B,629,31,30,1,1,0.528943
book-18-p0630,18,B,630,31,30,1,1,0.540565
book-18-p0631,18,B,631,31,29,2,2,0.486965
book-18-p0632,18,B,632,32,31,3,3,0.302813
book-18-p0633,18,B,633,31,29,1,1,0.335135
book-18-p0634,18,B,634,29,28,3,3,0.491790
book-18-p0635,18,B,635,32,29,3,3,0.340750
book-18-p0636,18,B,636,30,29,1,1,0.476445
book-18-p0637,18,B,637,33,29,0,0,
book-18-p0638,18,B,638,32,31,3,4,0.261979
book-18-p0639,18,B,639,33,29,0,0,
book-18-p0640,18,B,640,32,31,2,2,0.503178
book-18-p0641,18,B,641,27,25,2,2,0.504883
book-18-p0642,18,B,642,31,29,0,0,
book-18-p0643,18,B,643,32,29,0,0,
book-18-p0644,18,B,644,32,30,3,3,0.193853
book-18-p0645,18,B,645,31,29,0,0,
book-18-p0646,18,B,646,32,30,0,0,
book-18-p0647,18,B,647,31,29,8,8,0.179765
book-18-p0648,18,B,648,31,30,1,1,0.442654
book-18-p0649,18,B,649,31,29,1,1,0.594781
book-18-p0650,18,B,650,31,30,1,1,0.356786
book-18-p0651,18,B,651,32,30,1,2,0.175408
book-18-p0652,18,B,652,29,27,1,1,0.566474
book-18-p0653,18,B,653,33,29,0,0,
book-18-p0654,18,B,654,32,30,6,8,0.184327
book-18-p0655,18,B,655,32,29,2,2,0.534009
book-18-p0656,18,B,656,32,30,1,1,0.547412
book-18-p0657,18,B,657,31,30,1,1,0.412190
book-18-p0658,18,B,658,29,27,0,0,
book-18-p0659,18,B,659,31,28,2,3,0.449774
book-18-p0660,18,B,660,33,30,2,2,0.406742
book-18-p0661,18,B,661,31,29,1,1,0.569519
book-18-p0662,18,B,662,32,30,2,2,0.406321
book-18-p0663,18,B,663,32,29,0,0,
book-18-p0664,18,B,664,31,29,1,1,0.493086
book-18-p0665,18,B,665,32,29,0,0,
book-18-p0666,18,B,666,30,28,7,10,0.105494
book-18-p0667,18,B,667,32,30,3,4,0.277900
book-18-p0668,18,B,668,32,31,3,3,0.340256
book-18-p0669,18,B,669,31,29,0,0,
book-18-p0670,18,B,670,33,31,7,7,0.432076
book-18-p0671,18,B,671,33,29,2,2,0.581657
book-18-p0672,18,B,672,31,29,1,1,0.295068
book-18-p0673,18,B,673,33,30,1,1,0.505975
book-18-p0674,18,B,674,32,30,5,5,0.236624
book-18-p0675,18,B,675,32,29,2,2,0.359761
book-18-p0676,18,B,676,31,29,1,1,0.527440
book-18-p0677,18,B,677,31,29,2,2,0.167080
book-18-p0678,18,B,678,33,31,2,2,0.150981
book-18-p0679,18,B,679,33,31,2,2,0.121810
book-18-p0680,18,B,680,32,30,2,2,0.358417
book-18-p0681,18,B,681,29,27,2,2,0.253287
book-18-p0682,18,B,682,32,30,5,7,0.166586
book-18-p0683,18,B,683,32,29,3,3,0.511841
book-18-p0684,18,B,684,32,31,2,2,0.466387
book-18-p0685,18,B,685,32,29,2,2,0.452879
book-18-p0686,18,B,686,32,30,1,3,0.198646
book-18-p0687,18,B,687,31,29,1,1,0.406915
book-18-p0688,18,B,688,30,28,3,3,0.379188
book-18-p0689,18,B,689,31,28,4,4,0.251228
book-18-p0690,18,B,690,31,29,0,0,
book-18-p0691,18,B,691,32,29,1,1,0.586690
book-18-p0692,18,B,692,31,30,0,0,
book-18-p0693,18,B,693,31,29,0,0,
book-18-p0694,18,B,694,31,29,0,0,
book-18-p0695,18,B,695,29,27,3,3,0.222759
book-18-p0696,18,B,696,31,30,1,1,0.466208
book-18-p0697,18,B,697,31,29,5,5,0.288760
book-18-p0698,18,B,698,31,30,3,6,0.213957
book-18-p0699,18,B,699,31,29,1,1,0.371627
book-18-p0700,18,B,700,31,30,3,3,0.517030
book-18-p0701,18,B,701,31,29,0,0,
book-18-p0702,18,B,702,31,29,0,0,
book-18-p0703,18,B,703,32,30,2,3,0.344234
book-18-p0704,18,B,704,29,27,2,2,0.448982
book-18-p0705,18,B,705,32,29,0,0,
book-18-p0706,18,B,706,32,30,3,3,0.253611
book-18-p0707,18,B,707,32,30,2,3,0.519900
book-18-p0708,18,B,708,32,30,2,2,0.497194
book-18-p0709,18,B,709,31,29,7,7,0.170496
book-18-p0710,18,B,710,30,28,3,3,0.395467
book-18-p0711,18,B,711,30,28,8,8,0.231669
book-18-p0712,18,B,712,33,31,3,3,0.273392
book-18-p0713,18,B,713,31,29,3,3,0.453806
book-18-p0714,18,B,714,31,29,0,0,
book-18-p0715,18,B,715,32,29,1,1,0.580375
book-18-p0716,18,B,716,29,27,1,1,0.251798
book-18-p0717,18,B,717,32,30,1,1,0.206610
book-18-p0718,18,B,718,33,31,1,1,0.274169
book-18-p0719,18,B,719,32,30,0,0,
book-18-p0720,18,B,720,31,28,1,1,0.509931
book-18-p0721,18,B,721,31,30,2,3,0.280986
book-18-p0722,18,B,722,32,29,1,1,0.519316
book-18-p0723,18,B,723,33,30,3,3,0.145719
book-18-p0724,18,B,724,33,31,2,2,0.389515
book-18-p0725,18,B,725,32,29,3,3,0.183164
book-18-p0726,18,B,726,32,31,1,2,0.393074
book-18-p0727,18,B,727,30,27,4,4,0.451407
book-18-p0728,18,B,728,32,31,4,5,0.102146
book-18-p0729,18,B,729,31,29,4,4,0.466957
book-18-p0730,18,B,730,32,30,8,10,0.341492
book-18-p0731,18,B,731,33,29,7,7,0.151139
book-18-p0732,18,B,732,31,29,1,1,0.588762
book-18-p0733,18,B,733,28,25,5,6,0.231558
book-18-p0734,18,B,734,31,29,4,5,0.475947
book-18-p0735,18,B,735,32,29,3,3,0.382168
book-18-p0736,18,B,736,31,29,1,1,0.539144
book-18-p0737,18,B,737,34,30,2,3,0.327848
book-18-p0738,18,B,738,31,29,2,3,0.328225
book-18-p0739,18,B,739,31,29,1,1,0.448985
book-18-p0740,18,B,740,32,29,6,6,0.228954
book-18-p0741,18,B,741,32,30,9,11,0.196086
book-18-p0742,18,B,742,32,30,2,2,0.509180
book-18-p0743,18,B,743,32,29,5,5,0.224346
book-18-p0744,18,B,744,33,31,0,0,
book-18-p0745,18,B,745,33,30,13,13,0.139288
book-18-p0746,18,B,746,31,30,5,5,0.398098
book-18-p0747,18,B,747,33,30,1,1,0.593204
book-18-p0748,18,B,748,28,27,1,1,0.503082
book-18-p0749,18,B,749,33,30,3,4,0.494671
book-18-p0750,18,B,750,31,29,2,2,0.549461
book-18-p0751,18,B,751,33,29,0,0,
book-18-p0752,18,B,752,31,29,1,1,0.373697
book-18-p0753,18,B,753,32,29,1,1,0.437748
book-18-p0754,18,B,754,28,27,2,3,0.531209
book-18-p0755,18,B,755,32,29,2,2,0.361294
book-18-p0756,18,B,756,32,29,1,1,0.513388
book-18-p0757,18,B,757,31,29,0,0,
book-18-p0758,18,B,758,31,29,0,0,
book-18-p0759,18,B,759,31,29,7,7,0.206535
book-18-p0760,18,B,760,30,28,1,2,0.420912
book-18-p0761,18,B,761,31,29,5,5,0.219063
book-18-p0762,18,B,762,29,27,3,3,0.482116
book-18-p0763,18,B,763,32,30,2,2,0.542218
book-18-p0764,18,B,764,31,29,2,2,0.535410
book-18-p0765,18,B,765,32,30,2,3,0.125735
book-18-p0766,18,B,766,32,30,1,1,0.549506
book-18-p0767,18,B,767,32,29,4,4,0.362828
book-18-p0768,18,B,768,30,29,1,1,0.577620
book-18-p0769,18,B,769,28,27,2,2,0.207943
book-18-p0770,18,B,770,31,29,0,0,
book-18-p0771,18,B,771,31,30,3,3,0.324551
book-18-p0772,18,B,772,31,30,3,3,0.311707
book-18-p0773,18,B,773,31,29,3,3,0.480328
book-18-p0774,18,B,774,31,30,1,1,0.574832
book-18-p0775,18,B,775,25,23,4,4,0.217680
book-18-p0776,18,B,776,30,28,1,1,0.588176
book-18-p0777,18,B,777,32,30,7,7,0.238405
book-18-p0778,18,B,778,31,29,3,3,0.531843
book-18-p0779,18,B,779,33,29,3,3,0.374110
book-18-p0780,18,B,780,32,30,0,0,
book-18-p0781,18,B,781,33,29,4,4,0.428044
book-18-p0782,18,B,782,31,29,0,0,
book-18-p0783,18,B,783,34,30,1,1,0.377446
book-18-p0784,18,B,784,28,27,3,3,0.526641
book-18-p0785,18,B,785,33,29,2,2,0.530687
book-18-p0786,18,B,786,33,31,4,4,0.414210
book-18-p0787,18,B,787,32,29,6,7,0.304283
book-18-p0788,18,B,788,31,30,3,3,0.511921
book-18-p0789,18,B,789,31,30,6,6,0.178326
book-18-p0790,18,B,790,29,27,4,4,0.436830
book-18-p0791,18,B,791,32,30,6,6,0.212191
book-18-p0792,18,B,792,31,29,3,3,0.504069
book-18-p0793,18,B,793,31,29,9,10,0.114330
book-18-p0794,18,B,794,31,30,4,4,0.396033
book-18-p0795,18,B,795,32,31,2,2,0.448788
book-18-p0796,18,B,796,31,30,1,1,0.531201
book-18-p0797,18,B,797,33,31,4,4,0.294224
book-18-p0798,18,B,798,28,25,2,2,0.514906
book-18-p0799,18,B,799,33,29,3,3,0.541444
book-18-p0800,18,B,800,32,30,0,0,
book-18-p0801,18,B,801,33,29,1,1,0.581709
book-18-p0802,18,B,802,31,29,1,1,0.517521
book-18-p0803,18,B,803,32,29,5,5,0.156909
book-18-p0804,18,B,804,31,29,1,1,0.532790
book-18-p0805,18,B,805,32,29,7,7,0.232339
book-18-p0806,18,B,806,31,29,4,4,0.384593
book-18-p0807,18,B,807,30,27,8,10,0.444575
book-18-p0808,18,B,808,31,30,3,4,0.143271
book-18-p0809,18,B,809,32,30,7,7,0.242056
book-18-p0810,18,B,810,33,30,2,2,0.332501
book-18-p0811,18,B,811,32,30,4,4,0.405667
book-18-p0812,18,B,812,32,31,3,3,0.505384
book-18-p0813,18,B,813,32,29,9,9,0.205020
book-18-p0814,18,B,814,29,28,2,3,0.529506
book-18-p0815,18,B,815,32,31,7,9,0.400124
book-18-p0816,18,B,816,32,29,4,5,0.432915
book-18-p0817,18,B,817,32,29,12,12,0.127052
book-18-p0818,18,B,818,32,30,1,1,0.555829
book-18-p0819,18,B,819,31,30,3,4,0.300500
book-18-p0820,18,B,820,32,31,7,8,0.331074
book-18-p0821,18,B,821,30,27,12,13,0.311698
book-18-p0822,18,B,822,33,31,1,1,0.491735
book-18-p0823,18,B,823,31,30,6,6,0.231312
book-18-p0824,18,B,824,31,29,1,1,0.576909
book-18-p0825,18,B,825,31,29,5,5,0.377123
book-18-p0826,18,B,826,31,30,1,1,0.596714
book-18-p0827,18,B,827,32,29,16,17,0.270522
book-18-p0828,18,B,828,31,30,2,2,0.543275
book-18-p0829,18,B,829,25,22,3,3,0.242068
book-18-p0830,18,B,830,30,29,2,4,0.165144
book-18-p0831,18,B,831,32,29,6,6,0.348789
book-18-p0832,18,B,832,32,31,5,5,0.341236
book-18-p0833,18,B,833,32,29,6,7,0.216877
book-18-p0834,18,B,834,31,30,0,0,
book-18-p0835,18,B,835,32,29,7,7,0.180531
book-18-p0836,18,B,836,29,28,2,2,0.464716
book-18-p0837,18,B,837,31,29,17,17,0.239103
book-18-p0838,18,B,838,33,31,5,5,0.321630
book-18-p0839,18,B,839,31,29,12,12,0.161966
book-18-p0840,18,B,840,31,30,4,4,0.506156
book-18-p0841,18,B,841,31,29,11,12,0.325703
book-18-p0842,18,B,842,32,31,3,3,0.431186
book-18-p0843,18,B,843,28,27,8,8,0.241809
book-18-p0844,18,B,844,31,30,3,4,0.420845
book-18-p0845,18,B,845,31,30,14,16,0.223001
book-18-p0846,18,B,846,32,29,0,0,
book-18-p0847,18,B,847,31,29,11,11,0.254112
book-18-p0848,18,B,848,33,31,5,5,0.410801
book-18-p0849,18,B,849,33,29,5,5,0.431636
book-18-p0850,18,B,850,31,30,0,0,
book-18-p0851,18,B,851,29,27,4,4,0.448994
book-18-p0852,18,B,852,32,30,1,1,0.510605
book-18-p0853,18,B,853,32,29,0,0,
book-18-p0854,18,B,854,31,30,2,2,0.585367
book-18-p0855,18,B,855,31,29,1,1,0.445218
book-18-p0856,18,B,856,31,30,1,1,0.534053
book-18-p0857,18,B,857,31,29,9,10,0.164651
book-18-p0858,18,B,858,33,30,1,1,0.444934
book-18-p0859,18,B,859,30,27,3,3,0.328473
book-18-p0860,18,B,860,32,30,1,1,0.548712
book-18-p0861,18,B,861,33,30,3,3,0.183376
book-18-p0862,18,B,862,32,29,0,0,
book-18-p0863,18,B,863,32,29,1,1,0.432156
book-18-p0864,18,B,864,32,29,2,2,0.516535
book-18-p0865,18,B,865,32,29,5,6,0.135257
book-18-p0866,18,B,866,32,31,1,1,0.581966
book-18-p0867,18,B,867,32,30,8,8,0.184672
book-18-p0868,18,B,868,31,29,0,0,
book-18-p0869,18,B,869,32,30,7,7,0.369651
book-18-p0870,18,B,870,32,30,1,1,0.421330
book-18-p0871,18,B,871,31,29,8,8,0.227490
book-18-p0872,18,B,872,31,30,6,6,0.402982
book-18-p0873,18,B,873,30,28,6,6,0.193760
book-18-p0874,18,B,874,30,29,0,0,
book-18-p0875,18,B,875,32,29,4,4,0.218247
book-18-p0876,18,B,876,33,30,2,2,0.329380
book-18-p0877,18,B,877,32,29,9,9,0.234425
book-18-p0878,18,B,878,31,29,3,3,0.386256
book-18-p0879,18,B,879,32,29,3,3,0.404798
book-18-p0880,18,B,880,32,30,4,5,0.332451
book-18-p0881,18,B,881,30,27,3,3,0.402293
book-18-p0882,18,B,882,31,30,1,1,0.520617
book-18-p0883,18,B,883,32,29,4,5,0.214709
book-18-p0884,18,B,884,32,29,0,0,
book-18-p0885,18,B,885,32,29,2,2,0.312057
book-18-p0886,18,B,886,32,31,3,3,0.254006
book-18-p0887,18,B,887,32,29,2,2,0.166325
book-18-p0888,18,B,888,31,29,0,0,
book-18-p0889,18,B,889,31,29,4,4,0.299860
book-18-p0890,18,B,890,30,29,4,4,0.411106
book-18-p0891,18,B,891,32,29,5,5,0.383972
book-18-p0892,18,B,892,33,29,0,0,
book-18-p0893,18,B,893,32,29,8,8,0.427747
book-18-p0894,18,B,894,31,29,0,0,
book-18-p0895,18,B,895,32,29,1,1,0.245319
book-18-p0896,18,B,896,30,28,3,3,0.465650
book-18-p0897,18,B,897,32,29,1,1,0.592112
book-18-p0898,18,B,898,31,29,0,0,
book-18-p0899,18,B,899,32,29,4,4,0.250538
book-18-p0900,18,B,900,31,29,1,1,0.592243
book-18-p0901,18,B,901,31,29,2,2,0.194036
book-18-p0902,18,B,902,33,30,2,2,0.424204
book-18-p0903,18,B,903,30,28,9,9,0.186435
book-18-p0904,18,B,904,32,30,3,3,0.366579
book-18-p0905,18,B,905,32,29,11,11,0.186301
book-18-p0906,18,B,906,32,30,4,4,0.501479
book-18-p0907,18,B,907,31,29,1,1,0.253213
book-18-p0908,18,B,908,32,29,2,2,0.489683
book-18-p0909,18,B,909,32,29,11,11,0.169493
book-18-p0910,18,B,910,30,29,1,2,0.327452
book-18-p0911,18,B,911,32,29,2,2,0.397125
book-18-p0912,18,B,912,31,30,4,5,0.394726
book-18-p0913,18,B,913,32,29,7,7,0.202624
book-18-p0914,18,B,914,32,29,0,0,
book-18-p0915,18,B,915,32,29,5,5,0.220977
book-18-p0916,18,B,916,32,29,1,1,0.515949
book-18-p0917,18,B,917,32,30,9,18,0.103513
book-18-p0918,18,B,918,32,29,0,0,
book-18-p0919,18,B,919,31,30,1,1,0.238104
book-18-p0920,18,B,920,32,31,1,1,0.590052
book-18-p0921,18,B,921,31,29,5,6,0.406594
book-18-p0922,18,B,922,33,31,5,6,0.528339
book-18-p0923,18,B,923,32,30,2,2,0.371636
book-18-p0924,18,B,924,32,31,2,2,0.348825
book-18-p0925,18,B,925,29,25,7,7,0.127491
book-18-p0926,18,B,926,33,30,2,2,0.524335
book-18-p0927,18,B,927,34,29,1,1,0.574941
book-18-p0928,18,B,928,31,29,2,2,0.491447
book-18-p0929,18,B,929,33,29,3,3,0.427624
book-18-p0930,18,B,930,33,31,1,1,0.578367
book-18-p0931,18,B,931,32,29,4,4,0.310425
book-18-p0932,18,B,932,29,27,4,4,0.326279
book-18-p0933,18,B,933,32,28,4,4,0.165057
book-18-p0934,18,B,934,31,29,1,1,0.503467
book-18-p0935,18,B,935,32,29,5,5,0.237306
book-18-p0936,18,B,936,31,30,0,0,
book-18-p0937,18,B,937,31,29,6,6,0.240921
book-18-p0938,18,B,938,32,31,3,3,0.347490
book-18-p0939,18,B,939,30,29,1,2,0.437108
book-18-p0940,18,B,940,32,30,0,0,
book-18-p0941,18,B,941,32,29,9,9,0.177547
book-18-p0942,18,B,942,31,29,1,1,0.361771
book-18-p0943,18,B,943,33,29,2,2,0.292485
book-18-p0944,18,B,944,30,29,3,3,0.374872
book-18-p0945,18,B,945,32,29,4,4,0.387209
book-18-p0946,18,B,946,31,30,1,1,0.535849
book-18-p0947,18,B,947,29,27,4,5,0.312740
book-18-p0948,18,B,948,31,29,2,2,0.501905
book-18-p0949,18,B,949,32,29,4,4,0.162205
book-18-p0950,18,B,950,32,29,0,0,
book-18-p0951,18,B,951,31,29,5,5,0.162329
book-18-p0952,18,B,952,32,29,1,1,0.543765
book-18-p0953,18,B,953,32,29,3,3,0.473251
book-18-p0954,18,B,954,32,30,3,3,0.520647
book-18-p0955,18,B,955,29,27,3,3,0.265704
book-18-p0956,18,B,956,32,30,0,0,
book-18-p0957,18,B,957,32,29,5,5,0.295918
book-18-p0958,18,B,958,32,29,1,1,0.561800
book-18-p0959,18,B,959,33,29,1,1,0.378904
book-18-p0960,18,B,960,31,29,2,2,0.197927
book-18-p0961,18,B,961,33,29,2,2,0.545095
book-18-p0962,18,B,962,28,26,0,0,
book-18-p0963,18,B,963,32,28,2,2,0.153835
book-18-p0964,18,B,964,32,29,2,2,0.219027
book-18-p0965,18,B,965,32,29,6,6,0.208321
book-18-p0966,18,B,966,32,29,0,0,
book-18-p0967,18,B,967,32,29,0,0,
book-18-p0968,18,B,968,31,30,2,2,0.481856
book-18-p0969,18,B,969,32,29,3,3,0.277767
book-18-p0970,18,B,970,31,30,0,0,
book-18-p0971,18,B,971,27,24,3,4,0.428366
book-18-p0972,18,B,972,31,28,2,2,0.466265
book-18-p0973,18,B,973,32,29,1,1,0.301820
book-18-p0974,18,B,974,32,29,2,2,0.396382
book-18-p0975,18,B,975,33,29,1,1,0.579003
book-18-p0976,18,B,976,31,30,1,1,0.495898
book-18-p0977,18,B,977,31,29,3,3,0.312979
book-18-p0978,18,B,978,32,31,1,1,0.397886
book-18-p0979,18,B,979,26,24,1,1,0.237808
book-18-p0980,18,B,980,33,29,1,1,0.413015
book-18-p0981,18,B,981,31,29,0,0,
book-18-p0982,18,B,982,33,30,1,1,0.529601
book-18-p0983,18,B,983,33,30,4,4,0.229879
book-18-p0984,18,B,984,34,30,1,1,0.208034
book-18-p0985,18,B,985,33,29,0,0,
book-18-p0986,18,B,986,32,30,5,5,0.299026
book-18-p0987,18,B,987,32,28,3,4,0.112628
book-18-p0988,18,B,988,32,30,5,5,0.382683
book-18-p0989,18,B,989,32,29,9,9,0.211803
book-18-p0990,18,B,990,31,30,3,3,0.494328
book-18-p0991,18,B,991,31,29,0,0,
book-18-p0992,18,B,992,31,30,5,5,0.184634
book-18-p0993,18,B,993,33,30,2,2,0.339488
book-18-p0994,18,B,994,31,27,2,2,0.237690
book-18-p0995,18,B,995,33,29,0,0,
book-18-p0996,18,B,996,31,29,0,0,
book-18-p0997,18,B,997,31,29,4,4,0.533505
book-18-p0998,18,B,998,31,29,1,1,0.463919
book-18-p0999,18,B,999,31,29,2,2,0.496272
book-18-p1000,18,B,1000,33,32,6,6,0.177538
book-18-p1001,18,B,1001,29,29,9,9,0.142719
book-18-p1002,18,B,1002,29,29,3,3,0.420026
book-18-p1003,18,B,1003,27,25,3,3,0.283255
book-18-p1004,18,B,1004,28,28,5,5,0.195366
book-18-p1005,18,B,1005,29,29,4,4,0.484288
book-18-p1006,18,B,1006,31,29,0,0,
book-18-p1007,18,B,1007,33,29,0,0,
book-18-p1008,18,B,1008,33,30,2,2,0.358354
book-18-p1009,18,B,1009,26,24,18,24,0.094774
book-18-p1010,18,B,1010,28,25,4,5,0.461779
book-18-p1011,18,B,1011,36,32,4,7,0.181366
book-18-p1012,18,B,1012,33,31,1,1,0.335348
book-18-p1013,18,B,1013,35,32,6,7,0.355275
book-18-p1014,18,B,1014,32,30,8,8,0.389785
book-18-p1015,18,B,1015,36,32,5,7,0.358567
book-18-p1016,18,B,1016,31,29,3,7,0.283982
book-18-p1017,18,B,1017,34,31,5,5,0.307791
book-18-p1018,18,B,1018,36,33,4,5,0.420025
book-18-p1019,18,B,1019,34,30,5,5,0.403793
book-18-p1020,18,B,1020,32,30,7,11,0.327478
book-18-p1021,18,B,1021,33,29,5,11,0.189855
book-18-p1022,18,B,1022,33,31,3,3,0.395852
book-18-p1023,18,B,1023,34,31,7,7,0.425302
book-18-p1024,18,B,1024,34,32,3,3,0.358143
book-18-p1025,18,B,1025,35,31,4,4,0.233983
book-18-p1026,18,B,1026,35,30,0,0,
book-18-p1027,18,B,1027,31,28,3,3,0.263690
book-18-p1028,18,B,1028,29,27,27,40,0.107877
book-18-p1029,18,B,1029,1,1,1,2,0.417502
book-18-p1030,18,B,1030,1,1,1,1,0.490401
book-18-p1031,18,B,1031,1,1,1,2,0.309862
book-18-p1032,18,B,1032,1,1,1,1,0.297678
book-18-p1033,18,B,1033,1,1,1,1,0.352513
book-18-p1034,18,B,1034,1,1,1,3,0.524234
book-18-p1035,18,B,1035,1,1,1,2,0.313676
book-18-p1036,18,B,1036,0,0,0,0,
book-18-p1037,18,B,1037,2,2,1,1,0.310980
book-18-p1038,18,B,1038,0,0,0,0,
book-18-p1039,18,B,1039,0,0,0,0,
book-19-p0001,19,B,1,8,7,6,13,0.191779
book-19-p0002,19,B,2,35,34,19,34,0.260086
book-19-p0003,19,B,3,1,1,1,2,0.467839
book-19-p0004,19,B,4,0,0,0,0,
book-19-p0005,19,B,5,0,0,0,0,
book-19-p0006,19,B,6,0,0,0,0,
book-19-p0007,19,B,7,0,0,0,0,
book-19-p0008,19,B,8,0,0,0,0,
book-19-p0009,19,B,9,0,0,0,0,
book-19-p0010,19,B,10,0,0,0,0,
book-19-p0011,19,B,11,17,14,1,1,0.540852
book-19-p0012,19,B,12,0,0,0,0,
book-19-p0013,19,B,13,21,19,1,1,0.344626
book-19-p0014,19,B,14,16,14,0,0,
book-19-p0015,19,B,15,17,16,0,0,
book-19-p0016,19,B,16,24,23,2,2,0.492632
book-19-p0017,19,B,17,23,23,0,0,
book-19-p0018,19,B,18,18,16,0,0,
book-19-p0019,19,B,19,23,21,2,3,0.286018
book-19-p0020,19,B,20,27,24,2,2,0.398634
book-19-p0021,19,B,21,24,22,4,4,0.439376
book-19-p0022,19,B,22,27,24,2,2,0.520569
book-19-p0023,19,B,23,26,24,2,2,0.528301
book-19-p0024,19,B,24,27,25,2,2,0.523117
book-19-p0025,19,B,25,25,23,3,4,0.455271
book-19-p0026,19,B,26,28,26,1,1,0.592302
book-19-p0027,19,B,27,25,24,1,1,0.532007
book-19-p0028,19,B,28,26,24,3,3,0.429133
book-19-p0029,19,B,29,25,23,0,0,
book-19-p0030,19,B,30,26,24,2,2,0.510534
book-19-p0031,19,B,31,25,23,1,1,0.379735
book-19-p0032,19,B,32,27,25,2,2,0.525049
book-19-p0033,19,B,33,24,23,4,4,0.423588
book-19-p0034,19,B,34,26,24,7,7,0.394260
book-19-p0035,19,B,35,24,23,4,4,0.546995
book-19-p0036,19,B,36,28,25,4,4,0.170792
book-19-p0037,19,B,37,26,24,1,1,0.449994
book-19-p0038,19,B,38,29,27,4,4,0.435704
book-19-p0039,19,B,39,28,26,5,5,0.274443
book-19-p0040,19,B,40,26,24,6,6,0.401442
book-19-p0041,19,B,41,0,0,0,0,
book-19-p0042,19,B,42,0,0,0,0,
book-19-p0043,19,B,43,22,21,3,7,0.208424
book-19-p0044,19,B,44,31,29,1,1,0.546570
book-19-p0045,19,B,45,31,29,5,5,0.435862
book-19-p0046,19,B,46,31,29,0,0,
book-19-p0047,19,B,47,30,29,4,4,0.416655
book-19-p0048,19,B,48,31,29,0,0,
book-19-p0049,19,B,49,30,27,2,2,0.492029
book-19-p0050,19,B,50,31,29,0,0,
book-19-p0051,19,B,51,30,29,2,3,0.354721
book-19-p0052,19,B,52,31,29,1,1,0.580278
book-19-p0053,19,B,53,31,29,2,2,0.506443
book-19-p0054,19,B,54,31,29,0,0,
book-19-p0055,19,B,55,31,29,0,0,
book-19-p0056,19,B,56,29,27,2,2,0.466990
book-19-p0057,19,B,57,31,29,1,1,0.526332
book-19-p0058,19,B,58,31,29,0,0,
book-19-p0059,19,B,59,30,29,1,1,0.410547
book-19-p0060,19,B,60,30,28,6,6,0.239116
book-19-p0061,19,B,61,33,30,0,0,
book-19-p0062,19,B,62,32,29,1,1,0.401508
book-19-p0063,19,B,63,31,30,1,1,0.564270
book-19-p0064,19,B,64,32,29,2,2,0.504208
book-19-p0065,19,B,65,32,30,1,1,0.330472
book-19-p0066,19,B,66,32,29,1,1,0.519919
book-19-p0067,19,B,67,28,27,1,1,0.376935
book-19-p0068,19,B,68,30,29,5,5,0.343499
book-19-p0069,19,B,69,32,30,2,2,0.507146
book-19-p0070,19,B,70,28,26,0,0,
book-19-p0071,19,B,71,32,29,2,2,0.502350
book-19-p0072,19,B,72,31,29,0,0,
book-19-p0073,19,B,73,32,29,3,3,0.493114
book-19-p0074,19,B,74,31,29,1,1,0.463076
book-19-p0075,19,B,75,25,21,0,0,
book-19-p0076,19,B,76,29,28,1,1,0.435445
book-19-p0077,19,B,77,32,29,0,0,
book-19-p0078,19,B,78,31,29,0,0,
book-19-p0079,19,B,79,32,30,0,0,
book-19-p0080,19,B,80,31,29,2,2,0.507177
book-19-p0081,19,B,81,31,29,1,1,0.490978
book-19-p0082,19,B,82,31,29,0,0,
book-19-p0083,19,B,83,25,21,2,2,0.427040
book-19-p0084,19,B,84,28,26,4,5,0.267677
book-19-p0085,19,B,85,32,30,1,1,0.587518
book-19-p0086,19,B,86,30,28,0,0,
book-19-p0087,19,B,87,33,29,0,0,
book-19-p0088,19,B,88,31,29,1,1,0.592548
book-19-p0089,19,B,89,32,30,1,1,0.535238
book-19-p0090,19,B,90,31,29,1,1,0.405249
book-19-p0091,19,B,91,31,29,1,1,0.580807
book-19-p0092,19,B,92,30,29,3,3,0.503207
book-19-p0093,19,B,93,31,29,1,1,0.547350
book-19-p0094,19,B,94,30,29,2,2,0.538338
book-19-p0095,19,B,95,31,29,2,2,0.465869
book-19-p0096,19,B,96,30,29,2,2,0.354042
book-19-p0097,19,B,97,31,30,2,2,0.488413
book-19-p0098,19,B,98,27,23,0,0,
book-19-p0099,19,B,99,30,28,1,1,0.592244
book-19-p0100,19,B,100,32,29,2,2,0.292221
book-19-p0101,19,B,101,31,29,1,1,0.428534
book-19-p0102,19,B,102,33,29,0,0,
book-19-p0103,19,B,103,30,25,0,0,
book-19-p0104,19,B,104,29,28,2,2,0.576238
book-19-p0105,19,B,105,32,30,3,3,0.374131
book-19-p0106,19,B,106,32,29,0,0,
book-19-p0107,19,B,107,30,29,0,0,
book-19-p0108,19,B,108,31,29,2,2,0.534311
book-19-p0109,19,B,109,30,27,0,0,
book-19-p0110,19,B,110,31,29,2,2,0.551577
book-19-p0111,19,B,111,30,29,1,1,0.573889
book-19-p0112,19,B,112,31,29,1,1,0.275989
book-19-p0113,19,B,113,29,28,0,0,
book-19-p0114,19,B,114,31,29,0,0,
book-19-p0115,19,B,115,30,29,0,0,
book-19-p0116,19,B,116,31,29,0,0,
book-19-p0117,19,B,117,31,29,1,1,0.421600
book-19-p0118,19,B,118,31,29,0,0,
book-19-p0119,19,B,119,32,29,1,1,0.506908
book-19-p0120,19,B,120,31,29,0,0,
book-19-p0121,19,B,121,32,29,1,1,0.553606
book-19-p0122,19,B,122,31,29,0,0,
book-19-p0123,19,B,123,29,27,2,2,0.236883
book-19-p0124,19,B,124,31,29,1,1,0.534563
book-19-p0125,19,B,125,31,29,1,1,0.521334
book-19-p0126,19,B,126,32,29,5,5,0.240487
book-19-p0127,19,B,127,31,30,4,4,0.409817
book-19-p0128,19,B,128,31,29,1,1,0.580215
book-19-p0129,19,B,129,28,26,0,0,
book-19-p0130,19,B,130,31,29,1,1,0.526840
book-19-p0131,19,B,131,32,29,0,0,
book-19-p0132,19,B,132,32,29,1,1,0.537375
book-19-p0133,19,B,133,32,30,0,0,
book-19-p0134,19,B,134,31,29,1,1,0.588678
book-19-p0135,19,B,135,31,29,2,2,0.259243
book-19-p0136,19,B,136,32,29,0,0,
book-19-p0137,19,B,137,30,28,0,0,
book-19-p0138,19,B,138,33,29,1,1,0.475153
book-19-p0139,19,B,139,32,29,3,3,0.441729
book-19-p0140,19,B,140,31,29,0,0,
book-19-p0141,19,B,141,29,27,0,0,
book-19-p0142,19,B,142,31,29,1,1,0.574355
book-19-p0143,19,B,143,32,29,0,0,
book-19-p0144,19,B,144,31,29,1,1,0.571694
book-19-p0145,19,B,145,31,29,1,1,0.500066
book-19-p0146,19,B,146,32,29,3,3,0.401607
book-19-p0147,19,B,147,32,30,2,2,0.525675
book-19-p0148,19,B,148,28,26,0,0,
book-19-p0149,19,B,149,32,29,1,1,0.512547
book-19-p0150,19,B,150,31,29,5,5,0.460497
book-19-p0151,19,B,151,31,29,3,3,0.390085
book-19-p0152,19,B,152,31,29,2,2,0.569178
book-19-p0153,19,B,153,31,29,0,0,
book-19-p0154,19,B,154,31,29,5,5,0.429161
book-19-p0155,19,B,155,31,29,4,4,0.294059
book-19-p0156,19,B,156,31,30,1,1,0.495980
book-19-p0157,19,B,157,31,29,0,0,
book-19-p0158,19,B,158,31,30,4,4,0.311928
book-19-p0159,19,B,159,31,29,2,2,0.362822
book-19-p0160,19,B,160,32,30,0,0,
book-19-p0161,19,B,161,32,30,0,0,
book-19-p0162,19,B,162,32,29,0,0,
book-19-p0163,19,B,163,30,28,2,2,0.513818
book-19-p0164,19,B,164,31,29,0,0,
book-19-p0165,19,B,165,31,29,1,2,0.564348
book-19-p0166,19,B,166,32,29,0,0,
book-19-p0167,19,B,167,32,30,1,1,0.190226
book-19-p0168,19,B,168,32,29,2,2,0.469417
book-19-p0169,19,B,169,29,22,0,0,
book-19-p0170,19,B,170,32,29,2,2,0.449474
book-19-p0171,19,B,171,31,29,0,0,
book-19-p0172,19,B,172,31,30,2,2,0.358598
book-19-p0173,19,B,173,32,30,4,4,0.528987
book-19-p0174,19,B,174,31,30,1,1,0.505714
book-19-p0175,19,B,175,30,29,0,0,
book-19-p0176,19,B,176,31,29,0,0,
book-19-p0177,19,B,177,26,23,0,0,
book-19-p0178,19,B,178,29,27,0,0,
book-19-p0179,19,B,179,31,29,0,0,
book-19-p0180,19,B,180,31,29,1,1,0.558285
book-19-p0181,19,B,181,31,29,2,2,0.274416
book-19-p0182,19,B,182,31,29,0,0,
book-19-p0183,19,B,183,32,29,1,1,0.576414
book-19-p0184,19,B,184,30,28,2,2,0.500936
book-19-p0185,19,B,185,31,28,0,0,
book-19-p0186,19,B,186,31,30,0,0,
book-19-p0187,19,B,187,26,25,2,2,0.343942
book-19-p0188,19,B,188,31,29,1,1,0.556579
book-19-p0189,19,B,189,30,28,2,2,0.497900
book-19-p0190,19,B,190,31,29,0,0,
book-19-p0191,19,B,191,30,28,1,1,0.513092
book-19-p0192,19,B,192,31,29,1,1,0.505194
book-19-p0193,19,B,193,33,30,0,0,
book-19-p0194,19,B,194,28,25,1,1,0.350484
book-19-p0195,19,B,195,31,30,0,0,
book-19-p0196,19,B,196,31,29,0,0,
book-19-p0197,19,B,197,32,31,1,1,0.468006
book-19-p0198,19,B,198,32,29,1,1,0.562417
book-19-p0199,19,B,199,31,30,0,0,
book-19-p0200,19,B,200,32,29,0,0,
book-19-p0201,19,B,201,32,30,3,3,0.506306
book-19-p0202,19,B,202,31,29,0,0,
book-19-p0203,19,B,203,28,27,1,1,0.377761
book-19-p0204,19,B,204,31,30,3,3,0.489121
book-19-p0205,19,B,205,31,29,2,2,0.417455
book-19-p0206,19,B,206,31,29,1,1,0.566471
book-19-p0207,19,B,207,30,29,0,0,
book-19-p0208,19,B,208,28,25,0,0,
book-19-p0209,19,B,209,28,27,0,0,
book-19-p0210,19,B,210,31,29,0,0,
book-19-p0211,19,B,211,30,29,0,0,
book-19-p0212,19,B,212,31,29,2,2,0.531444
book-19-p0213,19,B,213,32,31,2,2,0.515746
book-19-p0214,19,B,214,30,28,0,0,
book-19-p0215,19,B,215,31,29,1,1,0.431015
book-19-p0216,19,B,216,30,26,1,1,0.375702
book-19-p0217,19,B,217,32,29,2,3,0.488924
book-19-p0218,19,B,218,31,29,0,0,
book-19-p0219,19,B,219,31,29,0,0,
book-19-p0220,19,B,220,31,29,0,0,
book-19-p0221,19,B,221,32,29,1,1,0.527661
book-19-p0222,19,B,222,31,29,1,1,0.381530
book-19-p0223,19,B,223,33,30,1,1,0.516805
book-19-p0224,19,B,224,31,29,2,2,0.571925
book-19-p0225,19,B,225,33,30,0,0,
book-19-p0226,19,B,226,32,29,0,0,
book-19-p0227,19,B,227,31,29,0,0,
book-19-p0228,19,B,228,32,29,0,0,
book-19-p0229,19,B,229,33,30,4,4,0.504429
book-19-p0230,19,B,230,31,29,0,0,
book-19-p0231,19,B,231,31,29,0,0,
book-19-p0232,19,B,232,32,29,0,0,
book-19-p0233,19,B,233,32,30,0,0,
book-19-p0234,19,B,234,32,29,0,0,
book-19-p0235,19,B,235,31,29,1,1,0.523838
book-19-p0236,19,B,236,31,29,0,0,
book-19-p0237,19,B,237,31,29,1,1,0.592786
book-19-p0238,19,B,238,31,29,0,0,
book-19-p0239,19,B,239,31,29,1,1,0.572346
book-19-p0240,19,B,240,31,29,1,1,0.587668
book-19-p0241,19,B,241,32,30,0,0,
book-19-p0242,19,B,242,31,29,0,0,
book-19-p0243,19,B,243,30,29,1,1,0.505767
book-19-p0244,19,B,244,31,29,0,0,
book-19-p0245,19,B,245,32,30,0,0,
book-19-p0246,19,B,246,31,29,2,2,0.213260
book-19-p0247,19,B,247,32,30,0,0,
book-19-p0248,19,B,248,31,29,1,1,0.502880
book-19-p0249,19,B,249,32,29,2,2,0.402389
book-19-p0250,19,B,250,31,29,0,0,
book-19-p0251,19,B,251,31,29,2,2,0.472978
book-19-p0252,19,B,252,31,30,1,1,0.542090
book-19-p0253,19,B,253,31,30,0,0,
book-19-p0254,19,B,254,31,29,1,1,0.589208
book-19-p0255,19,B,255,30,29,0,0,
book-19-p0256,19,B,256,32,29,1,1,0.531289
book-19-p0257,19,B,257,27,26,0,0,
book-19-p0258,19,B,258,32,29,0,0,
book-19-p0259,19,B,259,31,29,0,0,
book-19-p0260,19,B,260,31,29,0,0,
book-19-p0261,19,B,261,32,29,2,2,0.531284
book-19-p0262,19,B,262,32,29,2,2,0.475428
book-19-p0263,19,B,263,31,29,1,1,0.472235
book-19-p0264,19,B,264,32,29,1,1,0.563318
book-19-p0265,19,B,265,32,29,2,2,0.542676
book-19-p0266,19,B,266,33,30,2,2,0.549757
book-19-p0267,19,B,267,32,29,3,3,0.455324
book-19-p0268,19,B,268,31,29,0,0,
book-19-p0269,19,B,269,32,30,2,2,0.309786
book-19-p0270,19,B,270,31,29,1,1,0.516784
book-19-p0271,19,B,271,23,19,2,2,0.234486
book-19-p0272,19,B,272,29,26,1,1,0.551347
book-19-p0273,19,B,273,31,30,1,1,0.552356
book-19-p0274,19,B,274,31,29,0,0,
book-19-p0275,19,B,275,31,29,1,1,0.564560
book-19-p0276,19,B,276,31,29,0,0,
book-19-p0277,19,B,277,32,30,1,1,0.564103
book-19-p0278,19,B,278,28,26,0,0,
book-19-p0279,19,B,279,30,28,1,1,0.487096
book-19-p0280,19,B,280,31,29,0,0,
book-19-p0281,19,B,281,32,29,0,0,
book-19-p0282,19,B,282,30,28,1,1,0.300260
book-19-p0283,19,B,283,29,28,1,1,0.592591
book-19-p0284,19,B,284,30,28,0,0,
book-19-p0285,19,B,285,31,28,2,2,0.263183
book-19-p0286,19,B,286,30,28,1,1,0.402986
book-19-p0287,19,B,287,27,25,0,0,
book-19-p0288,19,B,288,32,29,1,1,0.564234
book-19-p0289,19,B,289,31,30,2,2,0.400140
book-19-p0290,19,B,290,31,29,0,0,
book-19-p0291,19,B,291,31,30,0,0,
book-19-p0292,19,B,292,31,29,1,1,0.512645
book-19-p0293,19,B,293,32,31,1,1,0.584901
book-19-p0294,19,B,294,32,29,0,0,
book-19-p0295,19,B,295,31,28,3,3,0.317584
book-19-p0296,19,B,296,31,29,1,1,0.573126
book-19-p0297,19,B,297,32,30,0,0,
book-19-p0298,19,B,298,31,29,1,1,0.575325
book-19-p0299,19,B,299,30,28,0,0,
book-19-p0300,19,B,300,30,28,0,0,
book-19-p0301,19,B,301,32,29,0,0,
book-19-p0302,19,B,302,31,29,0,0,
book-19-p0303,19,B,303,31,30,2,2,0.452610
book-19-p0304,19,B,304,31,29,1,1,0.492683
book-19-p0305,19,B,305,31,30,0,0,
book-19-p0306,19,B,306,25,23,0,0,
book-19-p0307,19,B,307,31,30,0,0,
book-19-p0308,19,B,308,33,29,1,1,0.495338
book-19-p0309,19,B,309,31,29,0,0,
book-19-p0310,19,B,310,31,29,0,0,
book-19-p0311,19,B,311,32,29,0,0,
book-19-p0312,19,B,312,31,30,1,1,0.348934
book-19-p0313,19,B,313,32,30,0,0,
book-19-p0314,19,B,314,32,29,1,1,0.579745
book-19-p0315,19,B,315,26,24,2,2,0.504119
book-19-p0316,19,B,316,31,30,0,0,
book-19-p0317,19,B,317,31,29,0,0,
book-19-p0318,19,B,318,30,28,0,0,
book-19-p0319,19,B,319,30,28,0,0,
book-19-p0320,19,B,320,30,28,0,0,
book-19-p0321,19,B,321,31,30,0,0,
book-19-p0322,19,B,322,32,29,0,0,
book-19-p0323,19,B,323,31,29,0,0,
book-19-p0324,19,B,324,28,25,0,0,
book-19-p0325,19,B,325,33,29,0,0,
book-19-p0326,19,B,326,32,29,0,0,
book-19-p0327,19,B,327,32,31,1,2,0.520714
book-19-p0328,19,B,328,32,29,0,0,
book-19-p0329,19,B,329,32,30,1,1,0.566185
book-19-p0330,19,B,330,31,29,0,0,
book-19-p0331,19,B,331,30,29,1,1,0.563431
book-19-p0332,19,B,332,28,26,0,0,
book-19-p0333,19,B,333,31,29,4,4,0.197726
book-19-p0334,19,B,334,31,29,1,1,0.528947
book-19-p0335,19,B,335,31,29,0,0,
book-19-p0336,19,B,336,31,29,0,0,
book-19-p0337,19,B,337,31,29,0,0,
book-19-p0338,19,B,338,30,28,0,0,
book-19-p0339,19,B,339,30,28,0,0,
book-19-p0340,19,B,340,30,28,0,0,
book-19-p0341,19,B,341,33,30,1,1,0.219919
book-19-p0342,19,B,342,31,29,1,1,0.535433
book-19-p0343,19,B,343,32,30,2,2,0.550327
book-19-p0344,19,B,344,31,29,1,1,0.594848
book-19-p0345,19,B,345,27,25,1,1,0.522486
book-19-p0346,19,B,346,31,30,0,0,
book-19-p0347,19,B,347,31,30,1,1,0.524100
book-19-p0348,19,B,348,31,29,0,0,
book-19-p0349,19,B,349,30,28,2,2,0.279033
book-19-p0350,19,B,350,31,29,0,0,
book-19-p0351,19,B,351,28,25,0,0,
book-19-p0352,19,B,352,29,27,5,5,0.214448
book-19-p0353,19,B,353,31,30,2,2,0.540994
book-19-p0354,19,B,354,31,29,0,0,
book-19-p0355,19,B,355,30,29,1,1,0.589523
book-19-p0356,19,B,356,31,29,0,0,
book-19-p0357,19,B,357,32,30,1,1,0.593930
book-19-p0358,19,B,358,32,29,0,0,
book-19-p0359,19,B,359,27,25,0,0,
book-19-p0360,19,B,360,31,28,2,2,0.544497
book-19-p0361,19,B,361,32,30,0,0,
book-19-p0362,19,B,362,32,29,1,1,0.542345
book-19-p0363,19,B,363,31,28,3,3,0.291354
book-19-p0364,19,B,364,30,29,0,0,
book-19-p0365,19,B,365,32,30,1,1,0.583259
book-19-p0366,19,B,366,31,29,0,0,
book-19-p0367,19,B,367,26,23,1,1,0.558156
book-19-p0368,19,B,368,32,27,0,0,
book-19-p0369,19,B,369,30,29,4,4,0.409566
book-19-p0370,19,B,370,30,28,2,2,0.524102
book-19-p0371,19,B,371,30,29,3,3,0.540589
book-19-p0372,19,B,372,30,28,2,2,0.512889
book-19-p0373,19,B,373,31,29,1,1,0.505440
book-19-p0374,19,B,374,32,29,0,0,
book-19-p0375,19,B,375,27,25,1,1,0.598992
book-19-p0376,19,B,376,29,28,0,0,
book-19-p0377,19,B,377,31,29,2,2,0.339347
book-19-p0378,19,B,378,31,29,0,0,
book-19-p0379,19,B,379,30,28,0,0,
book-19-p0380,19,B,380,31,29,0,0,
book-19-p0381,19,B,381,24,18,1,1,0.589286
book-19-p0382,19,B,382,32,30,2,2,0.563479
book-19-p0383,19,B,383,31,30,1,1,0.464668
book-19-p0384,19,B,384,31,29,0,0,
book-19-p0385,19,B,385,31,29,0,0,
book-19-p0386,19,B,386,31,29,0,0,
book-19-p0387,19,B,387,31,29,0,0,
book-19-p0388,19,B,388,32,29,2,2,0.511942
book-19-p0389,19,B,389,29,28,0,0,
book-19-p0390,19,B,390,32,29,0,0,
book-19-p0391,19,B,391,31,30,1,1,0.485133
book-19-p0392,19,B,392,30,29,2,2,0.515383
book-19-p0393,19,B,393,31,30,1,1,0.515980
book-19-p0394,19,B,394,32,29,1,1,0.499934
book-19-p0395,19,B,395,32,29,1,1,0.594931
book-19-p0396,19,B,396,27,22,0,0,
book-19-p0397,19,B,397,29,27,0,0,
book-19-p0398,19,B,398,31,29,1,1,0.510785
book-19-p0399,19,B,399,31,29,1,1,0.514610
book-19-p0400,19,B,400,31,29,0,0,
book-19-p0401,19,B,401,32,30,2,2,0.507817
book-19-p0402,19,B,402,31,29,0,0,
book-19-p0403,19,B,403,29,28,1,1,0.531553
book-19-p0404,19,B,404,32,29,6,6,0.337959
book-19-p0405,19,B,405,32,30,2,2,0.546127
book-19-p0406,19,B,406,32,29,0,0,
book-19-p0407,19,B,407,32,30,2,2,0.518296
book-19-p0408,19,B,408,32,29,2,2,0.539808
book-19-p0409,19,B,409,29,26,1,1,0.429634
book-19-p0410,19,B,410,31,29,1,1,0.512440
book-19-p0411,19,B,411,31,29,0,0,
book-19-p0412,19,B,412,31,29,0,0,
book-19-p0413,19,B,413,32,29,2,2,0.568639
book-19-p0414,19,B,414,31,30,1,1,0.534986
book-19-p0415,19,B,415,29,27,0,0,
book-19-p0416,19,B,416,31,29,1,2,0.538040
book-19-p0417,19,B,417,33,30,1,1,0.439487
book-19-p0418,19,B,418,31,29,0,0,
book-19-p0419,19,B,419,32,30,1,1,0.534964
book-19-p0420,19,B,420,31,29,0,0,
book-19-p0421,19,B,421,29,26,2,2,0.580849
book-19-p0422,19,B,422,31,29,1,1,0.588336
book-19-p0423,19,B,423,32,29,1,1,0.545944
book-19-p0424,19,B,424,31,29,1,1,0.541538
book-19-p0425,19,B,425,32,29,2,2,0.389287
book-19-p0426,19,B,426,31,30,0,0,
book-19-p0427,19,B,427,32,29,0,0,
book-19-p0428,19,B,428,32,30,0,0,
book-19-p0429,19,B,429,29,27,1,1,0.582601
book-19-p0430,19,B,430,31,29,1,1,0.370301
book-19-p0431,19,B,431,32,29,0,0,
book-19-p0432,19,B,432,31,29,0,0,
book-19-p0433,19,B,433,32,30,4,4,0.496081
book-19-p0434,19,B,434,31,29,0,0,
book-19-p0435,19,B,435,31,30,2,2,0.596446
book-19-p0436,19,B,436,31,29,1,1,0.512215
book-19-p0437,19,B,437,32,29,1,1,0.555236
book-19-p0438,19,B,438,31,29,0,0,
book-19-p0439,19,B,439,32,29,0,0,
book-19-p0440,19,B,440,31,30,0,0,
book-19-p0441,19,B,441,30,28,1,1,0.497403
book-19-p0442,19,B,442,31,29,0,0,
book-19-p0443,19,B,443,31,29,0,0,
book-19-p0444,19,B,444,31,30,0,0,
book-19-p0445,19,B,445,32,29,0,0,
book-19-p0446,19,B,446,32,29,1,1,0.465913
book-19-p0447,19,B,447,31,29,0,0,
book-19-p0448,19,B,448,31,29,4,4,0.332185
book-19-p0449,19,B,449,28,26,0,0,
book-19-p0450,19,B,450,32,29,2,2,0.556395
book-19-p0451,19,B,451,31,29,0,0,
book-19-p0452,19,B,452,31,29,0,0,
book-19-p0453,19,B,453,32,29,1,1,0.467716
book-19-p0454,19,B,454,31,30,0,0,
book-19-p0455,19,B,455,30,24,0,0,
book-19-p0456,19,B,456,29,27,0,0,
book-19-p0457,19,B,457,32,29,1,1,0.559627
book-19-p0458,19,B,458,31,30,0,0,
book-19-p0459,19,B,459,32,29,0,0,
book-19-p0460,19,B,460,31,30,0,0,
book-19-p0461,19,B,461,33,31,2,2,0.198623
book-19-p0462,19,B,462,31,29,0,0,
book-19-p0463,19,B,463,32,29,1,1,0.544394
book-19-p0464,19,B,464,28,26,1,1,0.510491
book-19-p0465,19,B,465,32,29,3,3,0.484082
book-19-p0466,19,B,466,31,29,0,0,
book-19-p0467,19,B,467,32,30,2,2,0.405728
book-19-p0468,19,B,468,32,29,0,0,
book-19-p0469,19,B,469,32,29,0,0,
book-19-p0470,19,B,470,31,30,1,1,0.583358
book-19-p0471,19,B,471,32,29,1,1,0.515997
book-19-p0472,19,B,472,32,29,0,0,
book-19-p0473,19,B,473,31,28,1,1,0.514939
book-19-p0474,19,B,474,26,24,3,3,0.244055
book-19-p0475,19,B,475,28,26,2,2,0.351931
book-19-p0476,19,B,476,31,29,0,0,
book-19-p0477,19,B,477,32,29,0,0,
book-19-p0478,19,B,478,31,29,0,0,
book-19-p0479,19,B,479,32,29,1,1,0.548525
book-19-p0480,19,B,480,31,29,3,3,0.423888
book-19-p0481,19,B,481,31,29,2,3,0.270279
book-19-p0482,19,B,482,31,29,1,1,0.530355
book-19-p0483,19,B,483,32,29,0,0,
book-19-p0484,19,B,484,28,26,0,0,
book-19-p0485,19,B,485,31,29,0,0,
book-19-p0486,19,B,486,31,29,2,2,0.544204
book-19-p0487,19,B,487,32,29,0,0,
book-19-p0488,19,B,488,31,29,0,0,
book-19-p0489,19,B,489,32,29,1,1,0.553675
book-19-p0490,19,B,490,31,30,0,0,
book-19-p0491,19,B,491,32,29,0,0,
book-19-p0492,19,B,492,28,26,3,3,0.249490
book-19-p0493,19,B,493,31,29,0,0,
book-19-p0494,19,B,494,31,29,1,1,0.463780
book-19-p0495,19,B,495,32,30,1,1,0.171918
book-19-p0496,19,B,496,31,29,2,2,0.573222
book-19-p0497,19,B,497,33,30,0,0,
book-19-p0498,19,B,498,31,29,0,0,
book-19-p0499,19,B,499,31,29,0,0,
book-19-p0500,19,B,500,29,27,1,1,0.558382
book-19-p0501,19,B,501,32,29,0,0,
book-19-p0502,19,B,502,31,29,0,0,
book-19-p0503,19,B,503,32,29,0,0,
book-19-p0504,19,B,504,31,29,2,2,0.231521
book-19-p0505,19,B,505,32,29,3,3,0.497214
book-19-p0506,19,B,506,31,29,0,0,
book-19-p0507,19,B,507,31,29,0,0,
book-19-p0508,19,B,508,31,30,1,1,0.593387
book-19-p0509,19,B,509,32,29,0,0,
book-19-p0510,19,B,510,31,29,1,1,0.298197
book-19-p0511,19,B,511,31,29,0,0,
book-19-p0512,19,B,512,31,29,2,2,0.539092
book-19-p0513,19,B,513,31,31,4,4,0.493296
book-19-p0514,19,B,514,29,26,1,1,0.573144
book-19-p0515,19,B,515,31,29,1,1,0.359476
book-19-p0516,19,B,516,31,29,0,0,
book-19-p0517,19,B,517,32,30,3,3,0.512067
book-19-p0518,19,B,518,31,29,1,1,0.370443
book-19-p0519,19,B,519,32,29,0,0,
book-19-p0520,19,B,520,31,29,0,0,
book-19-p0521,19,B,521,29,27,5,5,0.444573
book-19-p0522,19,B,522,31,29,0,0,
book-19-p0523,19,B,523,32,29,0,0,
book-19-p0524,19,B,524,31,30,1,1,0.599031
book-19-p0525,19,B,525,32,29,2,2,0.550406
book-19-p0526,19,B,526,31,30,0,0,
book-19-p0527,19,B,527,32,29,0,0,
book-19-p0528,19,B,528,27,26,2,2,0.530330
book-19-p0529,19,B,529,32,30,1,1,0.584076
book-19-p0530,19,B,530,32,29,0,0,
book-19-p0531,19,B,531,32,29,0,0,
book-19-p0532,19,B,532,32,29,0,0,
book-19-p0533,19,B,533,31,29,1,1,0.589279
book-19-p0534,19,B,534,31,29,1,1,0.599367
book-19-p0535,19,B,535,29,26,2,2,0.504184
book-19-p0536,19,B,536,31,29,0,0,
book-19-p0537,19,B,537,32,29,2,2,0.508705
book-19-p0538,19,B,538,31,30,0,0,
book-19-p0539,19,B,539,32,29,0,0,
book-19-p0540,19,B,540,31,30,0,0,
book-19-p0541,19,B,541,33,29,4,4,0.317953
book-19-p0542,19,B,542,32,30,0,0,
book-19-p0543,19,B,543,31,29,1,1,0.580199
book-19-p0544,19,B,544,33,29,2,2,0.337241
book-19-p0545,19,B,545,31,30,0,0,
book-19-p0546,19,B,546,31,29,1,1,0.572323
book-19-p0547,19,B,547,31,29,2,2,0.515496
book-19-p0548,19,B,548,28,26,0,0,
book-19-p0549,19,B,549,32,29,1,1,0.438586
book-19-p0550,19,B,550,31,29,1,1,0.555775
book-19-p0551,19,B,551,32,29,0,0,
book-19-p0552,19,B,552,31,29,1,1,0.435879
book-19-p0553,19,B,553,32,29,0,0,
book-19-p0554,19,B,554,31,29,0,0,
book-19-p0555,19,B,555,32,29,0,0,
book-19-p0556,19,B,556,31,30,2,2,0.491958
book-19-p0557,19,B,557,32,28,0,0,
book-19-p0558,19,B,558,31,30,4,4,0.512730
book-19-p0559,19,B,559,31,29,5,5,0.505327
book-19-p0560,19,B,560,31,29,0,0,
book-19-p0561,19,B,561,33,25,3,3,0.482134
book-19-p0562,19,B,562,31,29,0,0,
book-19-p0563,19,B,563,32,29,3,3,0.358145
book-19-p0564,19,B,564,32,29,0,0,
book-19-p0565,19,B,565,32,29,0,0,
book-19-p0566,19,B,566,31,29,2,3,0.491674
book-19-p0567,19,B,567,32,29,1,1,0.583601
book-19-p0568,19,B,568,31,29,0,0,
book-19-p0569,19,B,569,32,29,0,0,
book-19-p0570,19,B,570,31,29,7,7,0.314031
book-19-p0571,19,B,571,32,29,4,5,0.378413
book-19-p0572,19,B,572,32,29,1,1,0.534335
book-19-p0573,19,B,573,33,29,2,2,0.442586
book-19-p0574,19,B,574,31,29,2,2,0.366971
book-19-p0575,19,B,575,31,28,1,1,0.583635
book-19-p0576,19,B,576,31,29,0,0,
book-19-p0577,19,B,577,32,29,0,0,
book-19-p0578,19,B,578,32,30,3,3,0.530259
book-19-p0579,19,B,579,30,29,0,0,
book-19-p0580,19,B,580,32,29,0,0,
book-19-p0581,19,B,581,30,27,3,3,0.464236
book-19-p0582,19,B,582,32,29,1,1,0.568364
book-19-p0583,19,B,583,31,28,12,12,0.137326
book-19-p0584,19,B,584,30,29,4,4,0.360602
book-19-p0585,19,B,585,32,29,2,2,0.381877
book-19-p0586,19,B,586,31,30,1,1,0.252828
book-19-p0587,19,B,587,32,29,0,0,
book-19-p0588,19,B,588,31,29,1,1,0.394169
book-19-p0589,19,B,589,32,30,7,7,0.167754
book-19-p0590,19,B,590,32,29,1,1,0.597859
book-19-p0591,19,B,591,32,30,0,0,
book-19-p0592,19,B,592,31,29,1,1,0.558061
book-19-p0593,19,B,593,32,29,0,0,
book-19-p0594,19,B,594,32,29,0,0,
book-19-p0595,19,B,595,32,29,0,0,
book-19-p0596,19,B,596,32,29,1,1,0.593193
book-19-p0597,19,B,597,31,29,0,0,
book-19-p0598,19,B,598,31,29,3,3,0.509848
book-19-p0599,19,B,599,33,29,0,0,
book-19-p0600,19,B,600,31,30,1,1,0.544248
book-19-p0601,19,B,601,32,29,2,2,0.415496
book-19-p0602,19,B,602,31,30,0,0,
book-19-p0603,19,B,603,31,29,1,1,0.597508
book-19-p0604,19,B,604,31,30,2,2,0.523183
book-19-p0605,19,B,605,32,29,1,1,0.544311
book-19-p0606,19,B,606,31,29,1,1,0.521996
book-19-p0607,19,B,607,31,29,1,1,0.586021
book-19-p0608,19,B,608,31,29,1,1,0.579330
book-19-p0609,19,B,609,31,29,1,1,0.550303
book-19-p0610,19,B,610,31,29,1,1,0.541227
book-19-p0611,19,B,611,31,29,3,3,0.508928
book-19-p0612,19,B,612,31,29,2,2,0.353461
book-19-p0613,19,B,613,32,29,1,1,0.599959
book-19-p0614,19,B,614,30,28,1,1,0.554300
book-19-p0615,19,B,615,32,29,1,1,0.503937
book-19-p0616,19,B,616,31,29,0,0,
book-19-p0617,19,B,617,32,29,2,2,0.480338
book-19-p0618,19,B,618,31,30,1,1,0.488297
book-19-p0619,19,B,619,31,29,1,1,0.556902
book-19-p0620,19,B,620,29,28,1,1,0.416504
book-19-p0621,19,B,621,31,29,0,0,
book-19-p0622,19,B,622,31,29,2,2,0.524755
book-19-p0623,19,B,623,31,29,0,0,
book-19-p0624,19,B,624,31,29,0,0,
book-19-p0625,19,B,625,30,28,0,0,
book-19-p0626,19,B,626,31,29,1,1,0.492963
book-19-p0627,19,B,627,30,28,1,1,0.576610
book-19-p0628,19,B,628,31,30,0,0,
book-19-p0629,19,B,629,32,29,1,1,0.462755
book-19-p0630,19,B,630,31,29,0,0,
book-19-p0631,19,B,631,32,29,0,0,
book-19-p0632,19,B,632,31,29,0,0,
book-19-p0633,19,B,633,32,29,0,0,
book-19-p0634,19,B,634,31,29,1,1,0.524439
book-19-p0635,19,B,635,30,28,0,0,
book-19-p0636,19,B,636,31,30,0,0,
book-19-p0637,19,B,637,32,30,0,0,
book-19-p0638,19,B,638,31,29,2,2,0.403362
book-19-p0639,19,B,639,31,29,1,1,0.583927
book-19-p0640,19,B,640,31,29,0,0,
book-19-p0641,19,B,641,29,29,3,5,0.253598
book-19-p0642,19,B,642,31,29,0,0,
book-19-p0643,19,B,643,28,26,0,0,
book-19-p0644,19,B,644,30,29,2,2,0.428097
book-19-p0645,19,B,645,31,29,2,2,0.532320
book-19-p0646,19,B,646,31,29,0,0,
book-19-p0647,19,B,647,32,29,1,1,0.592233
book-19-p0648,19,B,648,31,30,4,4,0.447811
book-19-p0649,19,B,649,31,28,1,1,0.573516
book-19-p0650,19,B,650,30,27,3,3,0.417294
book-19-p0651,19,B,651,31,29,2,2,0.540713
book-19-p0652,19,B,652,31,30,2,2,0.307078
book-19-p0653,19,B,653,31,29,0,0,
book-19-p0654,19,B,654,31,29,0,0,
book-19-p0655,19,B,655,32,30,0,0,
book-19-p0656,19,B,656,31,29,1,1,0.353840
book-19-p0657,19,B,657,29,26,1,1,0.572308
book-19-p0658,19,B,658,31,29,0,0,
book-19-p0659,19,B,659,31,29,1,1,0.522574
book-19-p0660,19,B,660,31,29,1,1,0.550179
book-19-p0661,19,B,661,32,30,0,0,
book-19-p0662,19,B,662,31,29,0,0,
book-19-p0663,19,B,663,31,29,1,2,0.409849
book-19-p0664,19,B,664,32,29,1,1,0.530644
book-19-p0665,19,B,665,28,25,0,0,
book-19-p0666,19,B,666,29,28,0,0,
book-19-p0667,19,B,667,31,29,1,1,0.316155
book-19-p0668,19,B,668,31,30,1,1,0.468421
book-19-p0669,19,B,669,32,29,1,1,0.531354
book-19-p0670,19,B,670,31,30,3,4,0.443997
book-19-p0671,19,B,671,32,29,1,1,0.572388
book-19-p0672,19,B,672,25,20,0,0,
book-19-p0673,19,B,673,30,27,0,0,
book-19-p0674,19,B,674,31,29,1,1,0.436383
book-19-p0675,19,B,675,32,29,0,0,
book-19-p0676,19,B,676,31,29,0,0,
book-19-p0677,19,B,677,32,29,0,0,
book-19-p0678,19,B,678,31,30,0,0,
book-19-p0679,19,B,679,32,29,0,0,
book-19-p0680,19,B,680,32,29,1,1,0.474757
book-19-p0681,19,B,681,29,26,2,3,0.363935
book-19-p0682,19,B,682,31,30,1,1,0.577899
book-19-p0683,19,B,683,31,29,0,0,
book-19-p0684,19,B,684,31,30,1,1,0.594919
book-19-p0685,19,B,685,32,29,2,2,0.373444
book-19-p0686,19,B,686,31,30,4,4,0.397997
book-19-p0687,19,B,687,29,25,3,3,0.335146
book-19-p0688,19,B,688,29,27,1,1,0.270372
book-19-p0689,19,B,689,32,29,1,1,0.594289
book-19-p0690,19,B,690,31,29,1,1,0.537704
book-19-p0691,19,B,691,31,29,0,0,
book-19-p0692,19,B,692,31,29,2,2,0.440367
book-19-p0693,19,B,693,32,29,2,2,0.542017
book-19-p0694,19,B,694,28,25,1,1,0.527550
book-19-p0695,19,B,695,32,29,1,1,0.579947
book-19-p0696,19,B,696,31,29,0,0,
book-19-p0697,19,B,697,32,29,0,0,
book-19-p0698,19,B,698,31,30,0,0,
book-19-p0699,19,B,699,31,29,2,2,0.339511
book-19-p0700,19,B,700,31,29,3,3,0.284773
book-19-p0701,19,B,701,31,30,2,3,0.243285
book-19-p0702,19,B,702,29,28,0,0,
book-19-p0703,19,B,703,32,29,0,0,
book-19-p0704,19,B,704,31,29,0,0,
book-19-p0705,19,B,705,32,30,0,0,
book-19-p0706,19,B,706,32,29,1,1,0.166573
book-19-p0707,19,B,707,31,30,0,0,
book-19-p0708,19,B,708,31,29,0,0,
book-19-p0709,19,B,709,32,30,0,0,
book-19-p0710,19,B,710,31,29,0,0,
book-19-p0711,19,B,711,29,26,1,1,0.565718
book-19-p0712,19,B,712,31,29,3,3,0.482197
book-19-p0713,19,B,713,32,29,4,5,0.324282
book-19-p0714,19,B,714,31,29,1,1,0.558373
book-19-p0715,19,B,715,32,29,1,1,0.572803
book-19-p0716,19,B,716,31,29,4,4,0.479386
book-19-p0717,19,B,717,32,30,3,3,0.249077
book-19-p0718,19,B,718,31,30,0,0,
book-19-p0719,19,B,719,25,24,1,1,0.503707
book-19-p0720,19,B,720,31,30,2,2,0.507331
book-19-p0721,19,B,721,31,30,3,3,0.504381
book-19-p0722,19,B,722,31,29,2,2,0.346420
book-19-p0723,19,B,723,31,29,2,2,0.569122
book-19-p0724,19,B,724,31,29,0,0,
book-19-p0725,19,B,725,32,30,0,0,
book-19-p0726,19,B,726,32,29,1,1,0.476865
book-19-p0727,19,B,727,30,27,1,1,0.517789
book-19-p0728,19,B,728,29,27,0,0,
book-19-p0729,19,B,729,33,29,0,0,
book-19-p0730,19,B,730,30,29,1,1,0.460633
book-19-p0731,19,B,731,31,30,1,1,0.577486
book-19-p0732,19,B,732,31,30,3,3,0.571619
book-19-p0733,19,B,733,33,29,3,3,0.331893
book-19-p0734,19,B,734,31,30,2,2,0.360520
book-19-p0735,19,B,735,32,29,2,2,0.534494
book-19-p0736,19,B,736,30,27,6,7,0.423853
book-19-p0737,19,B,737,31,29,4,4,0.543917
book-19-p0738,19,B,738,31,29,2,2,0.242240
book-19-p0739,19,B,739,32,29,0,0,
book-19-p0740,19,B,740,31,29,0,0,
book-19-p0741,19,B,741,32,30,4,4,0.464866
book-19-p0742,19,B,742,31,29,0,0,
book-19-p0743,19,B,743,32,29,1,1,0.566792
book-19-p0744,19,B,744,30,29,0,0,
book-19-p0745,19,B,745,32,29,3,3,0.481339
book-19-p0746,19,B,746,29,28,0,0,
book-19-p0747,19,B,747,32,30,0,0,
book-19-p0748,19,B,748,31,30,1,1,0.573628
book-19-p0749,19,B,749,33,29,1,1,0.542136
book-19-p0750,19,B,750,31,29,1,1,0.442401
book-19-p0751,19,B,751,31,29,0,0,
book-19-p0752,19,B,752,32,30,0,0,
book-19-p0753,19,B,753,31,29,2,2,0.534337
book-19-p0754,19,B,754,31,29,0,0,
book-19-p0755,19,B,755,31,29,0,0,
book-19-p0756,19,B,756,31,30,2,2,0.519756
book-19-p0757,19,B,757,32,29,3,3,0.493072
book-19-p0758,19,B,758,27,23,0,0,
book-19-p0759,19,B,759,30,27,2,2,0.418222
book-19-p0760,19,B,760,31,29,1,1,0.370966
book-19-p0761,19,B,761,32,29,1,1,0.435819
book-19-p0762,19,B,762,31,30,1,1,0.260640
book-19-p0763,19,B,763,30,29,2,3,0.501911
book-19-p0764,19,B,764,31,30,3,3,0.538811
book-19-p0765,19,B,765,24,19,0,0,
book-19-p0766,19,B,766,29,28,6,6,0.510381
book-19-p0767,19,B,767,31,29,1,1,0.450786
book-19-p0768,19,B,768,31,29,2,2,0.365511
book-19-p0769,19,B,769,32,29,1,1,0.547898
book-19-p0770,19,B,770,27,24,1,1,0.597133
book-19-p0771,19,B,771,30,29,1,1,0.522440
book-19-p0772,19,B,772,31,29,0,0,
book-19-p0773,19,B,773,32,29,0,0,
book-19-p0774,19,B,774,31,29,0,0,
book-19-p0775,19,B,775,32,29,0,0,
book-19-p0776,19,B,776,29,27,1,1,0.499562
book-19-p0777,19,B,777,31,27,1,1,0.259763
book-19-p0778,19,B,778,31,29,1,1,0.564476
book-19-p0779,19,B,779,30,30,1,1,0.336297
book-19-p0780,19,B,780,31,29,1,1,0.505233
book-19-p0781,19,B,781,32,30,0,0,
book-19-p0782,19,B,782,33,30,2,3,0.501198
book-19-p0783,19,B,783,31,29,3,3,0.434729
book-19-p0784,19,B,784,31,29,0,0,
book-19-p0785,19,B,785,28,26,0,0,
book-19-p0786,19,B,786,31,29,1,1,0.501085
book-19-p0787,19,B,787,33,29,0,0,
book-19-p0788,19,B,788,30,29,0,0,
book-19-p0789,19,B,789,32,29,0,0,
book-19-p0790,19,B,790,25,21,3,3,0.397967
book-19-p0791,19,B,791,30,27,1,1,0.498489
book-19-p0792,19,B,792,32,30,1,1,0.461127
book-19-p0793,19,B,793,32,29,2,2,0.169213
book-19-p0794,19,B,794,31,30,3,3,0.330744
book-19-p0795,19,B,795,31,29,0,0,
book-19-p0796,19,B,796,32,30,0,0,
book-19-p0797,19,B,797,32,29,0,0,
book-19-p0798,19,B,798,26,21,3,3,0.299713
book-19-p0799,19,B,799,29,28,2,2,0.478295
book-19-p0800,19,B,800,32,29,1,1,0.529191
book-19-p0801,19,B,801,32,30,0,0,
book-19-p0802,19,B,802,31,29,0,0,
book-19-p0803,19,B,803,32,29,1,1,0.568040
book-19-p0804,19,B,804,32,30,1,1,0.592974
book-19-p0805,19,B,805,32,30,1,1,0.539829
book-19-p0806,19,B,806,31,28,0,0,
book-19-p0807,19,B,807,32,29,6,6,0.133969
book-19-p0808,19,B,808,31,29,0,0,
book-19-p0809,19,B,809,32,29,0,0,
book-19-p0810,19,B,810,31,30,1,1,0.586808
book-19-p0811,19,B,811,32,29,0,0,
book-19-p0812,19,B,812,31,30,0,0,
book-19-p0813,19,B,813,28,25,2,2,0.450262
book-19-p0814,19,B,814,31,30,0,0,
book-19-p0815,19,B,815,32,29,0,0,
book-19-p0816,19,B,816,31,29,1,1,0.431784
book-19-p0817,19,B,817,32,30,1,1,0.472846
book-19-p0818,19,B,818,31,29,2,2,0.477324
book-19-p0819,19,B,819,28,25,1,1,0.382434
book-19-p0820,19,B,820,29,28,2,2,0.439210
book-19-p0821,19,B,821,32,29,1,1,0.477795
book-19-p0822,19,B,822,31,29,2,2,0.468034
book-19-p0823,19,B,823,31,29,1,1,0.525699
book-19-p0824,19,B,824,28,27,1,1,0.536349
book-19-p0825,19,B,825,32,29,1,1,0.285608
book-19-p0826,19,B,826,31,30,0,0,
book-19-p0827,19,B,827,32,29,1,1,0.555280
book-19-p0828,19,B,828,31,29,1,1,0.455209
book-19-p0829,19,B,829,32,29,0,0,
book-19-p0830,19,B,830,31,29,0,0,
book-19-p0831,19,B,831,28,26,1,1,0.555094
book-19-p0832,19,B,832,31,29,2,2,0.511001
book-19-p0833,19,B,833,32,29,2,2,0.470327
book-19-p0834,19,B,834,31,29,0,0,
book-19-p0835,19,B,835,29,27,0,0,
book-19-p0836,19,B,836,31,29,1,1,0.523763
book-19-p0837,19,B,837,32,30,2,2,0.508940
book-19-p0838,19,B,838,29,27,0,0,
book-19-p0839,19,B,839,29,27,2,2,0.424485
book-19-p0840,19,B,840,31,30,2,2,0.518630
book-19-p0841,19,B,841,32,30,4,4,0.417784
book-19-p0842,19,B,842,31,30,2,2,0.537863
book-19-p0843,19,B,843,32,29,0,0,
book-19-p0844,19,B,844,30,29,1,1,0.587066
book-19-p0845,19,B,845,32,30,0,0,
book-19-p0846,19,B,846,25,20,0,0,
book-19-p0847,19,B,847,30,28,1,1,0.595269
book-19-p0848,19,B,848,31,29,0,0,
book-19-p0849,19,B,849,31,29,1,1,0.580262
book-19-p0850,19,B,850,32,29,1,1,0.348902
book-19-p0851,19,B,851,31,29,0,0,
book-19-p0852,19,B,852,31,29,0,0,
book-19-p0853,19,B,853,32,30,1,1,0.584211
book-19-p0854,19,B,854,31,29,2,2,0.521218
book-19-p0855,19,B,855,31,29,0,0,
book-19-p0856,19,B,856,28,26,2,3,0.387191
book-19-p0857,19,B,857,32,29,1,1,0.527712
book-19-p0858,19,B,858,31,29,0,0,
book-19-p0859,19,B,859,31,29,2,2,0.535361
book-19-p0860,19,B,860,31,29,0,0,
book-19-p0861,19,B,861,29,26,4,4,0.319858
book-19-p0862,19,B,862,31,29,2,2,0.124710
book-19-p0863,19,B,863,32,29,3,3,0.515684
book-19-p0864,19,B,864,32,30,1,1,0.245747
book-19-p0865,19,B,865,32,30,0,0,
book-19-p0866,19,B,866,32,29,0,0,
book-19-p0867,19,B,867,32,29,0,0,
book-19-p0868,19,B,868,32,29,0,0,
book-19-p0869,19,B,869,32,29,0,0,
book-19-p0870,19,B,870,32,29,1,1,0.551969
book-19-p0871,19,B,871,32,29,1,1,0.579509
book-19-p0872,19,B,872,31,29,2,2,0.550632
book-19-p0873,19,B,873,28,26,0,0,
book-19-p0874,19,B,874,31,29,0,0,
book-19-p0875,19,B,875,32,29,1,1,0.574753
book-19-p0876,19,B,876,31,30,3,3,0.215802
book-19-p0877,19,B,877,32,29,3,3,0.377812
book-19-p0878,19,B,878,31,30,2,2,0.463317
book-19-p0879,19,B,879,30,28,2,2,0.470687
book-19-p0880,19,B,880,30,29,1,1,0.573426
book-19-p0881,19,B,881,31,30,0,0,
book-19-p0882,19,B,882,31,29,0,0,
book-19-p0883,19,B,883,31,29,1,1,0.581049
book-19-p0884,19,B,884,32,29,1,1,0.337353
book-19-p0885,19,B,885,32,30,1,1,0.496924
book-19-p0886,19,B,886,28,25,0,0,
book-19-p0887,19,B,887,32,29,0,0,
book-19-p0888,19,B,888,31,29,0,0,
book-19-p0889,19,B,889,31,29,0,0,
book-19-p0890,19,B,890,31,29,0,0,
book-19-p0891,19,B,891,30,27,1,1,0.584412
book-19-p0892,19,B,892,31,30,0,0,
book-19-p0893,19,B,893,32,29,0,0,
book-19-p0894,19,B,894,31,30,4,4,0.365301
book-19-p0895,19,B,895,32,30,0,0,
book-19-p0896,19,B,896,24,19,0,0,
book-19-p0897,19,B,897,29,28,1,1,0.592913
book-19-p0898,19,B,898,32,29,1,2,0.545110
book-19-p0899,19,B,899,33,29,1,1,0.544109
book-19-p0900,19,B,900,31,29,0,0,
book-19-p0901,19,B,901,32,31,0,0,
book-19-p0902,19,B,902,31,29,1,1,0.566349
book-19-p0903,19,B,903,32,29,0,0,
book-19-p0904,19,B,904,29,27,0,0,
book-19-p0905,19,B,905,32,30,2,2,0.531392
book-19-p0906,19,B,906,30,29,0,0,
book-19-p0907,19,B,907,32,29,2,3,0.525678
book-19-p0908,19,B,908,31,30,3,4,0.515036
book-19-p0909,19,B,909,32,30,1,1,0.340158
book-19-p0910,19,B,910,31,29,6,7,0.500805
book-19-p0911,19,B,911,31,29,2,2,0.483426
book-19-p0912,19,B,912,31,30,2,2,0.351757
book-19-p0913,19,B,913,32,29,2,2,0.548053
book-19-p0914,19,B,914,31,29,0,0,
book-19-p0915,19,B,915,32,29,0,0,
book-19-p0916,19,B,916,31,29,2,2,0.492072
book-19-p0917,19,B,917,32,30,0,0,
book-19-p0918,19,B,918,29,27,0,0,
book-19-p0919,19,B,919,30,27,4,4,0.508047
book-19-p0920,19,B,920,31,30,1,1,0.439922
book-19-p0921,19,B,921,32,29,1,1,0.505886
book-19-p0922,19,B,922,31,29,1,1,0.514090
book-19-p0923,19,B,923,31,29,0,0,
book-19-p0924,19,B,924,31,30,1,1,0.579967
book-19-p0925,19,B,925,29,29,1,1,0.503076
book-19-p0926,19,B,926,30,29,0,0,
book-19-p0927,19,B,927,32,29,1,1,0.458264
book-19-p0928,19,B,928,28,27,3,3,0.417948
book-19-p0929,19,B,929,31,30,4,4,0.324600
book-19-p0930,19,B,930,31,29,2,2,0.505784
book-19-p0931,19,B,931,32,29,0,0,
book-19-p0932,19,B,932,31,29,2,2,0.223453
book-19-p0933,19,B,933,32,30,0,0,
book-19-p0934,19,B,934,32,29,1,1,0.571187
book-19-p0935,19,B,935,31,29,1,1,0.560496
book-19-p0936,19,B,936,28,28,1,1,0.485639
book-19-p0937,19,B,937,32,29,0,0,
book-19-p0938,19,B,938,31,29,1,1,0.323469
book-19-p0939,19,B,939,32,29,0,0,
book-19-p0940,19,B,940,31,30,1,1,0.290587
book-19-p0941,19,B,941,31,29,1,1,0.481840
book-19-p0942,19,B,942,31,30,0,0,
book-19-p0943,19,B,943,25,20,0,0,
book-19-p0944,19,B,944,30,29,2,2,0.503238
book-19-p0945,19,B,945,31,29,0,0,
book-19-p0946,19,B,946,31,29,1,1,0.535245
book-19-p0947,19,B,947,32,29,0,0,
book-19-p0948,19,B,948,31,29,2,2,0.413762
book-19-p0949,19,B,949,32,29,0,0,
book-19-p0950,19,B,950,31,29,0,0,
book-19-p0951,19,B,951,29,26,0,0,
book-19-p0952,19,B,952,31,29,2,2,0.345027
book-19-p0953,19,B,953,32,29,1,1,0.417138
book-19-p0954,19,B,954,31,29,1,1,0.481260
book-19-p0955,19,B,955,32,29,1,1,0.510854
book-19-p0956,19,B,956,31,29,2,2,0.513522
book-19-p0957,19,B,957,32,29,0,0,
book-19-p0958,19,B,958,28,27,0,0,
book-19-p0959,19,B,959,32,30,4,4,0.509536
book-19-p0960,19,B,960,31,29,1,1,0.582515
book-19-p0961,19,B,961,32,30,0,0,
book-19-p0962,19,B,962,31,29,0,0,
book-19-p0963,19,B,963,32,29,0,0,
book-19-p0964,19,B,964,25,20,1,1,0.536386
book-19-p0965,19,B,965,0,0,0,0,
book-19-p0966,19,B,966,0,0,0,0,
book-19-p0967,19,B,967,0,0,0,0,
book-19-p0968,19,B,968,0,0,0,0,
book-19-p0969,19,B,969,0,0,0,0,
book-19-p0970,19,B,970,0,0,0,0,
book-19-p0971,19,B,971,0,0,0,0,
book-19-p0972,19,B,972,0,0,0,0,
book-19-p0973,19,B,973,0,0,0,0,
book-19-p0974,19,B,974,0,0,0,0,
book-19-p0975,19,B,975,0,0,0,0,
book-19-p0976,19,B,976,0,0,0,0,
book-19-p0977,19,B,977,1,1,0,0,
book-19-p0978,19,B,978,0,0,0,0,
book-19-p0979,19,B,979,0,0,0,0,
book-19-p0980,19,B,980,0,0,0,0,
book-20-p0001,20,B,1,8,8,8,13,0.140833
book-20-p0002,20,B,2,32,31,20,36,0.184867
book-20-p0003,20,B,3,1,1,1,1,0.542535
book-20-p0004,20,B,4,0,0,0,0,
book-20-p0005,20,B,5,0,0,0,0,
book-20-p0006,20,B,6,0,0,0,0,
book-20-p0007,20,B,7,0,0,0,0,
book-20-p0008,20,B,8,0,0,0,0,
book-20-p0009,20,B,9,18,13,2,3,0.414224
book-20-p0010,20,B,10,0,0,0,0,
book-20-p0011,20,B,11,22,19,4,4,0.346266
book-20-p0012,20,B,12,25,23,1,1,0.487866
book-20-p0013,20,B,13,18,15,0,0,
book-20-p0014,20,B,14,19,15,2,2,0.203022
book-20-p0015,20,B,15,9,8,0,0,
book-20-p0016,20,B,16,22,19,1,3,0.267599
book-20-p0017,20,B,17,23,19,2,2,0.176032
book-20-p0018,20,B,18,34,32,3,3,0.512156
book-20-p0019,20,B,19,36,33,3,4,0.398274
book-20-p0020,20,B,20,32,30,2,2,0.546209
book-20-p0021,20,B,21,31,29,3,3,0.436018
book-20-p0022,20,B,22,32,31,3,3,0.370288
book-20-p0023,20,B,23,32,30,0,0,
book-20-p0024,20,B,24,33,31,4,4,0.434365
book-20-p0025,20,B,25,31,30,1,1,0.598714
book-20-p0026,20,B,26,31,29,5,6,0.361089
book-20-p0027,20,B,27,33,32,8,10,0.396501
book-20-p0028,20,B,28,32,30,2,2,0.354086
book-20-p0029,20,B,29,35,33,2,2,0.335511
book-20-p0030,20,B,30,35,33,4,4,0.339709
book-20-p0031,20,B,31,22,20,4,4,0.479068
book-20-p0032,20,B,32,0,0,0,0,
book-20-p0033,20,B,33,19,19,4,4,0.413242
book-20-p0034,20,B,34,31,29,2,2,0.541430
book-20-p0035,20,B,35,31,29,1,1,0.526139
book-20-p0036,20,B,36,31,29,2,2,0.447329
book-20-p0037,20,B,37,30,29,1,1,0.586156
book-20-p0038,20,B,38,33,30,1,1,0.367363
book-20-p0039,20,B,39,32,29,0,0,
book-20-p0040,20,B,40,32,29,0,0,
book-20-p0041,20,B,41,30,29,0,0,
book-20-p0042,20,B,42,29,27,0,0,
book-20-p0043,20,B,43,31,29,2,2,0.354580
book-20-p0044,20,B,44,32,29,2,2,0.411833
book-20-p0045,20,B,45,31,29,0,0,
book-20-p0046,20,B,46,31,29,0,0,
book-20-p0047,20,B,47,31,29,1,1,0.537678
book-20-p0048,20,B,48,32,29,0,0,
book-20-p0049,20,B,49,31,29,1,1,0.540751
book-20-p0050,20,B,50,32,29,1,1,0.505158
book-20-p0051,20,B,51,31,29,2,2,0.541620
book-20-p0052,20,B,52,31,29,3,3,0.304070
book-20-p0053,20,B,53,28,26,0,0,
book-20-p0054,20,B,54,32,29,0,0,
book-20-p0055,20,B,55,31,30,0,0,
book-20-p0056,20,B,56,32,29,1,1,0.589858
book-20-p0057,20,B,57,30,29,0,0,
book-20-p0058,20,B,58,33,30,0,0,
book-20-p0059,20,B,59,32,30,0,0,
book-20-p0060,20,B,60,30,27,1,1,0.451198
book-20-p0061,20,B,61,31,29,0,0,
book-20-p0062,20,B,62,32,29,0,0,
book-20-p0063,20,B,63,32,29,1,1,0.268492
book-20-p0064,20,B,64,32,29,0,0,
book-20-p0065,20,B,65,30,29,0,0,
book-20-p0066,20,B,66,32,29,2,2,0.578936
book-20-p0067,20,B,67,33,29,0,0,
book-20-p0068,20,B,68,31,29,0,0,
book-20-p0069,20,B,69,31,30,2,2,0.494811
book-20-p0070,20,B,70,31,29,3,3,0.502665
book-20-p0071,20,B,71,31,29,2,2,0.391943
book-20-p0072,20,B,72,32,29,0,0,
book-20-p0073,20,B,73,31,29,0,0,
book-20-p0074,20,B,74,32,29,2,2,0.508996
book-20-p0075,20,B,75,32,30,1,1,0.573861
book-20-p0076,20,B,76,32,29,1,1,0.439552
book-20-p0077,20,B,77,31,29,2,2,0.420679
book-20-p0078,20,B,78,32,29,1,1,0.430551
book-20-p0079,20,B,79,29,26,0,0,
book-20-p0080,20,B,80,32,29,0,0,
book-20-p0081,20,B,81,31,29,0,0,
book-20-p0082,20,B,82,32,30,1,1,0.260361
book-20-p0083,20,B,83,33,29,1,1,0.563454
book-20-p0084,20,B,84,31,29,1,1,0.543324
book-20-p0085,20,B,85,30,29,0,0,
book-20-p0086,20,B,86,31,29,4,4,0.469448
book-20-p0087,20,B,87,31,29,3,3,0.481495
book-20-p0088,20,B,88,30,27,0,0,
book-20-p0089,20,B,89,28,27,3,3,0.493978
book-20-p0090,20,B,90,32,29,5,5,0.469198
book-20-p0091,20,B,91,31,29,1,1,0.558262
book-20-p0092,20,B,92,32,29,0,0,
book-20-p0093,20,B,93,31,29,1,1,0.263601
book-20-p0094,20,B,94,31,29,1,1,0.323241
book-20-p0095,20,B,95,32,29,2,2,0.495695
book-20-p0096,20,B,96,32,29,0,0,
book-20-p0097,20,B,97,30,29,2,2,0.388479
book-20-p0098,20,B,98,29,26,0,0,
book-20-p0099,20,B,99,30,29,0,0,
book-20-p0100,20,B,100,32,29,2,2,0.510084
book-20-p0101,20,B,101,30,29,0,0,
book-20-p0102,20,B,102,32,29,1,1,0.527896
book-20-p0103,20,B,103,31,29,1,1,0.559022
book-20-p0104,20,B,104,32,29,2,2,0.313013
book-20-p0105,20,B,105,30,29,0,0,
book-20-p0106,20,B,106,32,29,1,1,0.324152
book-20-p0107,20,B,107,30,28,2,2,0.461246
book-20-p0108,20,B,108,31,29,1,1,0.504162
book-20-p0109,20,B,109,31,29,0,0,
book-20-p0110,20,B,110,32,29,0,0,
book-20-p0111,20,B,111,32,29,1,1,0.598955
book-20-p0112,20,B,112,31,29,1,1,0.520337
book-20-p0113,20,B,113,31,30,0,0,
book-20-p0114,20,B,114,32,30,0,0,
book-20-p0115,20,B,115,32,29,1,1,0.545370
book-20-p0116,20,B,116,32,29,2,2,0.420603
book-20-p0117,20,B,117,31,29,2,2,0.585152
book-20-p0118,20,B,118,32,29,0,0,
book-20-p0119,20,B,119,31,29,1,1,0.567180
book-20-p0120,20,B,120,32,29,0,0,
book-20-p0121,20,B,121,30,29,1,1,0.509221
book-20-p0122,20,B,122,31,29,2,2,0.571526
book-20-p0123,20,B,123,32,29,6,6,0.229217
book-20-p0124,20,B,124,32,29,0,0,
book-20-p0125,20,B,125,31,29,3,3,0.515340
book-20-p0126,20,B,126,31,28,5,5,0.318854
book-20-p0127,20,B,127,32,29,0,0,
book-20-p0128,20,B,128,32,29,0,0,
book-20-p0129,20,B,129,32,29,0,0,
book-20-p0130,20,B,130,32,29,0,0,
book-20-p0131,20,B,131,30,29,1,1,0.447478
book-20-p0132,20,B,132,32,29,1,1,0.499725
book-20-p0133,20,B,133,31,29,0,0,
book-20-p0134,20,B,134,32,29,1,1,0.161721
book-20-p0135,20,B,135,29,27,1,1,0.538212
book-20-p0136,20,B,136,32,29,0,0,
book-20-p0137,20,B,137,31,29,0,0,
book-20-p0138,20,B,138,32,29,2,2,0.431848
book-20-p0139,20,B,139,31,29,2,2,0.345924
book-20-p0140,20,B,140,32,29,0,0,
book-20-p0141,20,B,141,31,29,3,3,0.269886
book-20-p0142,20,B,142,31,29,1,1,0.507320
book-20-p0143,20,B,143,28,26,1,1,0.492111
book-20-p0144,20,B,144,32,29,0,0,
book-20-p0145,20,B,145,31,29,1,1,0.555488
book-20-p0146,20,B,146,32,30,1,1,0.522554
book-20-p0147,20,B,147,32,29,2,2,0.509531
book-20-p0148,20,B,148,32,29,1,1,0.586229
book-20-p0149,20,B,149,30,29,7,7,0.203484
book-20-p0150,20,B,150,31,29,0,0,
book-20-p0151,20,B,151,32,29,1,1,0.344819
book-20-p0152,20,B,152,31,28,0,0,
book-20-p0153,20,B,153,32,29,0,0,
book-20-p0154,20,B,154,32,29,2,2,0.482664
book-20-p0155,20,B,155,32,30,1,1,0.528290
book-20-p0156,20,B,156,32,29,0,0,
book-20-p0157,20,B,157,31,29,0,0,
book-20-p0158,20,B,158,32,29,0,0,
book-20-p0159,20,B,159,32,29,0,0,
book-20-p0160,20,B,160,32,29,0,0,
book-20-p0161,20,B,161,30,29,2,2,0.428897
book-20-p0162,20,B,162,32,30,5,6,0.213816
book-20-p0163,20,B,163,31,29,0,0,
book-20-p0164,20,B,164,32,29,1,1,0.440731
book-20-p0165,20,B,165,30,29,1,1,0.544986
book-20-p0166,20,B,166,31,29,0,0,
book-20-p0167,20,B,167,31,29,1,1,0.148992
book-20-p0168,20,B,168,32,29,0,0,
book-20-p0169,20,B,169,31,29,2,2,0.243498
book-20-p0170,20,B,170,32,29,1,1,0.565270
book-20-p0171,20,B,171,29,27,0,0,
book-20-p0172,20,B,172,32,29,0,0,
book-20-p0173,20,B,173,32,29,1,1,0.597371
book-20-p0174,20,B,174,31,29,0,0,
book-20-p0175,20,B,175,31,30,1,1,0.462428
book-20-p0176,20,B,176,31,29,1,1,0.447185
book-20-p0177,20,B,177,31,29,0,0,
book-20-p0178,20,B,178,32,29,0,0,
book-20-p0179,20,B,179,32,29,9,9,0.153515
book-20-p0180,20,B,180,30,27,1,1,0.448924
book-20-p0181,20,B,181,30,29,5,5,0.186568
book-20-p0182,20,B,182,32,29,0,0,
book-20-p0183,20,B,183,30,29,0,0,
book-20-p0184,20,B,184,32,29,0,0,
book-20-p0185,20,B,185,31,29,0,0,
book-20-p0186,20,B,186,32,29,1,1,0.547672
book-20-p0187,20,B,187,32,29,0,0,
book-20-p0188,20,B,188,33,29,5,5,0.201297
book-20-p0189,20,B,189,32,29,2,2,0.557150
book-20-p0190,20,B,190,29,26,2,2,0.348885
book-20-p0191,20,B,191,32,29,0,0,
book-20-p0192,20,B,192,32,29,0,0,
book-20-p0193,20,B,193,31,29,1,1,0.587435
book-20-p0194,20,B,194,32,29,0,0,
book-20-p0195,20,B,195,32,30,1,1,0.508022
book-20-p0196,20,B,196,32,29,1,1,0.345195
book-20-p0197,20,B,197,31,30,2,2,0.505809
book-20-p0198,20,B,198,32,29,0,0,
book-20-p0199,20,B,199,31,29,0,0,
book-20-p0200,20,B,200,30,27,0,0,
book-20-p0201,20,B,201,31,29,0,0,
book-20-p0202,20,B,202,32,29,2,3,0.147995
book-20-p0203,20,B,203,32,29,1,1,0.597853
book-20-p0204,20,B,204,32,29,1,1,0.515134
book-20-p0205,20,B,205,32,30,2,2,0.515887
book-20-p0206,20,B,206,33,29,0,0,
book-20-p0207,20,B,207,32,30,0,0,
book-20-p0208,20,B,208,32,29,0,0,
book-20-p0209,20,B,209,30,27,1,1,0.514708
book-20-p0210,20,B,210,32,30,2,2,0.560646
book-20-p0211,20,B,211,32,29,2,2,0.562073
book-20-p0212,20,B,212,31,29,1,1,0.578243
book-20-p0213,20,B,213,31,29,0,0,
book-20-p0214,20,B,214,33,30,0,0,
book-20-p0215,20,B,215,32,29,0,0,
book-20-p0216,20,B,216,32,29,1,1,0.576351
book-20-p0217,20,B,217,30,29,0,0,
book-20-p0218,20,B,218,31,28,0,0,
book-20-p0219,20,B,219,33,28,1,1,0.474298
book-20-p0220,20,B,220,32,29,1,1,0.510261
book-20-p0221,20,B,221,31,29,1,1,0.525385
book-20-p0222,20,B,222,32,29,0,0,
book-20-p0223,20,B,223,32,31,0,0,
book-20-p0224,20,B,224,31,29,2,2,0.388814
book-20-p0225,20,B,225,31,29,0,0,
book-20-p0226,20,B,226,32,29,1,1,0.517646
book-20-p0227,20,B,227,33,29,3,3,0.506997
book-20-p0228,20,B,228,32,29,0,0,
book-20-p0229,20,B,229,29,26,2,2,0.534970
book-20-p0230,20,B,230,32,29,0,0,
book-20-p0231,20,B,231,32,30,1,2,0.330276
book-20-p0232,20,B,232,32,29,1,1,0.428675
book-20-p0233,20,B,233,32,29,0,0,
book-20-p0234,20,B,234,32,29,0,0,
book-20-p0235,20,B,235,32,29,0,0,
book-20-p0236,20,B,236,32,29,1,1,0.506741
book-20-p0237,20,B,237,32,29,3,3,0.255803
book-20-p0238,20,B,238,31,29,1,1,0.507300
book-20-p0239,20,B,239,30,26,0,0,
book-20-p0240,20,B,240,32,28,1,1,0.493055
book-20-p0241,20,B,241,31,29,0,0,
book-20-p0242,20,B,242,32,29,0,0,
book-20-p0243,20,B,243,32,29,1,1,0.507798
book-20-p0244,20,B,244,32,29,0,0,
book-20-p0245,20,B,245,31,30,1,1,0.255656
book-20-p0246,20,B,246,33,29,0,0,
book-20-p0247,20,B,247,31,30,1,1,0.528052
book-20-p0248,20,B,248,32,29,1,1,0.483867
book-20-p0249,20,B,249,31,29,1,1,0.557566
book-20-p0250,20,B,250,32,29,0,0,
book-20-p0251,20,B,251,30,28,1,1,0.571464
book-20-p0252,20,B,252,32,29,1,1,0.572750
book-20-p0253,20,B,253,32,29,2,2,0.395202
book-20-p0254,20,B,254,32,29,0,0,
book-20-p0255,20,B,255,32,29,0,0,
book-20-p0256,20,B,256,31,29,0,0,
book-20-p0257,20,B,257,31,29,0,0,
book-20-p0258,20,B,258,32,29,0,0,
book-20-p0259,20,B,259,32,29,1,1,0.578922
book-20-p0260,20,B,260,32,29,1,1,0.551402
book-20-p0261,20,B,261,30,28,1,1,0.520015
book-20-p0262,20,B,262,31,29,0,0,
book-20-p0263,20,B,263,31,30,3,3,0.522836
book-20-p0264,20,B,264,32,29,0,0,
book-20-p0265,20,B,265,31,29,1,1,0.563903
book-20-p0266,20,B,266,32,29,0,0,
book-20-p0267,20,B,267,32,30,0,0,
book-20-p0268,20,B,268,32,29,0,0,
book-20-p0269,20,B,269,32,29,0,0,
book-20-p0270,20,B,270,34,31,0,0,
book-20-p0271,20,B,271,30,29,0,0,
book-20-p0272,20,B,272,31,29,0,0,
book-20-p0273,20,B,273,31,29,1,1,0.579235
book-20-p0274,20,B,274,32,29,1,1,0.506414
book-20-p0275,20,B,275,31,29,0,0,
book-20-p0276,20,B,276,33,29,1,1,0.581362
book-20-p0277,20,B,277,31,30,1,1,0.576745
book-20-p0278,20,B,278,34,31,0,0,
book-20-p0279,20,B,279,31,30,3,3,0.463442
book-20-p0280,20,B,280,31,27,1,1,0.567851
book-20-p0281,20,B,281,31,29,1,2,0.398981
book-20-p0282,20,B,282,32,29,0,0,
book-20-p0283,20,B,283,31,29,0,0,
book-20-p0284,20,B,284,32,29,1,1,0.355871
book-20-p0285,20,B,285,32,30,0,0,
book-20-p0286,20,B,286,32,29,0,0,
book-20-p0287,20,B,287,31,29,0,0,
book-20-p0288,20,B,288,32,29,0,0,
book-20-p0289,20,B,289,29,27,6,6,0.239470
book-20-p0290,20,B,290,31,29,0,0,
book-20-p0291,20,B,291,33,30,2,2,0.410226
book-20-p0292,20,B,292,32,29,0,0,
book-20-p0293,20,B,293,31,30,1,1,0.563234
book-20-p0294,20,B,294,32,29,1,1,0.353718
book-20-p0295,20,B,295,31,29,2,2,0.501370
book-20-p0296,20,B,296,32,29,0,0,
book-20-p0297,20,B,297,31,30,0,0,
book-20-p0298,20,B,298,31,27,0,0,
book-20-p0299,20,B,299,33,29,1,1,0.531748
book-20-p0300,20,B,300,32,29,0,0,
book-20-p0301,20,B,301,32,29,0,0,
book-20-p0302,20,B,302,32,29,0,0,
book-20-p0303,20,B,303,31,29,0,0,
book-20-p0304,20,B,304,32,29,0,0,
book-20-p0305,20,B,305,31,29,2,2,0.402938
book-20-p0306,20,B,306,32,29,2,2,0.553720
book-20-p0307,20,B,307,31,30,2,2,0.372569
book-20-p0308,20,B,308,32,29,3,3,0.512842
book-20-p0309,20,B,309,27,25,2,2,0.173134
book-20-p0310,20,B,310,31,28,0,0,
book-20-p0311,20,B,311,31,30,1,1,0.506102
book-20-p0312,20,B,312,32,29,0,0,
book-20-p0313,20,B,313,31,30,1,1,0.503907
book-20-p0314,20,B,314,32,29,0,0,
book-20-p0315,20,B,315,32,31,0,0,
book-20-p0316,20,B,316,33,30,1,1,0.376411
book-20-p0317,20,B,317,32,29,0,0,
book-20-p0318,20,B,318,32,29,1,1,0.512162
book-20-p0319,20,B,319,32,30,1,1,0.475717
book-20-p0320,20,B,320,32,29,3,3,0.516467
book-20-p0321,20,B,321,28,27,2,2,0.354471
book-20-p0322,20,B,322,32,29,0,0,
book-20-p0323,20,B,323,32,29,0,0,
book-20-p0324,20,B,324,32,30,1,1,0.588949
book-20-p0325,20,B,325,31,30,0,0,
book-20-p0326,20,B,326,32,29,0,0,
book-20-p0327,20,B,327,31,30,0,0,
book-20-p0328,20,B,328,32,29,1,1,0.575941
book-20-p0329,20,B,329,31,29,0,0,
book-20-p0330,20,B,330,30,27,2,2,0.566329
book-20-p0331,20,B,331,33,29,0,0,
book-20-p0332,20,B,332,32,29,0,0,
book-20-p0333,20,B,333,32,30,1,1,0.478347
book-20-p0334,20,B,334,32,29,1,1,0.517522
book-20-p0335,20,B,335,32,30,1,1,0.452647
book-20-p0336,20,B,336,32,29,1,1,0.544712
book-20-p0337,20,B,337,30,29,0,0,
book-20-p0338,20,B,338,32,29,0,0,
book-20-p0339,20,B,339,30,29,1,1,0.574552
book-20-p0340,20,B,340,32,29,1,1,0.335477
book-20-p0341,20,B,341,31,30,1,1,0.585161
book-20-p0342,20,B,342,32,29,0,0,
book-20-p0343,20,B,343,30,29,0,0,
book-20-p0344,20,B,344,32,29,0,0,
book-20-p0345,20,B,345,30,29,1,1,0.550370
book-20-p0346,20,B,346,32,29,0,0,
book-20-p0347,20,B,347,32,30,0,0,
book-20-p0348,20,B,348,30,27,0,0,
book-20-p0349,20,B,349,32,29,0,0,
book-20-p0350,20,B,350,32,29,0,0,
book-20-p0351,20,B,351,32,29,1,1,0.538194
book-20-p0352,20,B,352,32,29,0,0,
book-20-p0353,20,B,353,31,29,0,0,
book-20-p0354,20,B,354,31,29,1,1,0.515401
book-20-p0355,20,B,355,32,30,0,0,
book-20-p0356,20,B,356,30,29,0,0,
book-20-p0357,20,B,357,31,29,0,0,
book-20-p0358,20,B,358,30,28,1,2,0.500385
book-20-p0359,20,B,359,31,29,1,1,0.457401
book-20-p0360,20,B,360,32,29,0,0,
book-20-p0361,20,B,361,31,29,0,0,
book-20-p0362,20,B,362,32,29,3,3,0.234992
book-20-p0363,20,B,363,32,30,2,2,0.466483
book-20-p0364,20,B,364,33,31,1,1,0.520693
book-20-p0365,20,B,365,32,29,2,2,0.340887
book-20-p0366,20,B,366,32,29,1,1,0.449091
book-20-p0367,20,B,367,32,30,3,3,0.485918
book-20-p0368,20,B,368,31,28,0,0,
book-20-p0369,20,B,369,29,27,0,0,
book-20-p0370,20,B,370,32,29,0,0,
book-20-p0371,20,B,371,31,29,2,2,0.504331
book-20-p0372,20,B,372,32,29,0,0,
book-20-p0373,20,B,373,31,30,0,0,
book-20-p0374,20,B,374,32,29,1,1,0.587400
book-20-p0375,20,B,375,30,28,0,0,
book-20-p0376,20,B,376,31,29,4,4,0.338792
book-20-p0377,20,B,377,31,29,0,0,
book-20-p0378,20,B,378,28,26,3,3,0.215844
book-20-p0379,20,B,379,32,29,0,0,
book-20-p0380,20,B,380,32,29,0,0,
book-20-p0381,20,B,381,31,29,1,1,0.565184
book-20-p0382,20,B,382,32,29,1,1,0.567128
book-20-p0383,20,B,383,32,29,2,2,0.503432
book-20-p0384,20,B,384,32,29,0,0,
book-20-p0385,20,B,385,32,29,2,2,0.433903
book-20-p0386,20,B,386,32,29,1,1,0.530084
book-20-p0387,20,B,387,33,30,2,2,0.282573
book-20-p0388,20,B,388,32,29,2,2,0.424382
book-20-p0389,20,B,389,29,27,1,1,0.574214
book-20-p0390,20,B,390,32,29,0,0,
book-20-p0391,20,B,391,32,30,2,2,0.588486
book-20-p0392,20,B,392,32,29,0,0,
book-20-p0393,20,B,393,31,29,1,1,0.554740
book-20-p0394,20,B,394,32,29,1,1,0.513401
book-20-p0395,20,B,395,32,30,1,1,0.571431
book-20-p0396,20,B,396,32,29,0,0,
book-20-p0397,20,B,397,32,30,2,2,0.517250
book-20-p0398,20,B,398,27,24,1,1,0.456518
book-20-p0399,20,B,399,33,29,1,1,0.580129
book-20-p0400,20,B,400,32,29,1,1,0.584265
book-20-p0401,20,B,401,32,29,1,1,0.463663
book-20-p0402,20,B,402,32,29,0,0,
book-20-p0403,20,B,403,33,29,4,4,0.226194
book-20-p0404,20,B,404,32,29,0,0,
book-20-p0405,20,B,405,32,30,1,1,0.327757
book-20-p0406,20,B,406,32,29,2,2,0.357746
book-20-p0407,20,B,407,31,29,1,1,0.517110
book-20-p0408,20,B,408,30,27,1,1,0.318244
book-20-p0409,20,B,409,32,30,0,0,
book-20-p0410,20,B,410,31,29,1,1,0.587854
book-20-p0411,20,B,411,32,29,1,1,0.512395
book-20-p0412,20,B,412,32,29,1,1,0.555856
book-20-p0413,20,B,413,32,29,0,0,
book-20-p0414,20,B,414,32,29,1,1,0.301336
book-20-p0415,20,B,415,32,30,2,2,0.513107
book-20-p0416,20,B,416,32,29,0,0,
book-20-p0417,20,B,417,32,29,1,1,0.574144
book-20-p0418,20,B,418,31,28,0,0,
book-20-p0419,20,B,419,30,28,3,3,0.431055
book-20-p0420,20,B,420,31,29,0,0,
book-20-p0421,20,B,421,31,29,0,0,
book-20-p0422,20,B,422,32,30,3,3,0.326706
book-20-p0423,20,B,423,31,30,1,1,0.535367
book-20-p0424,20,B,424,32,29,3,3,0.538745
book-20-p0425,20,B,425,30,29,0,0,
book-20-p0426,20,B,426,31,29,0,0,
book-20-p0427,20,B,427,32,30,1,1,0.515844
book-20-p0428,20,B,428,32,28,1,1,0.262819
book-20-p0429,20,B,429,32,30,2,2,0.523958
book-20-p0430,20,B,430,33,30,4,4,0.303881
book-20-p0431,20,B,431,31,29,2,2,0.510632
book-20-p0432,20,B,432,32,29,0,0,
book-20-p0433,20,B,433,30,29,1,2,0.314176
book-20-p0434,20,B,434,32,29,1,1,0.557428
book-20-p0435,20,B,435,32,30,3,3,0.342253
book-20-p0436,20,B,436,32,29,1,1,0.516574
book-20-p0437,20,B,437,31,29,1,1,0.506996
book-20-p0438,20,B,438,31,28,1,1,0.562254
book-20-p0439,20,B,439,30,29,3,3,0.416192
book-20-p0440,20,B,440,31,29,3,4,0.391661
book-20-p0441,20,B,441,28,26,1,1,0.534591
book-20-p0442,20,B,442,31,29,0,0,
book-20-p0443,20,B,443,32,30,1,1,0.430927
book-20-p0444,20,B,444,32,29,2,2,0.516514
book-20-p0445,20,B,445,32,30,1,1,0.537878
book-20-p0446,20,B,446,32,29,0,0,
book-20-p0447,20,B,447,30,28,2,2,0.349666
book-20-p0448,20,B,448,32,29,1,1,0.503006
book-20-p0449,20,B,449,31,29,2,2,0.166842
book-20-p0450,20,B,450,32,29,0,0,
book-20-p0451,20,B,451,32,29,2,2,0.513100
book-20-p0452,20,B,452,32,29,2,2,0.557195
book-20-p0453,20,B,453,31,30,1,2,0.441131
book-20-p0454,20,B,454,32,29,0,0,
book-20-p0455,20,B,455,31,30,2,2,0.486366
book-20-p0456,20,B,456,29,26,1,1,0.287319
book-20-p0457,20,B,457,32,29,0,0,
book-20-p0458,20,B,458,32,29,0,0,
book-20-p0459,20,B,459,32,30,0,0,
book-20-p0460,20,B,460,32,29,2,2,0.528199
book-20-p0461,20,B,461,32,29,2,2,0.560174
book-20-p0462,20,B,462,30,27,2,2,0.569779
book-20-p0463,20,B,463,31,28,3,3,0.443980
book-20-p0464,20,B,464,32,29,0,0,
book-20-p0465,20,B,465,32,29,3,3,0.371184
book-20-p0466,20,B,466,32,29,0,0,
book-20-p0467,20,B,467,33,29,3,3,0.440646
book-20-p0468,20,B,468,32,29,1,1,0.519060
book-20-p0469,20,B,469,31,29,1,1,0.470952
book-20-p0470,20,B,470,28,25,1,1,0.548080
book-20-p0471,20,B,471,32,29,0,0,
book-20-p0472,20,B,472,32,29,0,0,
book-20-p0473,20,B,473,30,27,2,2,0.362258
book-20-p0474,20,B,474,32,29,0,0,
book-20-p0475,20,B,475,31,29,0,0,
book-20-p0476,20,B,476,32,29,2,2,0.511933
book-20-p0477,20,B,477,32,29,0,0,
book-20-p0478,20,B,478,32,29,1,1,0.543989
book-20-p0479,20,B,479,32,30,0,0,
book-20-p0480,20,B,480,32,29,0,0,
book-20-p0481,20,B,481,29,27,3,3,0.435593
book-20-p0482,20,B,482,32,29,3,3,0.364096
book-20-p0483,20,B,483,32,29,0,0,
book-20-p0484,20,B,484,32,29,1,1,0.504282
book-20-p0485,20,B,485,30,29,1,1,0.502370
book-20-p0486,20,B,486,32,29,2,2,0.302860
book-20-p0487,20,B,487,31,30,1,1,0.511139
book-20-p0488,20,B,488,32,29,0,0,
book-20-p0489,20,B,489,31,29,1,1,0.481045
book-20-p0490,20,B,490,32,29,1,1,0.351810
book-20-p0491,20,B,491,30,27,1,1,0.512295
book-20-p0492,20,B,492,31,29,1,1,0.523636
book-20-p0493,20,B,493,32,30,0,0,
book-20-p0494,20,B,494,32,30,0,0,
book-20-p0495,20,B,495,32,30,1,1,0.554231
book-20-p0496,20,B,496,31,29,2,2,0.407298
book-20-p0497,20,B,497,30,29,1,1,0.521687
book-20-p0498,20,B,498,32,29,0,0,
book-20-p0499,20,B,499,31,29,1,1,0.586212
book-20-p0500,20,B,500,29,27,4,4,0.498244
book-20-p0501,20,B,501,31,29,0,0,
book-20-p0502,20,B,502,32,30,3,3,0.512808
book-20-p0503,20,B,503,31,29,1,1,0.504022
book-20-p0504,20,B,504,32,29,2,2,0.193739
book-20-p0505,20,B,505,31,30,0,0,
book-20-p0506,20,B,506,32,29,1,1,0.543304
book-20-p0507,20,B,507,32,30,2,2,0.545466
book-20-p0508,20,B,508,32,29,1,1,0.441562
book-20-p0509,20,B,509,32,29,0,0,
book-20-p0510,20,B,510,32,29,1,1,0.519319
book-20-p0511,20,B,511,28,25,1,1,0.568919
book-20-p0512,20,B,512,31,29,1,1,0.580755
book-20-p0513,20,B,513,32,29,0,0,
book-20-p0514,20,B,514,32,29,1,1,0.536812
book-20-p0515,20,B,515,32,29,0,0,
book-20-p0516,20,B,516,32,29,0,0,
book-20-p0517,20,B,517,32,30,1,1,0.541132
book-20-p0518,20,B,518,32,29,1,1,0.538062
book-20-p0519,20,B,519,31,30,1,1,0.178394
book-20-p0520,20,B,520,32,29,1,1,0.135055
book-20-p0521,20,B,521,32,30,2,2,0.360250
book-20-p0522,20,B,522,32,29,0,0,
book-20-p0523,20,B,523,31,29,0,0,
book-20-p0524,20,B,524,32,29,3,3,0.516065
book-20-p0525,20,B,525,31,28,0,0,
book-20-p0526,20,B,526,32,29,0,0,
book-20-p0527,20,B,527,32,30,3,3,0.203639
book-20-p0528,20,B,528,32,29,0,0,
book-20-p0529,20,B,529,31,29,0,0,
book-20-p0530,20,B,530,31,29,0,0,
book-20-p0531,20,B,531,28,26,5,5,0.505714
book-20-p0532,20,B,532,31,29,2,2,0.406877
book-20-p0533,20,B,533,30,29,0,0,
book-20-p0534,20,B,534,31,29,3,3,0.460751
book-20-p0535,20,B,535,32,29,0,0,
book-20-p0536,20,B,536,31,29,0,0,
book-20-p0537,20,B,537,31,29,0,0,
book-20-p0538,20,B,538,32,29,5,5,0.179485
book-20-p0539,20,B,539,32,29,0,0,
book-20-p0540,20,B,540,30,27,2,2,0.499036
book-20-p0541,20,B,541,32,29,0,0,
book-20-p0542,20,B,542,32,29,2,2,0.490322
book-20-p0543,20,B,543,32,29,0,0,
book-20-p0544,20,B,544,32,29,1,1,0.574896
book-20-p0545,20,B,545,32,29,0,0,
book-20-p0546,20,B,546,31,29,1,1,0.539102
book-20-p0547,20,B,547,33,29,1,1,0.509129
book-20-p0548,20,B,548,32,30,0,0,
book-20-p0549,20,B,549,32,29,2,2,0.185172
book-20-p0550,20,B,550,32,30,6,6,0.387730
book-20-p0551,20,B,551,30,27,2,2,0.301705
book-20-p0552,20,B,552,31,29,1,1,0.538557
book-20-p0553,20,B,553,31,29,1,1,0.526647
book-20-p0554,20,B,554,33,29,3,3,0.388970
book-20-p0555,20,B,555,32,30,0,0,
book-20-p0556,20,B,556,32,29,2,2,0.514828
book-20-p0557,20,B,557,32,29,0,0,
book-20-p0558,20,B,558,32,29,0,0,
book-20-p0559,20,B,559,32,29,2,2,0.567428
book-20-p0560,20,B,560,32,29,1,1,0.500152
book-20-p0561,20,B,561,32,30,7,7,0.315253
book-20-p0562,20,B,562,27,25,1,1,0.567560
book-20-p0563,20,B,563,33,29,1,1,0.474403
book-20-p0564,20,B,564,32,30,0,0,
book-20-p0565,20,B,565,31,29,1,1,0.556985
book-20-p0566,20,B,566,32,30,3,3,0.535515
book-20-p0567,20,B,567,31,30,1,1,0.599614
book-20-p0568,20,B,568,32,29,2,2,0.511147
book-20-p0569,20,B,569,31,29,0,0,
book-20-p0570,20,B,570,32,29,1,1,0.505420
book-20-p0571,20,B,571,31,29,1,1,0.444988
book-20-p0572,20,B,572,32,29,2,2,0.380460
book-20-p0573,20,B,573,30,27,0,0,
book-20-p0574,20,B,574,33,30,1,1,0.536162
book-20-p0575,20,B,575,32,29,0,0,
book-20-p0576,20,B,576,32,29,3,4,0.317556
book-20-p0577,20,B,577,32,29,0,0,
book-20-p0578,20,B,578,31,30,4,5,0.532858
book-20-p0579,20,B,579,33,29,2,2,0.492769
book-20-p0580,20,B,580,31,29,1,1,0.584574
book-20-p0581,20,B,581,31,29,0,0,
book-20-p0582,20,B,582,30,27,1,1,0.553062
book-20-p0583,20,B,583,33,28,2,2,0.426546
book-20-p0584,20,B,584,32,30,0,0,
book-20-p0585,20,B,585,32,29,0,0,
book-20-p0586,20,B,586,31,30,1,1,0.570322
book-20-p0587,20,B,587,32,29,0,0,
book-20-p0588,20,B,588,32,30,0,0,
book-20-p0589,20,B,589,32,29,0,0,
book-20-p0590,20,B,590,32,30,1,1,0.511432
book-20-p0591,20,B,591,31,28,1,1,0.510648
book-20-p0592,20,B,592,31,29,0,0,
book-20-p0593,20,B,593,31,29,1,1,0.545642
book-20-p0594,20,B,594,32,30,1,1,0.334814
book-20-p0595,20,B,595,32,29,1,1,0.489613
book-20-p0596,20,B,596,34,33,5,5,0.354289
book-20-p0597,20,B,597,31,29,0,0,
book-20-p0598,20,B,598,32,30,3,3,0.284838
book-20-p0599,20,B,599,29,27,0,0,
book-20-p0600,20,B,600,32,28,0,0,
book-20-p0601,20,B,601,31,29,1,1,0.537721
book-20-p0602,20,B,602,32,30,3,3,0.498939
book-20-p0603,20,B,603,32,29,0,0,
book-20-p0604,20,B,604,32,30,3,3,0.488045
book-20-p0605,20,B,605,32,29,1,1,0.517664
book-20-p0606,20,B,606,32,30,0,0,
book-20-p0607,20,B,607,32,30,1,1,0.514469
book-20-p0608,20,B,608,32,30,2,2,0.542348
book-20-p0609,20,B,609,30,29,5,5,0.447300
book-20-p0610,20,B,610,32,30,2,2,0.522718
book-20-p0611,20,B,611,32,29,1,1,0.507546
book-20-p0612,20,B,612,32,30,1,1,0.437515
book-20-p0613,20,B,613,31,29,2,2,0.451145
book-20-p0614,20,B,614,32,30,1,1,0.512102
book-20-p0615,20,B,615,31,29,1,1,0.543650
book-20-p0616,20,B,616,32,30,4,4,0.224626
book-20-p0617,20,B,617,31,29,0,0,
book-20-p0618,20,B,618,33,29,0,0,
book-20-p0619,20,B,619,32,29,0,0,
book-20-p0620,20,B,620,30,27,6,6,0.505341
book-20-p0621,20,B,621,32,29,3,3,0.284808
book-20-p0622,20,B,622,32,30,1,1,0.533958
book-20-p0623,20,B,623,32,29,0,0,
book-20-p0624,20,B,624,32,30,0,0,
book-20-p0625,20,B,625,30,29,3,4,0.495431
book-20-p0626,20,B,626,31,30,0,0,
book-20-p0627,20,B,627,32,29,2,2,0.457830
book-20-p0628,20,B,628,33,29,1,1,0.576013
book-20-p0629,20,B,629,29,27,3,3,0.517632
book-20-p0630,20,B,630,33,31,1,1,0.555423
book-20-p0631,20,B,631,31,29,1,1,0.590895
book-20-p0632,20,B,632,32,30,4,4,0.410654
book-20-p0633,20,B,633,31,29,4,4,0.341579
book-20-p0634,20,B,634,34,31,3,4,0.463584
book-20-p0635,20,B,635,32,29,0,0,
book-20-p0636,20,B,636,32,30,1,1,0.335295
book-20-p0637,20,B,637,31,28,0,0,
book-20-p0638,20,B,638,32,29,1,1,0.590980
book-20-p0639,20,B,639,32,29,0,0,
book-20-p0640,20,B,640,32,29,3,5,0.240480
book-20-p0641,20,B,641,31,29,1,1,0.581068
book-20-p0642,20,B,642,32,30,2,2,0.498152
book-20-p0643,20,B,643,31,29,1,1,0.544182
book-20-p0644,20,B,644,32,30,0,0,
book-20-p0645,20,B,645,27,26,2,2,0.371440
book-20-p0646,20,B,646,32,30,0,0,
book-20-p0647,20,B,647,33,30,0,0,
book-20-p0648,20,B,648,32,29,0,0,
book-20-p0649,20,B,649,31,29,0,0,
book-20-p0650,20,B,650,32,30,1,1,0.517780
book-20-p0651,20,B,651,32,29,4,4,0.443137
book-20-p0652,20,B,652,32,29,1,1,0.515229
book-20-p0653,20,B,653,32,29,1,1,0.570612
book-20-p0654,20,B,654,28,26,1,1,0.494770
book-20-p0655,20,B,655,31,28,2,2,0.509655
book-20-p0656,20,B,656,32,29,1,1,0.524728
book-20-p0657,20,B,657,31,29,0,0,
book-20-p0658,20,B,658,31,30,3,3,0.498346
book-20-p0659,20,B,659,31,29,1,1,0.515054
book-20-p0660,20,B,660,31,29,3,3,0.274241
book-20-p0661,20,B,661,30,29,1,1,0.429389
book-20-p0662,20,B,662,33,31,3,3,0.423966
book-20-p0663,20,B,663,32,29,0,0,
book-20-p0664,20,B,664,33,30,0,0,
book-20-p0665,20,B,665,31,29,2,2,0.487411
book-20-p0666,20,B,666,32,29,1,1,0.516376
book-20-p0667,20,B,667,32,30,1,1,0.535947
book-20-p0668,20,B,668,32,29,1,1,0.538787
book-20-p0669,20,B,669,32,29,1,1,0.510411
book-20-p0670,20,B,670,32,29,4,4,0.411387
book-20-p0671,20,B,671,30,28,0,0,
book-20-p0672,20,B,672,32,29,0,0,
book-20-p0673,20,B,673,30,29,1,1,0.562802
book-20-p0674,20,B,674,32,30,2,2,0.552776
book-20-p0675,20,B,675,32,29,0,0,
book-20-p0676,20,B,676,32,30,4,4,0.356652
book-20-p0677,20,B,677,31,29,3,3,0.374844
book-20-p0678,20,B,678,32,29,1,2,0.242866
book-20-p0679,20,B,679,31,29,1,1,0.553319
book-20-p0680,20,B,680,32,29,2,2,0.440586
book-20-p0681,20,B,681,29,28,2,2,0.406118
book-20-p0682,20,B,682,32,30,1,1,0.582309
book-20-p0683,20,B,683,31,29,2,2,0.508351
book-20-p0684,20,B,684,32,29,1,1,0.519893
book-20-p0685,20,B,685,32,29,1,1,0.525279
book-20-p0686,20,B,686,32,30,2,2,0.392514
book-20-p0687,20,B,687,31,29,0,0,
book-20-p0688,20,B,688,32,30,0,0,
book-20-p0689,20,B,689,31,29,1,1,0.446467
book-20-p0690,20,B,690,32,30,1,1,0.585699
book-20-p0691,20,B,691,31,28,2,2,0.348141
book-20-p0692,20,B,692,33,30,2,2,0.512404
book-20-p0693,20,B,693,30,29,1,1,0.498814
book-20-p0694,20,B,694,31,29,1,1,0.598689
book-20-p0695,20,B,695,31,29,2,2,0.564307
book-20-p0696,20,B,696,32,30,3,3,0.249587
book-20-p0697,20,B,697,30,29,0,0,
book-20-p0698,20,B,698,32,30,1,1,0.334240
book-20-p0699,20,B,699,32,29,1,1,0.529666
book-20-p0700,20,B,700,30,27,1,1,0.516333
book-20-p0701,20,B,701,31,29,1,1,0.559460
book-20-p0702,20,B,702,32,30,1,1,0.344964
book-20-p0703,20,B,703,31,29,2,2,0.540234
book-20-p0704,20,B,704,32,30,1,1,0.375187
book-20-p0705,20,B,705,30,29,0,0,
book-20-p0706,20,B,706,32,30,5,5,0.386625
book-20-p0707,20,B,707,30,29,1,1,0.364442
book-20-p0708,20,B,708,32,30,0,0,
book-20-p0709,20,B,709,30,29,1,1,0.398674
book-20-p0710,20,B,710,29,28,1,1,0.428994
book-20-p0711,20,B,711,32,29,3,3,0.518061
book-20-p0712,20,B,712,32,29,2,2,0.318713
book-20-p0713,20,B,713,32,29,1,1,0.319213
book-20-p0714,20,B,714,30,27,1,1,0.557287
book-20-p0715,20,B,715,32,29,4,4,0.396700
book-20-p0716,20,B,716,33,30,1,1,0.523076
book-20-p0717,20,B,717,31,29,0,0,
book-20-p0718,20,B,718,32,30,1,1,0.554622
book-20-p0719,20,B,719,32,29,1,1,0.550032
book-20-p0720,20,B,720,32,30,1,1,0.578462
book-20-p0721,20,B,721,31,29,1,1,0.530025
book-20-p0722,20,B,722,33,31,1,1,0.517241
book-20-p0723,20,B,723,33,30,2,2,0.360522
book-20-p0724,20,B,724,32,30,5,6,0.254173
book-20-p0725,20,B,725,32,30,3,3,0.309174
book-20-p0726,20,B,726,32,29,1,1,0.590835
book-20-p0727,20,B,727,32,29,1,1,0.576388
book-20-p0728,20,B,728,32,30,1,2,0.248220
book-20-p0729,20,B,729,32,29,3,3,0.499989
book-20-p0730,20,B,730,31,29,2,2,0.177889
book-20-p0731,20,B,731,32,29,3,3,0.513442
book-20-p0732,20,B,732,30,28,2,2,0.302909
book-20-p0733,20,B,733,30,29,1,1,0.537521
book-20-p0734,20,B,734,32,30,1,1,0.262633
book-20-p0735,20,B,735,30,29,0,0,
book-20-p0736,20,B,736,32,30,4,4,0.375662
book-20-p0737,20,B,737,30,29,4,4,0.340918
book-20-p0738,20,B,738,32,30,0,0,
book-20-p0739,20,B,739,31,29,0,0,
book-20-p0740,20,B,740,32,30,1,1,0.381145
book-20-p0741,20,B,741,30,29,3,3,0.302989
book-20-p0742,20,B,742,29,28,3,3,0.417257
book-20-p0743,20,B,743,32,30,2,2,0.576065
book-20-p0744,20,B,744,32,31,0,0,
book-20-p0745,20,B,745,32,29,2,2,0.385686
book-20-p0746,20,B,746,30,29,0,0,
book-20-p0747,20,B,747,32,29,1,1,0.507340
book-20-p0748,20,B,748,31,30,3,3,0.475350
book-20-p0749,20,B,749,31,29,3,3,0.507989
book-20-p0750,20,B,750,32,30,2,2,0.322483
book-20-p0751,20,B,751,32,29,0,0,
book-20-p0752,20,B,752,27,26,3,4,0.286002
book-20-p0753,20,B,753,31,29,2,2,0.438516
book-20-p0754,20,B,754,32,30,3,3,0.513900
book-20-p0755,20,B,755,31,29,1,1,0.571256
book-20-p0756,20,B,756,32,30,2,2,0.363917
book-20-p0757,20,B,757,30,29,0,0,
book-20-p0758,20,B,758,32,30,1,1,0.316233
book-20-p0759,20,B,759,32,30,2,2,0.516308
book-20-p0760,20,B,760,33,30,2,2,0.451433
book-20-p0761,20,B,761,32,29,1,1,0.285609
book-20-p0762,20,B,762,30,29,0,0,
book-20-p0763,20,B,763,32,29,2,2,0.541418
book-20-p0764,20,B,764,32,29,3,3,0.535276
book-20-p0765,20,B,765,32,29,5,5,0.316599
book-20-p0766,20,B,766,33,32,8,10,0.363701
book-20-p0767,20,B,767,32,29,2,2,0.518029
book-20-p0768,20,B,768,32,30,1,1,0.515428
book-20-p0769,20,B,769,31,29,0,0,
book-20-p0770,20,B,770,31,29,5,5,0.422856
book-20-p0771,20,B,771,32,29,2,2,0.537936
book-20-p0772,20,B,772,33,31,2,2,0.388709
book-20-p0773,20,B,773,31,29,0,0,
book-20-p0774,20,B,774,28,27,8,8,0.409830
book-20-p0775,20,B,775,31,29,4,5,0.417596
book-20-p0776,20,B,776,31,30,1,1,0.288748
book-20-p0777,20,B,777,31,29,0,0,
book-20-p0778,20,B,778,32,30,10,10,0.256135
book-20-p0779,20,B,779,32,29,2,2,0.533156
book-20-p0780,20,B,780,31,30,0,0,
book-20-p0781,20,B,781,31,29,1,1,0.517999
book-20-p0782,20,B,782,31,29,3,3,0.299780
book-20-p0783,20,B,783,32,29,3,3,0.478976
book-20-p0784,20,B,784,32,30,5,6,0.296697
book-20-p0785,20,B,785,32,29,1,1,0.578418
book-20-p0786,20,B,786,28,27,4,4,0.340055
book-20-p0787,20,B,787,32,29,4,4,0.507088
book-20-p0788,20,B,788,32,29,1,1,0.415045
book-20-p0789,20,B,789,31,29,1,1,0.557009
book-20-p0790,20,B,790,31,30,7,7,0.388266
book-20-p0791,20,B,791,32,29,3,3,0.558473
book-20-p0792,20,B,792,30,27,1,1,0.559424
book-20-p0793,20,B,793,32,29,0,0,
book-20-p0794,20,B,794,31,29,3,4,0.489291
book-20-p0795,20,B,795,32,29,1,1,0.595399
book-20-p0796,20,B,796,32,30,2,2,0.502803
book-20-p0797,20,B,797,32,29,2,2,0.409512
book-20-p0798,20,B,798,32,30,2,2,0.564886
book-20-p0799,20,B,799,32,29,2,2,0.517432
book-20-p0800,20,B,800,28,27,2,2,0.586321
book-20-p0801,20,B,801,32,30,4,5,0.339655
book-20-p0802,20,B,802,33,30,2,2,0.332377
book-20-p0803,20,B,803,33,30,3,3,0.221015
book-20-p0804,20,B,804,32,30,2,2,0.550389
book-20-p0805,20,B,805,32,29,2,2,0.447087
book-20-p0806,20,B,806,31,29,1,1,0.572471
book-20-p0807,20,B,807,31,29,1,1,0.566564
book-20-p0808,20,B,808,30,28,2,2,0.467402
book-20-p0809,20,B,809,32,29,2,3,0.543729
book-20-p0810,20,B,810,31,30,2,2,0.408649
book-20-p0811,20,B,811,32,29,0,0,
book-20-p0812,20,B,812,32,29,0,0,
book-20-p0813,20,B,813,31,29,2,2,0.219386
book-20-p0814,20,B,814,32,30,1,1,0.551608
book-20-p0815,20,B,815,32,29,0,0,
book-20-p0816,20,B,816,32,29,4,4,0.329943
book-20-p0817,20,B,817,29,27,5,5,0.363946
book-20-p0818,20,B,818,32,29,3,3,0.487450
book-20-p0819,20,B,819,32,30,2,2,0.291651
book-20-p0820,20,B,820,32,30,2,3,0.517389
book-20-p0821,20,B,821,32,30,3,3,0.298489
book-20-p0822,20,B,822,32,30,1,1,0.341722
book-20-p0823,20,B,823,32,30,1,1,0.579417
book-20-p0824,20,B,824,32,29,2,2,0.386969
book-20-p0825,20,B,825,32,29,2,2,0.441298
book-20-p0826,20,B,826,32,29,2,2,0.541407
book-20-p0827,20,B,827,32,29,2,2,0.533968
book-20-p0828,20,B,828,32,29,1,1,0.596710
book-20-p0829,20,B,829,32,29,0,0,
book-20-p0830,20,B,830,32,30,6,6,0.494716
book-20-p0831,20,B,831,32,29,2,2,0.543790
book-20-p0832,20,B,832,32,30,0,0,
book-20-p0833,20,B,833,32,29,2,2,0.439304
book-20-p0834,20,B,834,32,29,5,5,0.290010
book-20-p0835,20,B,835,30,27,1,1,0.547038
book-20-p0836,20,B,836,33,29,0,0,
book-20-p0837,20,B,837,32,29,0,0,
book-20-p0838,20,B,838,32,29,0,0,
book-20-p0839,20,B,839,32,30,1,1,0.509654
book-20-p0840,20,B,840,32,29,0,0,
book-20-p0841,20,B,841,32,29,1,1,0.503861
book-20-p0842,20,B,842,31,30,2,2,0.587670
book-20-p0843,20,B,843,32,30,0,0,
book-20-p0844,20,B,844,32,30,0,0,
book-20-p0845,20,B,845,32,29,1,1,0.446998
book-20-p0846,20,B,846,33,31,3,3,0.505445
book-20-p0847,20,B,847,32,29,0,0,
book-20-p0848,20,B,848,32,29,0,0,
book-20-p0849,20,B,849,31,29,0,0,
book-20-p0850,20,B,850,31,29,1,1,0.466248
book-20-p0851,20,B,851,31,29,1,1,0.557482
book-20-p0852,20,B,852,33,30,1,1,0.519063
book-20-p0853,20,B,853,31,29,0,0,
book-20-p0854,20,B,854,31,29,3,3,0.465839
book-20-p0855,20,B,855,32,29,0,0,
book-20-p0856,20,B,856,32,29,0,0,
book-20-p0857,20,B,857,32,29,1,1,0.531566
book-20-p0858,20,B,858,32,30,0,0,
book-20-p0859,20,B,859,31,29,0,0,
book-20-p0860,20,B,860,32,30,0,0,
book-20-p0861,20,B,861,30,28,2,3,0.262974
book-20-p0862,20,B,862,31,30,2,3,0.494118
book-20-p0863,20,B,863,32,29,1,1,0.288147
book-20-p0864,20,B,864,33,31,0,0,
book-20-p0865,20,B,865,31,29,1,2,0.488762
book-20-p0866,20,B,866,32,29,1,1,0.223826
book-20-p0867,20,B,867,31,29,1,1,0.491054
book-20-p0868,20,B,868,32,30,1,1,0.495799
book-20-p0869,20,B,869,31,29,1,1,0.567049
book-20-p0870,20,B,870,32,30,3,3,0.456997
book-20-p0871,20,B,871,32,29,1,1,0.578020
book-20-p0872,20,B,872,30,27,0,0,
book-20-p0873,20,B,873,32,30,2,2,0.396848
book-20-p0874,20,B,874,31,29,3,3,0.220396
book-20-p0875,20,B,875,32,29,2,2,0.305848
book-20-p0876,20,B,876,31,29,2,2,0.513888
book-20-p0877,20,B,877,32,29,1,1,0.478804
book-20-p0878,20,B,878,33,31,1,1,0.350309
book-20-p0879,20,B,879,32,29,0,0,
book-20-p0880,20,B,880,32,30,1,1,0.516187
book-20-p0881,20,B,881,32,29,0,0,
book-20-p0882,20,B,882,29,27,1,1,0.496995
book-20-p0883,20,B,883,37,30,6,6,0.432234
book-20-p0884,20,B,884,33,29,1,1,0.370987
book-20-p0885,20,B,885,32,29,2,2,0.270408
book-20-p0886,20,B,886,32,30,1,1,0.425726
book-20-p0887,20,B,887,32,29,0,0,
book-20-p0888,20,B,888,32,30,2,2,0.593636
book-20-p0889,20,B,889,32,29,0,0,
book-20-p0890,20,B,890,32,29,3,3,0.402267
book-20-p0891,20,B,891,30,27,2,2,0.494365
book-20-p0892,20,B,892,32,30,1,1,0.502117
book-20-p0893,20,B,893,32,29,5,5,0.455163
book-20-p0894,20,B,894,32,30,3,3,0.276029
book-20-p0895,20,B,895,32,29,5,5,0.353085
book-20-p0896,20,B,896,31,29,1,1,0.425512
book-20-p0897,20,B,897,32,29,1,1,0.539157
book-20-p0898,20,B,898,33,30,3,3,0.172422
book-20-p0899,20,B,899,30,27,2,2,0.434560
book-20-p0900,20,B,900,32,30,0,0,
book-20-p0901,20,B,901,32,29,0,0,
book-20-p0902,20,B,902,32,30,1,1,0.302535
book-20-p0903,20,B,903,32,29,3,3,0.519631
book-20-p0904,20,B,904,33,31,1,1,0.447319
book-20-p0905,20,B,905,32,29,0,0,
book-20-p0906,20,B,906,30,29,2,2,0.404551
book-20-p0907,20,B,907,0,0,0,0,
book-20-p0908,20,B,908,0,0,0,0,
book-20-p0909,20,B,909,0,0,0,0,
book-20-p0910,20,B,910,0,0,0,0,
book-20-p0911,20,B,911,0,0,0,0,
book-20-p0912,20,B,912,0,0,0,0,
book-20-p0913,20,B,913,0,0,0,0,
book-20-p0914,20,B,914,0,0,0,0,
book-20-p0915,20,B,915,0,0,0,0,
book-20-p0916,20,B,916,0,0,0,0,
book-20-p0917,20,B,917,0,0,0,0,
book-20-p0918,20,B,918,0,0,0,0,
book-20-p0919,20,B,919,0,0,0,0,
book-20-p0920,20,B,920,0,0,0,0,
book-20-p0921,20,B,921,0,0,0,0,
book-20-p0922,20,B,922,0,0,0,0,
book-20-p0923,20,B,923,28,26,1,1,0.579544
book-20-p0924,20,B,924,32,30,1,1,0.394465
book-20-p0925,20,B,925,32,29,0,0,
book-20-p0926,20,B,926,32,30,2,2,0.376944
book-20-p0927,20,B,927,32,29,0,0,
book-20-p0928,20,B,928,32,29,2,3,0.429986
book-20-p0929,20,B,929,32,29,3,3,0.343779
book-20-p0930,20,B,930,32,30,0,0,
book-20-p0931,20,B,931,29,26,2,2,0.532125
book-20-p0932,20,B,932,33,29,3,3,0.332075
book-20-p0933,20,B,933,32,29,2,2,0.577420
book-20-p0934,20,B,934,32,29,2,2,0.557859
book-20-p0935,20,B,935,32,29,1,1,0.565246
book-20-p0936,20,B,936,32,30,3,3,0.350508
book-20-p0937,20,B,937,32,29,2,2,0.456962
book-20-p0938,20,B,938,32,29,1,1,0.516761
book-20-p0939,20,B,939,32,29,4,4,0.477738
book-20-p0940,20,B,940,28,26,5,6,0.397320
book-20-p0941,20,B,941,32,29,11,11,0.224619
book-20-p0942,20,B,942,32,29,4,4,0.192989
book-20-p0943,20,B,943,32,29,11,12,0.139153
book-20-p0944,20,B,944,33,29,11,11,0.246761
book-20-p0945,20,B,945,33,29,3,3,0.497772
book-20-p0946,20,B,946,32,29,1,1,0.562645
book-20-p0947,20,B,947,30,28,0,0,
book-20-p0948,20,B,948,33,28,3,3,0.302486
book-20-p0949,20,B,949,32,29,3,3,0.395649
book-20-p0950,20,B,950,31,29,2,2,0.528524
book-20-p0951,20,B,951,32,29,0,0,
book-20-p0952,20,B,952,32,30,3,4,0.364212
book-20-p0953,20,B,953,32,29,5,5,0.473523
book-20-p0954,20,B,954,32,30,1,1,0.232234
book-20-p0955,20,B,955,29,26,1,1,0.559629
book-20-p0956,20,B,956,31,29,2,2,0.535877
book-20-p0957,20,B,957,32,30,1,1,0.497632
book-20-p0958,20,B,958,32,30,0,0,
book-20-p0959,20,B,959,32,29,3,3,0.321264
book-20-p0960,20,B,960,31,29,1,1,0.591158
book-20-p0961,20,B,961,31,29,1,1,0.430164
book-20-p0962,20,B,962,32,29,3,3,0.432188
book-20-p0963,20,B,963,32,29,0,0,
book-20-p0964,20,B,964,33,30,2,2,0.360319
book-20-p0965,20,B,965,29,26,1,1,0.532780
book-20-p0966,20,B,966,32,30,1,1,0.576307
book-20-p0967,20,B,967,32,29,1,1,0.540758
book-20-p0968,20,B,968,33,29,2,2,0.408096
book-20-p0969,20,B,969,32,30,3,3,0.279655
book-20-p0970,20,B,970,32,29,1,1,0.534355
book-20-p0971,20,B,971,32,29,3,3,0.562110
book-20-p0972,20,B,972,31,30,1,1,0.590468
book-20-p0973,20,B,973,32,29,1,1,0.446928
book-20-p0974,20,B,974,30,28,2,3,0.352263
book-20-p0975,20,B,975,32,29,1,1,0.447018
book-20-p0976,20,B,976,32,30,4,5,0.390997
book-20-p0977,20,B,977,32,30,4,5,0.356229
book-20-p0978,20,B,978,33,32,1,1,0.382441
book-20-p0979,20,B,979,31,29,0,0,
book-20-p0980,20,B,980,33,29,0,0,
book-20-p0981,20,B,981,30,27,0,0,
book-20-p0982,20,B,982,32,30,0,0,
book-20-p0983,20,B,983,32,29,0,0,
book-20-p0984,20,B,984,32,29,1,1,0.593525
book-20-p0985,20,B,985,32,29,0,0,
book-20-p0986,20,B,986,32,30,0,0,
book-20-p0987,20,B,987,31,29,1,1,0.347136
book-20-p0988,20,B,988,31,28,3,3,0.257876
book-20-p0989,20,B,989,31,29,0,0,
book-20-p0990,20,B,990,32,30,1,1,0.594629
book-20-p0991,20,B,991,31,30,1,1,0.523106
book-20-p0992,20,B,992,32,30,1,1,0.532032
book-20-p0993,20,B,993,31,30,1,1,0.571983
book-20-p0994,20,B,994,30,27,0,0,
book-20-p0995,20,B,995,29,28,3,3,0.505674
book-20-p0996,20,B,996,32,29,0,0,
book-20-p0997,20,B,997,32,31,0,0,
book-20-p0998,20,B,998,32,29,2,2,0.474681
book-20-p0999,20,B,999,31,29,2,2,0.207036
book-20-p1000,20,B,1000,32,30,1,1,0.563745
book-20-p1001,20,B,1001,31,29,0,0,
book-20-p1002,20,B,1002,31,27,2,2,0.523462
book-20-p1003,20,B,1003,31,29,0,0,
book-20-p1004,20,B,1004,32,29,0,0,
book-20-p1005,20,B,1005,30,29,2,2,0.309163
book-20-p1006,20,B,1006,32,29,0,0,
book-20-p1007,20,B,1007,31,30,1,1,0.548726
book-20-p1008,20,B,1008,32,29,0,0,
book-20-p1009,20,B,1009,31,30,0,0,
book-20-p1010,20,B,1010,32,29,1,1,0.562845
book-20-p1011,20,B,1011,30,28,1,1,0.548440
book-20-p1012,20,B,1012,31,29,2,2,0.490443
book-20-p1013,20,B,1013,32,30,1,1,0.527900
book-20-p1014,20,B,1014,32,29,2,2,0.530992
book-20-p1015,20,B,1015,32,29,1,1,0.305076
book-20-p1016,20,B,1016,32,29,0,0,
book-20-p1017,20,B,1017,32,29,0,0,
book-20-p1018,20,B,1018,32,29,2,2,0.494103
book-20-p1019,20,B,1019,32,29,2,2,0.437292
book-20-p1020,20,B,1020,34,31,2,2,0.349259
book-20-p1021,20,B,1021,31,28,1,1,0.547435
book-20-p1022,20,B,1022,32,29,1,1,0.586139
book-20-p1023,20,B,1023,32,30,0,0,
book-20-p1024,20,B,1024,33,29,2,2,0.555476
book-20-p1025,20,B,1025,32,30,1,1,0.561821
book-20-p1026,20,B,1026,32,29,0,0,
book-20-p1027,20,B,1027,32,29,0,0,
book-20-p1028,20,B,1028,32,29,0,0,
book-20-p1029,20,B,1029,31,29,0,0,
book-20-p1030,20,B,1030,33,30,4,4,0.148597
book-20-p1031,20,B,1031,32,30,1,1,0.583945
book-20-p1032,20,B,1032,29,27,4,4,0.291788
book-20-p1033,20,B,1033,32,31,0,0,
book-20-p1034,20,B,1034,32,29,1,1,0.401943
book-20-p1035,20,B,1035,30,29,1,1,0.529408
book-20-p1036,20,B,1036,32,30,1,1,0.590192
book-20-p1037,20,B,1037,33,30,0,0,
book-20-p1038,20,B,1038,32,29,1,1,0.575083
book-20-p1039,20,B,1039,30,29,0,0,
book-20-p1040,20,B,1040,33,29,0,0,
book-20-p1041,20,B,1041,28,27,2,2,0.533982
book-20-p1042,20,B,1042,32,29,0,0,
book-20-p1043,20,B,1043,31,29,1,1,0.598569
book-20-p1044,20,B,1044,32,29,2,2,0.510456
book-20-p1045,20,B,1045,32,30,0,0,
book-20-p1046,20,B,1046,32,29,0,0,
book-20-p1047,20,B,1047,31,29,2,2,0.535863
book-20-p1048,20,B,1048,32,30,0,0,
book-20-p1049,20,B,1049,31,29,0,0,
book-20-p1050,20,B,1050,32,29,1,1,0.557107
book-20-p1051,20,B,1051,30,29,1,1,0.550510
book-20-p1052,20,B,1052,29,28,0,0,
book-20-p1053,20,B,1053,31,30,2,2,0.393655
book-20-p1054,20,B,1054,32,29,3,3,0.226458
book-20-p1055,20,B,1055,31,29,0,0,
book-20-p1056,20,B,1056,32,30,0,0,
book-20-p1057,20,B,1057,32,31,2,2,0.528126
book-20-p1058,20,B,1058,33,29,2,2,0.340926
book-20-p1059,20,B,1059,31,29,0,0,
book-20-p1060,20,B,1060,31,28,1,1,0.351988
book-20-p1061,20,B,1061,32,30,0,0,
book-20-p1062,20,B,1062,32,29,3,3,0.416988
book-20-p1063,20,B,1063,31,29,2,2,0.479010
book-20-p1064,20,B,1064,32,29,0,0,
book-20-p1065,20,B,1065,32,30,2,2,0.379529
book-20-p1066,20,B,1066,32,29,0,0,
book-20-p1067,20,B,1067,30,29,2,2,0.280941
book-20-p1068,20,B,1068,32,29,1,1,0.527664
book-20-p1069,20,B,1069,31,30,4,5,0.192818
book-20-p1070,20,B,1070,28,26,1,1,0.551901
book-20-p1071,20,B,1071,30,29,0,0,
book-20-p1072,20,B,1072,32,29,1,1,0.587515
book-20-p1073,20,B,1073,32,31,1,1,0.509876
book-20-p1074,20,B,1074,32,29,2,2,0.131202
book-20-p1075,20,B,1075,0,0,0,0,
book-20-p1076,20,B,1076,0,0,0,0,
book-20-p1077,20,B,1077,0,0,0,0,
book-20-p1078,20,B,1078,0,0,0,0,
book-20-p1079,20,B,1079,32,30,0,0,
book-20-p1080,20,B,1080,32,29,1,1,0.211735
book-20-p1081,20,B,1081,31,29,2,2,0.235839
book-20-p1082,20,B,1082,32,29,0,0,
book-20-p1083,20,B,1083,31,29,2,2,0.509587
book-20-p1084,20,B,1084,32,29,0,0,
book-20-p1085,20,B,1085,31,29,0,0,
book-20-p1086,20,B,1086,33,30,0,0,
book-20-p1087,20,B,1087,31,30,3,3,0.339419
book-20-p1088,20,B,1088,32,29,1,1,0.593140
book-20-p1089,20,B,1089,31,29,2,2,0.491399
book-20-p1090,20,B,1090,32,29,2,2,0.542792
book-20-p1091,20,B,1091,32,29,0,0,
book-20-p1092,20,B,1092,32,29,0,0,
book-20-p1093,20,B,1093,32,30,0,0,
book-20-p1094,20,B,1094,32,29,0,0,
book-20-p1095,20,B,1095,28,27,0,0,
book-20-p1096,20,B,1096,32,29,1,1,0.597830
book-20-p1097,20,B,1097,30,29,0,0,
book-20-p1098,20,B,1098,32,29,0,0,
book-20-p1099,20,B,1099,11,6,1,1,0.595645
book-20-p1100,20,B,1100,22,19,1,2,0.399480
book-20-p1101,20,B,1101,0,0,0,0,
book-20-p1102,20,B,1102,0,0,0,0,
book-20-p1103,20,B,1103,0,0,0,0,
book-20-p1104,20,B,1104,0,0,0,0,
book-20-p1105,20,B,1105,0,0,0,0,
book-20-p1106,20,B,1106,0,0,0,0,
book-20-p1107,20,B,1107,0,0,0,0,
book-20-p1108,20,B,1108,0,0,0,0,
book-20-p1109,20,B,1109,0,0,0,0,
book-20-p1110,20,B,1110,0,0,0,0,
book-21-p0001,21,B,1,8,6,3,7,0.201081
book-21-p0002,21,B,2,36,35,20,35,0.225419
book-21-p0003,21,B,3,1,1,0,0,
book-21-p0004,21,B,4,0,0,0,0,
book-21-p0005,21,B,5,0,0,0,0,
book-21-p0006,21,B,6,0,0,0,0,
book-21-p0007,21,B,7,0,0,0,0,
book-21-p0008,21,B,8,0,0,0,0,
book-21-p0009,21,B,9,0,0,0,0,
book-21-p0010,21,B,10,0,0,0,0,
book-21-p0011,21,B,11,0,0,0,0,
book-21-p0012,21,B,12,0,0,0,0,
book-21-p0013,21,B,13,16,13,3,3,0.361735
book-21-p0014,21,B,14,0,0,0,0,
book-21-p0015,21,B,15,14,14,2,2,0.346150
book-21-p0016,21,B,16,21,19,0,0,
book-21-p0017,21,B,17,20,19,0,0,
book-21-p0018,21,B,18,20,19,3,3,0.317349
book-21-p0019,21,B,19,21,20,4,4,0.249726
book-21-p0020,21,B,20,26,24,0,0,
book-21-p0021,21,B,21,28,26,0,0,
book-21-p0022,21,B,22,25,23,0,0,
book-21-p0023,21,B,23,29,27,0,0,
book-21-p0024,21,B,24,26,23,1,1,0.572535
book-21-p0025,21,B,25,25,23,0,0,
book-21-p0026,21,B,26,25,23,0,0,
book-21-p0027,21,B,27,24,23,0,0,
book-21-p0028,21,B,28,26,24,2,2,0.294220
book-21-p0029,21,B,29,28,25,0,0,
book-21-p0030,21,B,30,25,23,0,0,
book-21-p0031,21,B,31,25,23,0,0,
book-21-p0032,21,B,32,25,23,0,0,
book-21-p0033,21,B,33,28,25,0,0,
book-21-p0034,21,B,34,27,25,0,0,
book-21-p0035,21,B,35,25,23,1,1,0.366566
book-21-p0036,21,B,36,27,25,2,2,0.411402
book-21-p0037,21,B,37,25,22,2,2,0.348577
book-21-p0038,21,B,38,25,23,0,0,
book-21-p0039,21,B,39,24,22,1,1,0.564005
book-21-p0040,21,B,40,9,7,0,0,
book-21-p0041,21,B,41,23,20,1,1,0.564244
book-21-p0042,21,B,42,12,9,1,1,0.479003
book-21-p0043,21,B,43,20,19,2,2,0.332870
book-21-p0044,21,B,44,31,29,0,0,
book-21-p0045,21,B,45,33,30,1,1,0.454011
book-21-p0046,21,B,46,31,29,0,0,
book-21-p0047,21,B,47,31,29,2,2,0.508520
book-21-p0048,21,B,48,31,29,2,2,0.421083
book-21-p0049,21,B,49,32,29,0,0,
book-21-p0050,21,B,50,31,29,0,0,
book-21-p0051,21,B,51,28,26,1,1,0.561502
book-21-p0052,21,B,52,31,29,3,3,0.508034
book-21-p0053,21,B,53,30,28,2,2,0.404491
book-21-p0054,21,B,54,31,29,1,2,0.510988
book-21-p0055,21,B,55,31,29,0,0,
book-21-p0056,21,B,56,31,29,1,1,0.565633
book-21-p0057,21,B,57,31,29,1,1,0.507718
book-21-p0058,21,B,58,31,29,0,0,
book-21-p0059,21,B,59,30,29,0,0,
book-21-p0060,21,B,60,28,26,3,4,0.341260
book-21-p0061,21,B,61,33,29,4,4,0.542031
book-21-p0062,21,B,62,31,29,0,0,
book-21-p0063,21,B,63,31,29,2,2,0.508387
book-21-p0064,21,B,64,31,29,0,0,
book-21-p0065,21,B,65,32,29,0,0,
book-21-p0066,21,B,66,31,29,0,0,
book-21-p0067,21,B,67,30,27,1,1,0.343880
book-21-p0068,21,B,68,31,29,2,3,0.510326
book-21-p0069,21,B,69,31,29,3,3,0.514880
book-21-p0070,21,B,70,31,29,1,1,0.553002
book-21-p0071,21,B,71,31,29,0,0,
book-21-p0072,21,B,72,30,28,3,3,0.495154
book-21-p0073,21,B,73,32,29,3,3,0.515908
book-21-p0074,21,B,74,31,30,0,0,
book-21-p0075,21,B,75,31,29,2,2,0.520083
book-21-p0076,21,B,76,31,29,0,0,
book-21-p0077,21,B,77,32,29,2,2,0.552006
book-21-p0078,21,B,78,31,29,2,2,0.351347
book-21-p0079,21,B,79,31,29,0,0,
book-21-p0080,21,B,80,29,27,2,2,0.351921
book-21-p0081,21,B,81,31,29,1,1,0.528681
book-21-p0082,21,B,82,31,29,0,0,
book-21-p0083,21,B,83,30,29,0,0,
book-21-p0084,21,B,84,31,29,0,0,
book-21-p0085,21,B,85,31,29,0,0,
book-21-p0086,21,B,86,31,29,0,0,
book-21-p0087,21,B,87,32,29,0,0,
book-21-p0088,21,B,88,28,26,0,0,
book-21-p0089,21,B,89,31,29,0,0,
book-21-p0090,21,B,90,31,29,0,0,
book-21-p0091,21,B,91,32,29,2,2,0.346518
book-21-p0092,21,B,92,31,29,1,1,0.442384
book-21-p0093,21,B,93,32,29,1,1,0.520348
book-21-p0094,21,B,94,30,28,0,0,
book-21-p0095,21,B,95,31,28,1,1,0.486261
book-21-p0096,21,B,96,31,30,0,0,
book-21-p0097,21,B,97,32,29,0,0,
book-21-p0098,21,B,98,30,29,0,0,
book-21-p0099,21,B,99,30,29,1,1,0.359269
book-21-p0100,21,B,100,31,29,0,0,
book-21-p0101,21,B,101,32,29,1,1,0.546296
book-21-p0102,21,B,102,31,29,1,1,0.587479
book-21-p0103,21,B,103,31,29,0,0,
book-21-p0104,21,B,104,31,29,1,1,0.595203
book-21-p0105,21,B,105,31,29,1,1,0.506064
book-21-p0106,21,B,106,31,29,0,0,
book-21-p0107,21,B,107,30,27,0,0,
book-21-p0108,21,B,108,31,29,1,1,0.534122
book-21-p0109,21,B,109,32,29,0,0,
book-21-p0110,21,B,110,29,27,0,0,
book-21-p0111,21,B,111,32,28,0,0,
book-21-p0112,21,B,112,31,30,0,0,
book-21-p0113,21,B,113,32,29,1,1,0.561756
book-21-p0114,21,B,114,31,29,1,1,0.523375
book-21-p0115,21,B,115,31,30,0,0,
book-21-p0116,21,B,116,31,29,2,2,0.520737
book-21-p0117,21,B,117,32,30,1,1,0.597010
book-21-p0118,21,B,118,31,29,1,1,0.551134
book-21-p0119,21,B,119,32,29,0,0,
book-21-p0120,21,B,120,31,29,0,0,
book-21-p0121,21,B,121,32,29,3,4,0.181169
book-21-p0122,21,B,122,31,30,2,2,0.538243
book-21-p0123,21,B,123,31,30,1,1,0.458845
book-21-p0124,21,B,124,31,29,0,0,
book-21-p0125,21,B,125,31,29,0,0,
book-21-p0126,21,B,126,31,30,0,0,
book-21-p0127,21,B,127,31,29,1,1,0.567695
book-21-p0128,21,B,128,31,29,0,0,
book-21-p0129,21,B,129,30,29,2,2,0.238474
book-21-p0130,21,B,130,31,29,1,1,0.506685
book-21-p0131,21,B,131,25,24,1,1,0.511638
book-21-p0132,21,B,132,28,27,0,0,
book-21-p0133,21,B,133,32,29,0,0,
book-21-p0134,21,B,134,31,29,0,0,
book-21-p0135,21,B,135,31,29,0,0,
book-21-p0136,21,B,136,31,29,1,2,0.480048
book-21-p0137,21,B,137,31,29,0,0,
book-21-p0138,21,B,138,31,29,1,1,0.506724
book-21-p0139,21,B,139,30,29,1,1,0.558469
book-21-p0140,21,B,140,31,29,4,4,0.544679
book-21-p0141,21,B,141,31,29,0,0,
book-21-p0142,21,B,142,31,30,1,1,0.530460
book-21-p0143,21,B,143,31,29,0,0,
book-21-p0144,21,B,144,31,30,0,0,
book-21-p0145,21,B,145,31,29,1,1,0.571136
book-21-p0146,21,B,146,31,29,0,0,
book-21-p0147,21,B,147,31,29,0,0,
book-21-p0148,21,B,148,31,29,2,2,0.315962
book-21-p0149,21,B,149,32,29,2,2,0.511060
book-21-p0150,21,B,150,31,29,0,0,
book-21-p0151,21,B,151,31,29,1,1,0.593574
book-21-p0152,21,B,152,31,29,2,2,0.538473
book-21-p0153,21,B,153,31,28,0,0,
book-21-p0154,21,B,154,31,29,0,0,
book-21-p0155,21,B,155,30,29,2,2,0.543112
book-21-p0156,21,B,156,31,29,3,3,0.521793
book-21-p0157,21,B,157,32,29,2,2,0.581120
book-21-p0158,21,B,158,31,29,0,0,
book-21-p0159,21,B,159,30,29,0,0,
book-21-p0160,21,B,160,31,29,0,0,
book-21-p0161,21,B,161,31,29,1,1,0.571275
book-21-p0162,21,B,162,28,26,1,1,0.482418
book-21-p0163,21,B,163,32,30,0,0,
book-21-p0164,21,B,164,31,29,2,2,0.587937
book-21-p0165,21,B,165,31,29,3,3,0.376580
book-21-p0166,21,B,166,31,29,0,0,
book-21-p0167,21,B,167,31,29,1,1,0.588930
book-21-p0168,21,B,168,30,28,0,0,
book-21-p0169,21,B,169,29,27,4,4,0.541310
book-21-p0170,21,B,170,31,29,1,1,0.476124
book-21-p0171,21,B,171,31,29,1,1,0.383988
book-21-p0172,21,B,172,31,29,0,0,
book-21-p0173,21,B,173,31,29,0,0,
book-21-p0174,21,B,174,31,30,1,2,0.499951
book-21-p0175,21,B,175,31,29,1,1,0.510756
book-21-p0176,21,B,176,31,29,0,0,
book-21-p0177,21,B,177,30,29,0,0,
book-21-p0178,21,B,178,21,19,1,1,0.547420
book-21-p0179,21,B,179,28,27,0,0,
book-21-p0180,21,B,180,31,29,0,0,
book-21-p0181,21,B,181,32,29,1,1,0.509709
book-21-p0182,21,B,182,31,30,0,0,
book-21-p0183,21,B,183,32,29,0,0,
book-21-p0184,21,B,184,31,29,0,0,
book-21-p0185,21,B,185,31,29,0,0,
book-21-p0186,21,B,186,31,30,0,0,
book-21-p0187,21,B,187,32,30,4,4,0.327593
book-21-p0188,21,B,188,31,29,1,1,0.593615
book-21-p0189,21,B,189,32,29,1,1,0.284258
book-21-p0190,21,B,190,31,29,1,1,0.578243
book-21-p0191,21,B,191,31,29,1,1,0.392651
book-21-p0192,21,B,192,31,29,0,0,
book-21-p0193,21,B,193,29,25,1,1,0.552783
book-21-p0194,21,B,194,31,29,1,1,0.544878
book-21-p0195,21,B,195,30,29,0,0,
book-21-p0196,21,B,196,31,29,0,0,
book-21-p0197,21,B,197,32,29,0,0,
book-21-p0198,21,B,198,31,29,0,0,
book-21-p0199,21,B,199,30,27,0,0,
book-21-p0200,21,B,200,29,27,1,1,0.519358
book-21-p0201,21,B,201,31,29,0,0,
book-21-p0202,21,B,202,31,30,0,0,
book-21-p0203,21,B,203,32,29,0,0,
book-21-p0204,21,B,204,31,30,2,2,0.510206
book-21-p0205,21,B,205,32,29,0,0,
book-21-p0206,21,B,206,30,29,0,0,
book-21-p0207,21,B,207,31,29,0,0,
book-21-p0208,21,B,208,31,30,1,1,0.534685
book-21-p0209,21,B,209,31,29,1,1,0.440695
book-21-p0210,21,B,210,31,29,1,1,0.559884
book-21-p0211,21,B,211,33,31,0,0,
book-21-p0212,21,B,212,31,29,0,0,
book-21-p0213,21,B,213,32,30,1,1,0.599953
book-21-p0214,21,B,214,31,29,0,0,
book-21-p0215,21,B,215,32,29,0,0,
book-21-p0216,21,B,216,31,29,0,0,
book-21-p0217,21,B,217,32,29,1,1,0.530456
book-21-p0218,21,B,218,31,29,1,1,0.533223
book-21-p0219,21,B,219,32,29,1,1,0.509703
book-21-p0220,21,B,220,31,29,1,1,0.530956
book-21-p0221,21,B,221,33,29,2,2,0.423724
book-21-p0222,21,B,222,31,29,1,1,0.587709
book-21-p0223,21,B,223,32,29,1,1,0.539202
book-21-p0224,21,B,224,31,25,1,1,0.502787
book-21-p0225,21,B,225,30,27,1,1,0.594731
book-21-p0226,21,B,226,31,29,1,1,0.592056
book-21-p0227,21,B,227,32,29,0,0,
book-21-p0228,21,B,228,31,29,1,1,0.537182
book-21-p0229,21,B,229,32,29,1,1,0.585492
book-21-p0230,21,B,230,31,29,0,0,
book-21-p0231,21,B,231,32,30,0,0,
book-21-p0232,21,B,232,31,29,1,1,0.522263
book-21-p0233,21,B,233,28,23,1,1,0.499794
book-21-p0234,21,B,234,29,27,0,0,
book-21-p0235,21,B,235,30,29,0,0,
book-21-p0236,21,B,236,31,29,3,3,0.241335
book-21-p0237,21,B,237,31,29,1,1,0.509372
book-21-p0238,21,B,238,31,29,0,0,
book-21-p0239,21,B,239,31,29,0,0,
book-21-p0240,21,B,240,31,29,2,2,0.579522
book-21-p0241,21,B,241,30,29,0,0,
book-21-p0242,21,B,242,31,29,0,0,
book-21-p0243,21,B,243,30,29,0,0,
book-21-p0244,21,B,244,31,29,0,0,
book-21-p0245,21,B,245,30,28,1,1,0.546704
book-21-p0246,21,B,246,26,24,1,1,0.561284
book-21-p0247,21,B,247,32,29,1,1,0.586510
book-21-p0248,21,B,248,31,29,0,0,
book-21-p0249,21,B,249,32,29,1,1,0.546789
book-21-p0250,21,B,250,31,29,0,0,
book-21-p0251,21,B,251,31,29,1,1,0.505457
book-21-p0252,21,B,252,31,30,1,1,0.590406
book-21-p0253,21,B,253,31,28,0,0,
book-21-p0254,21,B,254,31,29,0,0,
book-21-p0255,21,B,255,31,29,2,2,0.517367
book-21-p0256,21,B,256,31,30,0,0,
book-21-p0257,21,B,257,30,29,0,0,
book-21-p0258,21,B,258,31,29,0,0,
book-21-p0259,21,B,259,31,28,2,2,0.404130
book-21-p0260,21,B,260,31,29,0,0,
book-21-p0261,21,B,261,31,29,0,0,
book-21-p0262,21,B,262,31,29,0,0,
book-21-p0263,21,B,263,32,29,1,1,0.586723
book-21-p0264,21,B,264,31,29,1,1,0.584031
book-21-p0265,21,B,265,32,29,1,1,0.501131
book-21-p0266,21,B,266,31,30,2,2,0.345165
book-21-p0267,21,B,267,27,26,1,1,0.548554
book-21-p0268,21,B,268,31,29,3,3,0.452717
book-21-p0269,21,B,269,30,29,0,0,
book-21-p0270,21,B,270,31,29,1,1,0.548090
book-21-p0271,21,B,271,31,29,0,0,
book-21-p0272,21,B,272,28,27,1,1,0.591891
book-21-p0273,21,B,273,30,29,2,2,0.393409
book-21-p0274,21,B,274,31,29,0,0,
book-21-p0275,21,B,275,30,28,3,3,0.491057
book-21-p0276,21,B,276,30,28,0,0,
book-21-p0277,21,B,277,30,28,2,2,0.323638
book-21-p0278,21,B,278,30,28,1,1,0.441855
book-21-p0279,21,B,279,26,24,1,1,0.596891
book-21-p0280,21,B,280,30,28,5,6,0.437273
book-21-p0281,21,B,281,32,29,4,4,0.342821
book-21-p0282,21,B,282,31,29,0,0,
book-21-p0283,21,B,283,31,29,0,0,
book-21-p0284,21,B,284,31,30,2,2,0.482605
book-21-p0285,21,B,285,31,29,6,6,0.399225
book-21-p0286,21,B,286,31,29,1,1,0.400714
book-21-p0287,21,B,287,29,26,1,1,0.315600
book-21-p0288,21,B,288,31,29,1,1,0.460305
book-21-p0289,21,B,289,30,29,1,1,0.508915
book-21-p0290,21,B,290,31,29,0,0,
book-21-p0291,21,B,291,30,29,0,0,
book-21-p0292,21,B,292,31,29,3,3,0.500155
book-21-p0293,21,B,293,28,26,2,3,0.478566
book-21-p0294,21,B,294,31,29,0,0,
book-21-p0295,21,B,295,31,29,0,0,
book-21-p0296,21,B,296,31,29,2,2,0.542260
book-21-p0297,21,B,297,31,29,3,3,0.419954
book-21-p0298,21,B,298,31,29,1,1,0.532674
book-21-p0299,21,B,299,32,29,0,0,
book-21-p0300,21,B,300,31,29,0,0,
book-21-p0301,21,B,301,32,29,0,0,
book-21-p0302,21,B,302,31,29,0,0,
book-21-p0303,21,B,303,31,29,1,1,0.471261
book-21-p0304,21,B,304,31,30,0,0,
book-21-p0305,21,B,305,31,29,2,2,0.507870
book-21-p0306,21,B,306,31,29,0,0,
book-21-p0307,21,B,307,32,29,2,2,0.548190
book-21-p0308,21,B,308,31,29,1,1,0.545790
book-21-p0309,21,B,309,31,30,1,1,0.599012
book-21-p0310,21,B,310,31,30,2,2,0.477513
book-21-p0311,21,B,311,31,29,1,1,0.489623
book-21-p0312,21,B,312,31,29,1,1,0.494511
book-21-p0313,21,B,313,32,29,0,0,
book-21-p0314,21,B,314,31,29,0,0,
book-21-p0315,21,B,315,31,29,1,1,0.557096
book-21-p0316,21,B,316,30,29,0,0,
book-21-p0317,21,B,317,31,29,2,2,0.427769
book-21-p0318,21,B,318,31,29,0,0,
book-21-p0319,21,B,319,31,29,1,1,0.540789
book-21-p0320,21,B,320,31,29,0,0,
book-21-p0321,21,B,321,30,29,2,2,0.522844
book-21-p0322,21,B,322,31,29,0,0,
book-21-p0323,21,B,323,31,29,3,3,0.521823
book-21-p0324,21,B,324,28,27,1,1,0.568588
book-21-p0325,21,B,325,31,29,2,2,0.414803
book-21-p0326,21,B,326,31,29,0,0,
book-21-p0327,21,B,327,32,29,0,0,
book-21-p0328,21,B,328,31,29,1,1,0.514655
book-21-p0329,21,B,329,31,29,0,0,
book-21-p0330,21,B,330,31,29,2,2,0.461377
book-21-p0331,21,B,331,30,29,1,1,0.536723
book-21-p0332,21,B,332,29,25,0,0,
book-21-p0333,21,B,333,29,27,2,2,0.453852
book-21-p0334,21,B,334,31,29,0,0,
book-21-p0335,21,B,335,31,29,0,0,
book-21-p0336,21,B,336,31,29,0,0,
book-21-p0337,21,B,337,30,29,1,1,0.338963
book-21-p0338,21,B,338,31,29,1,1,0.501215
book-21-p0339,21,B,339,29,27,0,0,
book-21-p0340,21,B,340,31,29,2,2,0.531841
book-21-p0341,21,B,341,31,29,0,0,
book-21-p0342,21,B,342,31,29,1,1,0.373269
book-21-p0343,21,B,343,32,31,2,2,0.351852
book-21-p0344,21,B,344,31,29,0,0,
book-21-p0345,21,B,345,31,29,0,0,
book-21-p0346,21,B,346,28,26,4,4,0.532565
book-21-p0347,21,B,347,30,29,1,1,0.505166
book-21-p0348,21,B,348,31,29,2,2,0.461348
book-21-p0349,21,B,349,32,29,0,0,
book-21-p0350,21,B,350,31,29,1,1,0.552919
book-21-p0351,21,B,351,31,29,0,0,
book-21-p0352,21,B,352,31,29,2,2,0.485926
book-21-p0353,21,B,353,31,29,1,1,0.547898
book-21-p0354,21,B,354,28,26,0,0,
book-21-p0355,21,B,355,31,29,1,1,0.494221
book-21-p0356,21,B,356,31,29,1,1,0.508087
book-21-p0357,21,B,357,32,29,0,0,
book-21-p0358,21,B,358,31,29,0,0,
book-21-p0359,21,B,359,32,29,0,0,
book-21-p0360,21,B,360,31,29,3,3,0.401318
book-21-p0361,21,B,361,32,29,2,2,0.520916
book-21-p0362,21,B,362,29,25,0,0,
book-21-p0363,21,B,363,27,26,1,1,0.425826
book-21-p0364,21,B,364,30,28,0,0,
book-21-p0365,21,B,365,30,28,0,0,
book-21-p0366,21,B,366,30,28,3,3,0.257500
book-21-p0367,21,B,367,29,28,1,1,0.548735
book-21-p0368,21,B,368,30,28,1,1,0.522235
book-21-p0369,21,B,369,31,29,0,0,
book-21-p0370,21,B,370,30,28,0,0,
book-21-p0371,21,B,371,26,25,0,0,
book-21-p0372,21,B,372,30,28,0,0,
book-21-p0373,21,B,373,30,28,2,2,0.557927
book-21-p0374,21,B,374,31,29,0,0,
book-21-p0375,21,B,375,31,29,0,0,
book-21-p0376,21,B,376,31,29,1,1,0.540345
book-21-p0377,21,B,377,25,21,0,0,
book-21-p0378,21,B,378,29,27,2,2,0.315008
book-21-p0379,21,B,379,30,29,1,1,0.437093
book-21-p0380,21,B,380,31,29,1,1,0.513096
book-21-p0381,21,B,381,30,28,0,0,
book-21-p0382,21,B,382,31,29,0,0,
book-21-p0383,21,B,383,29,28,2,2,0.574251
book-21-p0384,21,B,384,28,26,3,3,0.525022
book-21-p0385,21,B,385,31,29,2,2,0.524959
book-21-p0386,21,B,386,31,29,5,6,0.420779
book-21-p0387,21,B,387,31,29,0,0,
book-21-p0388,21,B,388,31,29,0,0,
book-21-p0389,21,B,389,32,29,0,0,
book-21-p0390,21,B,390,31,29,1,1,0.553735
book-21-p0391,21,B,391,30,27,1,1,0.432396
book-21-p0392,21,B,392,31,29,0,0,
book-21-p0393,21,B,393,32,29,0,0,
book-21-p0394,21,B,394,31,29,0,0,
book-21-p0395,21,B,395,31,29,1,1,0.550889
book-21-p0396,21,B,396,29,27,0,0,
book-21-p0397,21,B,397,29,27,1,1,0.360325
book-21-p0398,21,B,398,31,29,1,1,0.598952
book-21-p0399,21,B,399,30,29,1,1,0.587219
book-21-p0400,21,B,400,31,29,2,2,0.507296
book-21-p0401,21,B,401,31,29,0,0,
book-21-p0402,21,B,402,31,29,0,0,
book-21-p0403,21,B,403,31,29,2,2,0.356390
book-21-p0404,21,B,404,31,29,0,0,
book-21-p0405,21,B,405,28,26,0,0,
book-21-p0406,21,B,406,28,26,3,3,0.391398
book-21-p0407,21,B,407,30,28,2,2,0.526798
book-21-p0408,21,B,408,30,28,3,3,0.381499
book-21-p0409,21,B,409,31,29,0,0,
book-21-p0410,21,B,410,31,29,0,0,
book-21-p0411,21,B,411,31,29,0,0,
book-21-p0412,21,B,412,31,29,4,4,0.403390
book-21-p0413,21,B,413,32,29,5,5,0.414602
book-21-p0414,21,B,414,31,29,0,0,
book-21-p0415,21,B,415,27,22,0,0,
book-21-p0416,21,B,416,30,28,4,4,0.446695
book-21-p0417,21,B,417,31,29,2,2,0.520571
book-21-p0418,21,B,418,31,29,0,0,
book-21-p0419,21,B,419,31,29,0,0,
book-21-p0420,21,B,420,31,29,4,4,0.502382
book-21-p0421,21,B,421,32,30,2,2,0.483481
book-21-p0422,21,B,422,31,29,1,1,0.574796
book-21-p0423,21,B,423,32,29,0,0,
book-21-p0424,21,B,424,29,27,1,1,0.447512
book-21-p0425,21,B,425,32,29,3,3,0.297694
book-21-p0426,21,B,426,31,29,1,1,0.573904
book-21-p0427,21,B,427,32,29,3,3,0.539564
book-21-p0428,21,B,428,31,29,1,1,0.496617
book-21-p0429,21,B,429,31,29,1,1,0.575586
book-21-p0430,21,B,430,30,28,0,0,
book-21-p0431,21,B,431,29,27,2,2,0.389523
book-21-p0432,21,B,432,31,29,0,0,
book-21-p0433,21,B,433,31,29,0,0,
book-21-p0434,21,B,434,31,29,0,0,
book-21-p0435,21,B,435,32,29,0,0,
book-21-p0436,21,B,436,31,29,0,0,
book-21-p0437,21,B,437,32,30,1,1,0.560159
book-21-p0438,21,B,438,31,29,1,1,0.592836
book-21-p0439,21,B,439,31,29,0,0,
book-21-p0440,21,B,440,31,29,0,0,
book-21-p0441,21,B,441,31,29,0,0,
book-21-p0442,21,B,442,31,29,0,0,
book-21-p0443,21,B,443,31,29,1,1,0.544437
book-21-p0444,21,B,444,29,25,0,0,
book-21-p0445,21,B,445,29,27,4,4,0.486986
book-21-p0446,21,B,446,31,29,1,1,0.583675
book-21-p0447,21,B,447,31,29,1,1,0.350985
book-21-p0448,21,B,448,31,29,1,1,0.571832
book-21-p0449,21,B,449,31,29,0,0,
book-21-p0450,21,B,450,31,29,1,1,0.514634
book-21-p0451,21,B,451,28,26,0,0,
book-21-p0452,21,B,452,31,29,3,3,0.505530
book-21-p0453,21,B,453,31,29,0,0,
book-21-p0454,21,B,454,31,29,0,0,
book-21-p0455,21,B,455,29,26,0,0,
book-21-p0456,21,B,456,31,29,2,3,0.484634
book-21-p0457,21,B,457,32,29,1,1,0.537422
book-21-p0458,21,B,458,31,29,0,0,
book-21-p0459,21,B,459,31,30,0,0,
book-21-p0460,21,B,460,31,29,0,0,
book-21-p0461,21,B,461,31,29,1,1,0.588304
book-21-p0462,21,B,462,31,29,0,0,
book-21-p0463,21,B,463,27,25,1,1,0.306070
book-21-p0464,21,B,464,31,29,1,1,0.593911
book-21-p0465,21,B,465,31,29,0,0,
book-21-p0466,21,B,466,31,29,0,0,
book-21-p0467,21,B,467,31,29,1,1,0.524265
book-21-p0468,21,B,468,31,29,0,0,
book-21-p0469,21,B,469,32,30,1,1,0.553712
book-21-p0470,21,B,470,28,26,0,0,
book-21-p0471,21,B,471,31,29,0,0,
book-21-p0472,21,B,472,31,29,0,0,
book-21-p0473,21,B,473,32,29,0,0,
book-21-p0474,21,B,474,31,29,0,0,
book-21-p0475,21,B,475,31,29,0,0,
book-21-p0476,21,B,476,31,29,1,1,0.575782
book-21-p0477,21,B,477,32,29,0,0,
book-21-p0478,21,B,478,31,29,1,1,0.460190
book-21-p0479,21,B,479,28,24,0,0,
book-21-p0480,21,B,480,29,27,1,1,0.545894
book-21-p0481,21,B,481,31,29,1,1,0.537885
book-21-p0482,21,B,482,31,29,0,0,
book-21-p0483,21,B,483,32,29,2,2,0.529900
book-21-p0484,21,B,484,31,29,1,1,0.527854
book-21-p0485,21,B,485,28,24,2,2,0.494763
book-21-p0486,21,B,486,29,27,0,0,
book-21-p0487,21,B,487,31,29,1,1,0.574262
book-21-p0488,21,B,488,31,29,0,0,
book-21-p0489,21,B,489,31,29,1,1,0.579966
book-21-p0490,21,B,490,31,30,0,0,
book-21-p0491,21,B,491,32,29,2,2,0.290192
book-21-p0492,21,B,492,31,29,0,0,
book-21-p0493,21,B,493,28,26,3,3,0.372280
book-21-p0494,21,B,494,31,29,0,0,
book-21-p0495,21,B,495,32,29,0,0,
book-21-p0496,21,B,496,31,29,0,0,
book-21-p0497,21,B,497,31,29,1,1,0.463916
book-21-p0498,21,B,498,31,29,1,1,0.555018
book-21-p0499,21,B,499,32,29,0,0,
book-21-p0500,21,B,500,31,29,1,1,0.566161
book-21-p0501,21,B,501,31,29,1,1,0.586361
book-21-p0502,21,B,502,27,25,2,2,0.336524
book-21-p0503,21,B,503,31,29,2,2,0.573255
book-21-p0504,21,B,504,31,29,1,1,0.572881
book-21-p0505,21,B,505,30,28,0,0,
book-21-p0506,21,B,506,30,29,0,0,
book-21-p0507,21,B,507,29,28,0,0,
book-21-p0508,21,B,508,30,28,0,0,
book-21-p0509,21,B,509,21,16,0,0,
book-21-p0510,21,B,510,29,27,2,2,0.509268
book-21-p0511,21,B,511,30,29,1,1,0.552347
book-21-p0512,21,B,512,30,28,0,0,
book-21-p0513,21,B,513,30,29,3,4,0.467813
book-21-p0514,21,B,514,31,29,1,1,0.563227
book-21-p0515,21,B,515,31,29,1,1,0.317242
book-21-p0516,21,B,516,31,29,0,0,
book-21-p0517,21,B,517,32,30,1,1,0.561185
book-21-p0518,21,B,518,31,29,1,1,0.415611
book-21-p0519,21,B,519,30,27,1,1,0.577034
book-21-p0520,21,B,520,31,29,3,3,0.473853
book-21-p0521,21,B,521,32,30,0,0,
book-21-p0522,21,B,522,31,29,0,0,
book-21-p0523,21,B,523,31,29,0,0,
book-21-p0524,21,B,524,31,29,0,0,
book-21-p0525,21,B,525,31,29,3,3,0.515699
book-21-p0526,21,B,526,31,29,4,4,0.432390
book-21-p0527,21,B,527,32,29,0,0,
book-21-p0528,21,B,528,27,25,1,1,0.554604
book-21-p0529,21,B,529,31,29,1,1,0.575787
book-21-p0530,21,B,530,31,29,0,0,
book-21-p0531,21,B,531,31,29,2,2,0.365283
book-21-p0532,21,B,532,31,29,1,1,0.540541
book-21-p0533,21,B,533,31,29,1,1,0.584067
book-21-p0534,21,B,534,31,29,1,1,0.510342
book-21-p0535,21,B,535,31,29,0,0,
book-21-p0536,21,B,536,31,29,2,2,0.537047
book-21-p0537,21,B,537,30,28,1,1,0.542835
book-21-p0538,21,B,538,31,29,2,2,0.529092
book-21-p0539,21,B,539,31,29,1,1,0.562192
book-21-p0540,21,B,540,31,29,0,0,
book-21-p0541,21,B,541,32,29,0,0,
book-21-p0542,21,B,542,31,29,3,4,0.277125
book-21-p0543,21,B,543,31,29,1,1,0.250436
book-21-p0544,21,B,544,31,29,1,1,0.476579
book-21-p0545,21,B,545,30,27,4,4,0.413934
book-21-p0546,21,B,546,31,29,3,3,0.468353
book-21-p0547,21,B,547,31,29,0,0,
book-21-p0548,21,B,548,31,29,1,1,0.569063
book-21-p0549,21,B,549,32,30,1,1,0.527755
book-21-p0550,21,B,550,31,29,1,1,0.554604
book-21-p0551,21,B,551,32,30,2,2,0.513726
book-21-p0552,21,B,552,30,28,0,0,
book-21-p0553,21,B,553,29,27,2,2,0.470764
book-21-p0554,21,B,554,31,29,0,0,
book-21-p0555,21,B,555,32,29,1,1,0.599594
book-21-p0556,21,B,556,31,29,0,0,
book-21-p0557,21,B,557,32,30,0,0,
book-21-p0558,21,B,558,31,29,0,0,
book-21-p0559,21,B,559,33,29,0,0,
book-21-p0560,21,B,560,31,29,1,1,0.573885
book-21-p0561,21,B,561,24,19,0,0,
book-21-p0562,21,B,562,29,27,1,1,0.488225
book-21-p0563,21,B,563,30,28,3,3,0.250621
book-21-p0564,21,B,564,30,28,0,0,
book-21-p0565,21,B,565,31,29,0,0,
book-21-p0566,21,B,566,31,29,0,0,
book-21-p0567,21,B,567,31,29,1,1,0.534153
book-21-p0568,21,B,568,29,24,0,0,
book-21-p0569,21,B,569,29,27,1,1,0.523771
book-21-p0570,21,B,570,31,29,1,1,0.575753
book-21-p0571,21,B,571,30,28,0,0,
book-21-p0572,21,B,572,30,28,0,0,
book-21-p0573,21,B,573,30,28,1,1,0.430750
book-21-p0574,21,B,574,30,28,1,1,0.433162
book-21-p0575,21,B,575,31,29,1,1,0.548828
book-21-p0576,21,B,576,31,29,1,1,0.594061
book-21-p0577,21,B,577,31,29,4,4,0.499391
book-21-p0578,21,B,578,28,24,1,1,0.502807
book-21-p0579,21,B,579,30,27,1,1,0.325544
book-21-p0580,21,B,580,31,29,0,0,
book-21-p0581,21,B,581,32,30,0,0,
book-21-p0582,21,B,582,31,29,1,2,0.463808
book-21-p0583,21,B,583,31,29,0,0,
book-21-p0584,21,B,584,31,29,1,1,0.516844
book-21-p0585,21,B,585,32,30,2,2,0.505931
book-21-p0586,21,B,586,31,29,1,1,0.409478
book-21-p0587,21,B,587,31,29,1,1,0.519228
book-21-p0588,21,B,588,31,29,0,0,
book-21-p0589,21,B,589,31,29,1,1,0.512867
book-21-p0590,21,B,590,31,29,0,0,
book-21-p0591,21,B,591,31,29,0,0,
book-21-p0592,21,B,592,31,29,0,0,
book-21-p0593,21,B,593,31,29,0,0,
book-21-p0594,21,B,594,29,27,1,1,0.450009
book-21-p0595,21,B,595,31,29,0,0,
book-21-p0596,21,B,596,31,29,1,1,0.409745
book-21-p0597,21,B,597,31,29,0,0,
book-21-p0598,21,B,598,31,29,0,0,
book-21-p0599,21,B,599,31,29,0,0,
book-21-p0600,21,B,600,31,29,2,2,0.535166
book-21-p0601,21,B,601,31,29,0,0,
book-21-p0602,21,B,602,31,29,2,2,0.546211
book-21-p0603,21,B,603,31,29,0,0,
book-21-p0604,21,B,604,26,24,1,1,0.559859
book-21-p0605,21,B,605,31,28,0,0,
book-21-p0606,21,B,606,30,29,0,0,
book-21-p0607,21,B,607,31,28,0,0,
book-21-p0608,21,B,608,30,28,1,1,0.530554
book-21-p0609,21,B,609,31,28,0,0,
book-21-p0610,21,B,610,30,28,0,0,
book-21-p0611,21,B,611,31,29,0,0,
book-21-p0612,21,B,612,29,27,3,3,0.507441
book-21-p0613,21,B,613,31,29,2,2,0.512457
book-21-p0614,21,B,614,31,29,1,1,0.296098
book-21-p0615,21,B,615,32,30,2,2,0.548730
book-21-p0616,21,B,616,31,29,1,1,0.523536
book-21-p0617,21,B,617,32,30,1,1,0.454197
book-21-p0618,21,B,618,31,29,0,0,
book-21-p0619,21,B,619,31,29,1,1,0.547131
book-21-p0620,21,B,620,30,28,4,4,0.383303
book-21-p0621,21,B,621,32,29,0,0,
book-21-p0622,21,B,622,31,29,1,1,0.502310
book-21-p0623,21,B,623,31,29,0,0,
book-21-p0624,21,B,624,31,29,1,1,0.478946
book-21-p0625,21,B,625,31,29,0,0,
book-21-p0626,21,B,626,27,22,1,1,0.506044
book-21-p0627,21,B,627,31,29,0,0,
book-21-p0628,21,B,628,31,29,1,1,0.406021
book-21-p0629,21,B,629,31,29,3,3,0.403163
book-21-p0630,21,B,630,31,29,0,0,
book-21-p0631,21,B,631,30,28,0,0,
book-21-p0632,21,B,632,30,28,4,4,0.402351
book-21-p0633,21,B,633,30,28,0,0,
book-21-p0634,21,B,634,27,25,3,3,0.375641
book-21-p0635,21,B,635,30,29,0,0,
book-21-p0636,21,B,636,31,29,2,3,0.365231
book-21-p0637,21,B,637,30,28,6,6,0.443979
book-21-p0638,21,B,638,30,28,0,0,
book-21-p0639,21,B,639,29,28,0,0,
book-21-p0640,21,B,640,30,28,1,1,0.566635
book-21-p0641,21,B,641,29,26,3,3,0.372591
book-21-p0642,21,B,642,31,29,0,0,
book-21-p0643,21,B,643,30,29,1,1,0.547833
book-21-p0644,21,B,644,31,29,2,2,0.554491
book-21-p0645,21,B,645,32,31,3,4,0.390597
book-21-p0646,21,B,646,31,29,1,1,0.561323
book-21-p0647,21,B,647,32,30,0,0,
book-21-p0648,21,B,648,31,29,2,2,0.485196
book-21-p0649,21,B,649,32,29,2,2,0.463727
book-21-p0650,21,B,650,29,27,2,2,0.525362
book-21-p0651,21,B,651,30,29,3,3,0.502523
book-21-p0652,21,B,652,31,30,1,1,0.599435
book-21-p0653,21,B,653,31,29,0,0,
book-21-p0654,21,B,654,31,29,0,0,
book-21-p0655,21,B,655,32,29,1,1,0.587171
book-21-p0656,21,B,656,31,30,1,1,0.543587
book-21-p0657,21,B,657,30,29,0,0,
book-21-p0658,21,B,658,31,29,0,0,
book-21-p0659,21,B,659,27,24,3,3,0.484293
book-21-p0660,21,B,660,30,28,2,2,0.476832
book-21-p0661,21,B,661,31,29,1,1,0.506400
book-21-p0662,21,B,662,31,29,1,1,0.468666
book-21-p0663,21,B,663,32,29,1,1,0.558228
book-21-p0664,21,B,664,31,29,1,1,0.555589
book-21-p0665,21,B,665,32,30,0,0,
book-21-p0666,21,B,666,28,24,1,1,0.500321
book-21-p0667,21,B,667,30,27,2,2,0.338632
book-21-p0668,21,B,668,31,29,0,0,
book-21-p0669,21,B,669,32,29,2,2,0.483355
book-21-p0670,21,B,670,31,30,0,0,
book-21-p0671,21,B,671,31,28,2,2,0.324485
book-21-p0672,21,B,672,27,25,3,3,0.491332
book-21-p0673,21,B,673,32,29,1,1,0.545761
book-21-p0674,21,B,674,31,29,0,0,
book-21-p0675,21,B,675,32,29,1,1,0.525470
book-21-p0676,21,B,676,31,30,3,3,0.499144
book-21-p0677,21,B,677,32,29,1,1,0.544949
book-21-p0678,21,B,678,31,30,2,2,0.535146
book-21-p0679,21,B,679,32,29,0,0,
book-21-p0680,21,B,680,28,27,3,3,0.512070
book-21-p0681,21,B,681,32,29,0,0,
book-21-p0682,21,B,682,31,30,0,0,
book-21-p0683,21,B,683,31,29,0,0,
book-21-p0684,21,B,684,31,30,2,2,0.514864
book-21-p0685,21,B,685,30,29,7,10,0.280508
book-21-p0686,21,B,686,31,30,1,1,0.528032
book-21-p0687,21,B,687,32,29,1,1,0.506935
book-21-p0688,21,B,688,31,30,2,2,0.527987
book-21-p0689,21,B,689,31,29,4,4,0.527879
book-21-p0690,21,B,690,31,29,0,0,
book-21-p0691,21,B,691,31,29,1,1,0.559629
book-21-p0692,21,B,692,31,29,4,4,0.508171
book-21-p0693,21,B,693,32,29,2,2,0.315834
book-21-p0694,21,B,694,31,29,2,2,0.384273
book-21-p0695,21,B,695,31,29,0,0,
book-21-p0696,21,B,696,31,30,7,7,0.396097
book-21-p0697,21,B,697,32,29,2,2,0.502790
book-21-p0698,21,B,698,31,30,2,2,0.313415
book-21-p0699,21,B,699,31,29,0,0,
book-21-p0700,21,B,700,31,30,1,1,0.509218
book-21-p0701,21,B,701,32,30,6,6,0.237826
book-21-p0702,21,B,702,31,30,2,2,0.526542
book-21-p0703,21,B,703,30,28,1,1,0.529460
book-21-p0704,21,B,704,30,28,2,2,0.565915
book-21-p0705,21,B,705,32,29,4,4,0.432477
book-21-p0706,21,B,706,31,29,0,0,
book-21-p0707,21,B,707,30,27,2,2,0.493417
book-21-p0708,21,B,708,31,29,1,1,0.589457
book-21-p0709,21,B,709,32,29,3,3,0.163247
book-21-p0710,21,B,710,31,29,2,2,0.498899
book-21-p0711,21,B,711,32,29,1,1,0.579899
book-21-p0712,21,B,712,31,29,0,0,
book-21-p0713,21,B,713,30,27,1,1,0.500585
book-21-p0714,21,B,714,31,29,0,0,
book-21-p0715,21,B,715,31,30,0,0,
book-21-p0716,21,B,716,31,30,7,7,0.425877
book-21-p0717,21,B,717,32,29,1,1,0.595773
book-21-p0718,21,B,718,31,29,0,0,
book-21-p0719,21,B,719,30,29,0,0,
book-21-p0720,21,B,720,29,27,0,0,
book-21-p0721,21,B,721,31,29,1,1,0.442784
book-21-p0722,21,B,722,31,29,0,0,
book-21-p0723,21,B,723,30,29,3,3,0.271490
book-21-p0724,21,B,724,31,29,0,0,
book-21-p0725,21,B,725,31,29,0,0,
book-21-p0726,21,B,726,28,26,0,0,
book-21-p0727,21,B,727,32,29,1,1,0.573272
book-21-p0728,21,B,728,31,30,3,3,0.508223
book-21-p0729,21,B,729,31,29,2,3,0.392508
book-21-p0730,21,B,730,31,29,0,0,
book-21-p0731,21,B,731,32,29,1,1,0.546795
book-21-p0732,21,B,732,31,30,1,1,0.557149
book-21-p0733,21,B,733,33,30,3,3,0.182594
book-21-p0734,21,B,734,31,29,2,2,0.281960
book-21-p0735,21,B,735,31,30,2,2,0.557877
book-21-p0736,21,B,736,31,30,1,1,0.523499
book-21-p0737,21,B,737,32,29,3,4,0.393187
book-21-p0738,21,B,738,31,29,0,0,
book-21-p0739,21,B,739,32,29,0,0,
book-21-p0740,21,B,740,31,29,2,2,0.561570
book-21-p0741,21,B,741,30,27,2,2,0.338487
book-21-p0742,21,B,742,31,29,0,0,
book-21-p0743,21,B,743,32,29,2,2,0.566165
book-21-p0744,21,B,744,31,30,0,0,
book-21-p0745,21,B,745,32,29,1,1,0.338103
book-21-p0746,21,B,746,31,30,1,1,0.442400
book-21-p0747,21,B,747,31,29,1,1,0.492716
book-21-p0748,21,B,748,30,29,0,0,
book-21-p0749,21,B,749,33,29,1,1,0.595692
book-21-p0750,21,B,750,31,30,1,1,0.527345
book-21-p0751,21,B,751,30,29,5,5,0.337697
book-21-p0752,21,B,752,31,30,3,3,0.307597
book-21-p0753,21,B,753,31,29,0,0,
book-21-p0754,21,B,754,31,30,0,0,
book-21-p0755,21,B,755,29,25,0,0,
book-21-p0756,21,B,756,32,30,2,2,0.506452
book-21-p0757,21,B,757,31,29,0,0,
book-21-p0758,21,B,758,31,29,0,0,
book-21-p0759,21,B,759,32,29,1,1,0.373657
book-21-p0760,21,B,760,31,30,0,0,
book-21-p0761,21,B,761,31,29,0,0,
book-21-p0762,21,B,762,29,27,0,0,
book-21-p0763,21,B,763,29,27,4,4,0.386281
book-21-p0764,21,B,764,31,30,1,1,0.581562
book-21-p0765,21,B,765,32,30,4,4,0.209834
book-21-p0766,21,B,766,31,30,4,4,0.521897
book-21-p0767,21,B,767,33,29,1,1,0.561676
book-21-p0768,21,B,768,31,30,1,1,0.555830
book-21-p0769,21,B,769,32,30,2,2,0.394198
book-21-p0770,21,B,770,29,27,0,0,
book-21-p0771,21,B,771,32,29,0,0,
book-21-p0772,21,B,772,31,29,0,0,
book-21-p0773,21,B,773,32,29,0,0,
book-21-p0774,21,B,774,31,29,0,0,
book-21-p0775,21,B,775,32,29,0,0,
book-21-p0776,21,B,776,31,29,0,0,
book-21-p0777,21,B,777,32,29,7,7,0.168290
book-21-p0778,21,B,778,28,26,1,1,0.526420
book-21-p0779,21,B,779,31,29,3,4,0.396441
book-21-p0780,21,B,780,31,29,1,1,0.577079
book-21-p0781,21,B,781,32,29,3,3,0.330072
book-21-p0782,21,B,782,31,29,0,0,
book-21-p0783,21,B,783,32,29,2,2,0.175698
book-21-p0784,21,B,784,31,29,1,1,0.567501
book-21-p0785,21,B,785,32,29,0,0,
book-21-p0786,21,B,786,30,28,1,1,0.525292
book-21-p0787,21,B,787,32,29,3,3,0.484893
book-21-p0788,21,B,788,31,29,1,1,0.567749
book-21-p0789,21,B,789,31,30,2,3,0.115242
book-21-p0790,21,B,790,31,29,1,1,0.566424
book-21-p0791,21,B,791,32,29,1,1,0.545090
book-21-p0792,21,B,792,31,29,1,1,0.415318
book-21-p0793,21,B,793,32,29,3,3,0.379142
book-21-p0794,21,B,794,30,28,0,0,
book-21-p0795,21,B,795,28,26,1,1,0.595392
book-21-p0796,21,B,796,31,29,3,3,0.542224
book-21-p0797,21,B,797,32,29,3,3,0.491230
book-21-p0798,21,B,798,31,29,0,0,
book-21-p0799,21,B,799,31,28,2,2,0.511479
book-21-p0800,21,B,800,31,28,3,3,0.311959
book-21-p0801,21,B,801,33,30,3,3,0.486428
book-21-p0802,21,B,802,31,29,1,1,0.546226
book-21-p0803,21,B,803,32,30,1,1,0.525559
book-21-p0804,21,B,804,31,29,1,1,0.570229
book-21-p0805,21,B,805,30,28,1,2,0.504589
book-21-p0806,21,B,806,30,28,5,5,0.361260
book-21-p0807,21,B,807,32,30,0,0,
book-21-p0808,21,B,808,30,28,4,4,0.463506
book-21-p0809,21,B,809,31,29,3,3,0.512795
book-21-p0810,21,B,810,31,29,1,1,0.480739
book-21-p0811,21,B,811,31,29,3,3,0.545482
book-21-p0812,21,B,812,31,29,1,1,0.404315
book-21-p0813,21,B,813,32,29,2,2,0.557486
book-21-p0814,21,B,814,28,26,0,0,
book-21-p0815,21,B,815,32,30,1,1,0.553773
book-21-p0816,21,B,816,31,29,2,2,0.262355
book-21-p0817,21,B,817,31,29,1,1,0.511005
book-21-p0818,21,B,818,31,29,0,0,
book-21-p0819,21,B,819,31,29,0,0,
book-21-p0820,21,B,820,31,29,2,2,0.457846
book-21-p0821,21,B,821,30,28,0,0,
book-21-p0822,21,B,822,31,29,0,0,
book-21-p0823,21,B,823,31,29,0,0,
book-21-p0824,21,B,824,31,29,1,1,0.455061
book-21-p0825,21,B,825,31,29,1,1,0.560105
book-21-p0826,21,B,826,28,27,2,2,0.578188
book-21-p0827,21,B,827,30,28,0,0,
book-21-p0828,21,B,828,29,28,1,1,0.466764
book-21-p0829,21,B,829,30,28,0,0,
book-21-p0830,21,B,830,30,28,2,2,0.553551
book-21-p0831,21,B,831,31,28,0,0,
book-21-p0832,21,B,832,30,28,1,1,0.578728
book-21-p0833,21,B,833,32,29,1,1,0.506240
book-21-p0834,21,B,834,31,29,1,1,0.512648
book-21-p0835,21,B,835,33,30,0,0,
book-21-p0836,21,B,836,28,26,2,2,0.527824
book-21-p0837,21,B,837,32,30,0,0,
book-21-p0838,21,B,838,31,29,0,0,
book-21-p0839,21,B,839,32,29,2,2,0.496998
book-21-p0840,21,B,840,31,26,8,11,0.265815
book-21-p0841,21,B,841,30,27,1,1,0.547513
book-21-p0842,21,B,842,31,30,1,1,0.548626
book-21-p0843,21,B,843,31,29,0,0,
book-21-p0844,21,B,844,31,29,2,2,0.584361
book-21-p0845,21,B,845,31,29,5,6,0.430886
book-21-p0846,21,B,846,31,29,0,0,
book-21-p0847,21,B,847,31,29,0,0,
book-21-p0848,21,B,848,31,29,0,0,
book-21-p0849,21,B,849,32,29,2,2,0.572027
book-21-p0850,21,B,850,31,29,1,1,0.486263
book-21-p0851,21,B,851,32,29,2,2,0.339194
book-21-p0852,21,B,852,31,29,1,1,0.512016
book-21-p0853,21,B,853,32,30,3,3,0.367558
book-21-p0854,21,B,854,31,29,0,0,
book-21-p0855,21,B,855,31,29,2,2,0.514621
book-21-p0856,21,B,856,31,29,6,6,0.530605
book-21-p0857,21,B,857,32,29,1,1,0.579994
book-21-p0858,21,B,858,31,29,2,2,0.489586
book-21-p0859,21,B,859,31,29,1,1,0.550717
book-21-p0860,21,B,860,30,29,1,1,0.525346
book-21-p0861,21,B,861,31,29,3,4,0.451049
book-21-p0862,21,B,862,31,29,0,0,
book-21-p0863,21,B,863,31,29,1,1,0.563330
book-21-p0864,21,B,864,31,29,2,2,0.501921
book-21-p0865,21,B,865,33,29,0,0,
book-21-p0866,21,B,866,31,29,1,1,0.532753
book-21-p0867,21,B,867,32,29,0,0,
book-21-p0868,21,B,868,31,29,1,1,0.575572
book-21-p0869,21,B,869,32,30,2,2,0.545423
book-21-p0870,21,B,870,31,30,0,0,
book-21-p0871,21,B,871,32,31,3,3,0.482795
book-21-p0872,21,B,872,31,30,5,7,0.379324
book-21-p0873,21,B,873,31,29,2,2,0.523871
book-21-p0874,21,B,874,31,29,0,0,
book-21-p0875,21,B,875,32,29,2,2,0.458380
book-21-p0876,21,B,876,31,29,2,2,0.496175
book-21-p0877,21,B,877,31,29,6,6,0.415966
book-21-p0878,21,B,878,31,29,0,0,
book-21-p0879,21,B,879,31,29,3,3,0.470425
book-21-p0880,21,B,880,31,29,1,1,0.583891
book-21-p0881,21,B,881,31,29,0,0,
book-21-p0882,21,B,882,31,29,0,0,
book-21-p0883,21,B,883,30,28,1,1,0.524637
book-21-p0884,21,B,884,31,28,0,0,
book-21-p0885,21,B,885,31,30,3,4,0.485648
book-21-p0886,21,B,886,31,29,3,3,0.365702
book-21-p0887,21,B,887,32,29,3,3,0.376738
book-21-p0888,21,B,888,31,30,0,0,
book-21-p0889,21,B,889,31,29,4,4,0.453777
book-21-p0890,21,B,890,31,29,4,4,0.562210
book-21-p0891,21,B,891,31,29,1,1,0.559411
book-21-p0892,21,B,892,31,29,0,0,
book-21-p0893,21,B,893,32,29,2,2,0.444521
book-21-p0894,21,B,894,31,29,4,4,0.482081
book-21-p0895,21,B,895,31,29,2,3,0.517023
book-21-p0896,21,B,896,31,29,2,2,0.526998
book-21-p0897,21,B,897,31,29,2,2,0.352467
book-21-p0898,21,B,898,31,29,2,2,0.387618
book-21-p0899,21,B,899,31,28,1,1,0.537264
book-21-p0900,21,B,900,31,29,0,0,
book-21-p0901,21,B,901,32,29,1,1,0.519238
book-21-p0902,21,B,902,31,30,4,4,0.471601
book-21-p0903,21,B,903,31,28,1,1,0.559409
book-21-p0904,21,B,904,31,29,2,2,0.475431
book-21-p0905,21,B,905,32,29,4,4,0.320932
book-21-p0906,21,B,906,31,30,0,0,
book-21-p0907,21,B,907,31,29,0,0,
book-21-p0908,21,B,908,31,29,4,5,0.510194
book-21-p0909,21,B,909,31,29,4,4,0.422584
book-21-p0910,21,B,910,31,29,1,1,0.509001
book-21-p0911,21,B,911,32,30,2,2,0.527712
book-21-p0912,21,B,912,31,29,1,1,0.560651
book-21-p0913,21,B,913,32,29,0,0,
book-21-p0914,21,B,914,31,29,0,0,
book-21-p0915,21,B,915,31,29,0,0,
book-21-p0916,21,B,916,31,29,3,3,0.510734
book-21-p0917,21,B,917,31,29,4,5,0.451400
book-21-p0918,21,B,918,27,25,1,1,0.541788
book-21-p0919,21,B,919,31,29,1,1,0.564246
book-21-p0920,21,B,920,31,29,5,7,0.477667
book-21-p0921,21,B,921,18,17,10,20,0.251483
book-21-p0922,21,B,922,17,16,10,15,0.408460
book-21-p0923,21,B,923,17,16,12,18,0.285209
book-21-p0924,21,B,924,17,16,10,15,0.321256
book-21-p0925,21,B,925,17,16,9,11,0.230770
book-21-p0926,21,B,926,17,16,13,23,0.309822
book-21-p0927,21,B,927,17,16,11,19,0.337846
book-21-p0928,21,B,928,16,15,12,18,0.259729
book-21-p0929,21,B,929,17,16,11,13,0.317569
book-21-p0930,21,B,930,17,16,13,16,0.228314
book-21-p0931,21,B,931,17,16,12,22,0.254869
book-21-p0932,21,B,932,17,16,15,22,0.338977
book-21-p0933,21,B,933,17,16,10,20,0.216015
book-21-p0934,21,B,934,17,16,14,25,0.294245
book-21-p0935,21,B,935,17,16,13,26,0.264845
book-21-p0936,21,B,936,17,16,11,17,0.366704
book-21-p0937,21,B,937,16,15,8,17,0.178691
book-21-p0938,21,B,938,16,15,10,14,0.295307
book-21-p0939,21,B,939,17,16,13,20,0.295131
book-21-p0940,21,B,940,16,15,11,19,0.289064
book-21-p0941,21,B,941,15,13,6,7,0.415664
book-21-p0942,21,B,942,16,15,10,18,0.279902
book-21-p0943,21,B,943,17,16,12,15,0.295630
book-21-p0944,21,B,944,16,15,13,23,0.258143
book-21-p0945,21,B,945,16,15,13,30,0.220729
book-21-p0946,21,B,946,16,15,14,26,0.292518
book-21-p0947,21,B,947,16,15,11,23,0.299038
book-21-p0948,21,B,948,16,15,13,22,0.355788
book-21-p0949,21,B,949,15,14,11,24,0.229405
book-21-p0950,21,B,950,16,15,13,22,0.192049
book-21-p0951,21,B,951,16,15,12,20,0.313306
book-21-p0952,21,B,952,16,15,13,20,0.295585
book-21-p0953,21,B,953,16,15,12,17,0.292043
book-21-p0954,21,B,954,16,15,11,19,0.304066
book-21-p0955,21,B,955,16,15,9,15,0.200028
book-21-p0956,21,B,956,15,14,11,13,0.234706
book-21-p0957,21,B,957,16,15,8,17,0.260623
book-21-p0958,21,B,958,16,15,12,24,0.303896
book-21-p0959,21,B,959,16,15,13,19,0.291156
book-21-p0960,21,B,960,12,10,8,11,0.188126
book-21-p0961,21,B,961,0,0,0,0,
book-21-p0962,21,B,962,0,0,0,0,
book-21-p0963,21,B,963,0,0,0,0,
book-21-p0964,21,B,964,0,0,0,0,
book-21-p0965,21,B,965,0,0,0,0,
book-21-p0966,21,B,966,0,0,0,0,
book-21-p0967,21,B,967,0,0,0,0,
book-21-p0968,21,B,968,0,0,0,0,
book-21-p0969,21,B,969,0,0,0,0,
book-21-p0970,21,B,970,0,0,0,0,
book-21-p0971,21,B,971,0,0,0,0,
book-21-p0972,21,B,972,0,0,0,0,
book-22-p0001,22,B,1,8,7,7,14,0.167437
book-22-p0002,22,B,2,41,40,20,34,0.188240
book-22-p0003,22,B,3,1,1,1,2,0.336194
book-22-p0004,22,B,4,0,0,0,0,
book-22-p0005,22,B,5,0,0,0,0,
book-22-p0006,22,B,6,0,0,0,0,
book-22-p0007,22,B,7,0,0,0,0,
book-22-p0008,22,B,8,0,0,0,0,
book-22-p0009,22,B,9,5,4,2,4,0.149425
book-22-p0010,22,B,10,0,0,0,0,
book-22-p0011,22,B,11,25,22,7,8,0.346367
book-22-p0012,22,B,12,28,25,7,9,0.240982
book-22-p0013,22,B,13,25,20,1,1,0.565312
book-22-p0014,22,B,14,15,13,1,1,0.430297
book-22-p0015,22,B,15,27,24,4,4,0.336127
book-22-p0016,22,B,16,29,28,7,7,0.436360
book-22-p0017,22,B,17,29,28,6,6,0.363368
book-22-p0018,22,B,18,29,28,5,6,0.415207
book-22-p0019,22,B,19,29,28,2,2,0.510072
book-22-p0020,22,B,20,29,28,6,7,0.272257
book-22-p0021,22,B,21,29,28,2,2,0.477878
book-22-p0022,22,B,22,29,28,8,10,0.368802
book-22-p0023,22,B,23,29,28,5,5,0.428675
book-22-p0024,22,B,24,30,28,4,4,0.386793
book-22-p0025,22,B,25,30,28,3,3,0.332414
book-22-p0026,22,B,26,29,28,2,2,0.535381
book-22-p0027,22,B,27,29,28,3,3,0.499704
book-22-p0028,22,B,28,28,27,1,1,0.547195
book-22-p0029,22,B,29,29,28,0,0,
book-22-p0030,22,B,30,29,28,4,5,0.390573
book-22-p0031,22,B,31,29,28,7,7,0.366843
book-22-p0032,22,B,32,30,28,3,3,0.532164
book-22-p0033,22,B,33,28,26,8,9,0.249016
book-22-p0034,22,B,34,32,30,4,4,0.421650
book-22-p0035,22,B,35,0,0,0,0,
book-22-p0036,22,B,36,0,0,0,0,
book-22-p0037,22,B,37,24,21,3,3,0.189608
book-22-p0038,22,B,38,34,33,2,2,0.508686
book-22-p0039,22,B,39,35,33,0,0,
book-22-p0040,22,B,40,34,33,1,1,0.588846
book-22-p0041,22,B,41,35,33,1,1,0.514902
book-22-p0042,22,B,42,34,33,0,0,
book-22-p0043,22,B,43,33,31,0,0,
book-22-p0044,22,B,44,34,33,0,0,
book-22-p0045,22,B,45,34,33,2,2,0.518177
book-22-p0046,22,B,46,35,34,2,2,0.391325
book-22-p0047,22,B,47,35,33,0,0,
book-22-p0048,22,B,48,29,28,3,4,0.311571
book-22-p0049,22,B,49,35,33,2,2,0.561172
book-22-p0050,22,B,50,34,33,1,1,0.381843
book-22-p0051,22,B,51,34,33,0,0,
book-22-p0052,22,B,52,36,34,1,1,0.543185
book-22-p0053,22,B,53,35,34,1,1,0.503956
book-22-p0054,22,B,54,34,33,0,0,
book-22-p0055,22,B,55,36,33,0,0,
book-22-p0056,22,B,56,36,35,2,2,0.507783
book-22-p0057,22,B,57,36,34,0,0,
book-22-p0058,22,B,58,30,29,3,3,0.349238
book-22-p0059,22,B,59,36,33,0,0,
book-22-p0060,22,B,60,35,33,0,0,
book-22-p0061,22,B,61,35,33,3,3,0.445108
book-22-p0062,22,B,62,35,33,2,2,0.507012
book-22-p0063,22,B,63,35,34,1,1,0.597644
book-22-p0064,22,B,64,34,33,2,2,0.533689
book-22-p0065,22,B,65,35,33,1,1,0.498912
book-22-p0066,22,B,66,34,33,2,2,0.563311
book-22-p0067,22,B,67,34,33,1,1,0.528497
book-22-p0068,22,B,68,35,33,1,1,0.599379
book-22-p0069,22,B,69,35,33,1,1,0.564842
book-22-p0070,22,B,70,35,34,0,0,
book-22-p0071,22,B,71,35,34,1,1,0.575196
book-22-p0072,22,B,72,34,33,2,2,0.509537
book-22-p0073,22,B,73,36,33,1,1,0.534237
book-22-p0074,22,B,74,34,33,3,3,0.494901
book-22-p0075,22,B,75,35,32,1,1,0.473341
book-22-p0076,22,B,76,35,34,0,0,
book-22-p0077,22,B,77,35,33,0,0,
book-22-p0078,22,B,78,35,34,1,1,0.591637
book-22-p0079,22,B,79,35,33,0,0,
book-22-p0080,22,B,80,33,31,1,1,0.549693
book-22-p0081,22,B,81,29,28,0,0,
book-22-p0082,22,B,82,35,34,0,0,
book-22-p0083,22,B,83,35,33,1,1,0.590506
book-22-p0084,22,B,84,36,33,0,0,
book-22-p0085,22,B,85,37,33,1,1,0.480119
book-22-p0086,22,B,86,34,33,0,0,
book-22-p0087,22,B,87,36,33,1,1,0.524172
book-22-p0088,22,B,88,34,33,3,3,0.259036
book-22-p0089,22,B,89,28,26,2,2,0.511021
book-22-p0090,22,B,90,35,33,0,0,
book-22-p0091,22,B,91,34,32,0,0,
book-22-p0092,22,B,92,34,33,1,1,0.558037
book-22-p0093,22,B,93,34,33,1,1,0.571233
book-22-p0094,22,B,94,35,34,2,2,0.345461
book-22-p0095,22,B,95,35,33,1,1,0.547483
book-22-p0096,22,B,96,34,33,1,1,0.544991
book-22-p0097,22,B,97,35,33,1,1,0.500338
book-22-p0098,22,B,98,35,34,1,1,0.597236
book-22-p0099,22,B,99,35,33,1,1,0.487958
book-22-p0100,22,B,100,36,34,1,1,0.594943
book-22-p0101,22,B,101,36,33,0,0,
book-22-p0102,22,B,102,34,33,0,0,
book-22-p0103,22,B,103,34,33,0,0,
book-22-p0104,22,B,104,34,33,0,0,
book-22-p0105,22,B,105,36,33,2,2,0.542912
book-22-p0106,22,B,106,27,26,1,1,0.500039
book-22-p0107,22,B,107,30,28,1,1,0.361027
book-22-p0108,22,B,108,34,33,3,3,0.523591
book-22-p0109,22,B,109,35,33,0,0,
book-22-p0110,22,B,110,34,33,0,0,
book-22-p0111,22,B,111,34,33,0,0,
book-22-p0112,22,B,112,35,34,2,2,0.520854
book-22-p0113,22,B,113,34,33,2,2,0.392231
book-22-p0114,22,B,114,34,33,0,0,
book-22-p0115,22,B,115,34,33,0,0,
book-22-p0116,22,B,116,36,34,1,1,0.285910
book-22-p0117,22,B,117,36,33,3,3,0.457743
book-22-p0118,22,B,118,35,34,1,1,0.593144
book-22-p0119,22,B,119,34,33,0,0,
book-22-p0120,22,B,120,35,34,1,1,0.540472
book-22-p0121,22,B,121,34,33,3,3,0.292992
book-22-p0122,22,B,122,35,34,2,2,0.464931
book-22-p0123,22,B,123,32,30,0,0,
book-22-p0124,22,B,124,35,34,1,1,0.517093
book-22-p0125,22,B,125,35,34,1,1,0.545632
book-22-p0126,22,B,126,34,33,1,1,0.473729
book-22-p0127,22,B,127,35,34,0,0,
book-22-p0128,22,B,128,34,33,1,1,0.516804
book-22-p0129,22,B,129,34,33,0,0,
book-22-p0130,22,B,130,34,33,1,1,0.516609
book-22-p0131,22,B,131,34,33,1,1,0.533244
book-22-p0132,22,B,132,35,33,1,1,0.595151
book-22-p0133,22,B,133,36,33,0,0,
book-22-p0134,22,B,134,34,33,2,2,0.538550
book-22-p0135,22,B,135,35,33,0,0,
book-22-p0136,22,B,136,35,34,1,1,0.244895
book-22-p0137,22,B,137,36,33,0,0,
book-22-p0138,22,B,138,34,33,1,1,0.510202
book-22-p0139,22,B,139,36,33,1,1,0.511469
book-22-p0140,22,B,140,35,34,2,2,0.356235
book-22-p0141,22,B,141,35,33,2,2,0.548997
book-22-p0142,22,B,142,35,34,0,0,
book-22-p0143,22,B,143,33,31,2,2,0.495652
book-22-p0144,22,B,144,33,32,1,1,0.400909
book-22-p0145,22,B,145,35,33,0,0,
book-22-p0146,22,B,146,35,34,2,2,0.486959
book-22-p0147,22,B,147,35,33,1,1,0.567909
book-22-p0148,22,B,148,36,34,3,3,0.513111
book-22-p0149,22,B,149,37,33,0,0,
book-22-p0150,22,B,150,34,33,0,0,
book-22-p0151,22,B,151,36,33,1,1,0.500630
book-22-p0152,22,B,152,35,34,1,1,0.499770
book-22-p0153,22,B,153,36,33,0,0,
book-22-p0154,22,B,154,34,33,0,0,
book-22-p0155,22,B,155,37,33,2,2,0.532832
book-22-p0156,22,B,156,36,35,0,0,
book-22-p0157,22,B,157,35,33,0,0,
book-22-p0158,22,B,158,35,34,2,2,0.532175
book-22-p0159,22,B,159,35,33,1,1,0.580774
book-22-p0160,22,B,160,34,33,3,3,0.503834
book-22-p0161,22,B,161,35,33,0,0,
book-22-p0162,22,B,162,29,28,0,0,
book-22-p0163,22,B,163,30,28,2,2,0.548049
book-22-p0164,22,B,164,35,33,0,0,
book-22-p0165,22,B,165,36,33,0,0,
book-22-p0166,22,B,166,35,33,2,2,0.581780
book-22-p0167,22,B,167,35,33,0,0,
book-22-p0168,22,B,168,35,33,1,1,0.476804
book-22-p0169,22,B,169,36,33,1,1,0.536707
book-22-p0170,22,B,170,35,33,1,1,0.571471
book-22-p0171,22,B,171,36,33,1,1,0.515959
book-22-p0172,22,B,172,34,33,1,1,0.531381
book-22-p0173,22,B,173,35,33,1,1,0.575432
book-22-p0174,22,B,174,34,33,0,0,
book-22-p0175,22,B,175,35,33,1,1,0.554539
book-22-p0176,22,B,176,34,33,0,0,
book-22-p0177,22,B,177,35,33,1,1,0.572059
book-22-p0178,22,B,178,34,33,0,0,
book-22-p0179,22,B,179,35,33,0,0,
book-22-p0180,22,B,180,35,33,1,1,0.517011
book-22-p0181,22,B,181,37,33,1,1,0.522664
book-22-p0182,22,B,182,34,33,1,1,0.283898
book-22-p0183,22,B,183,36,33,0,0,
book-22-p0184,22,B,184,34,33,0,0,
book-22-p0185,22,B,185,36,33,0,0,
book-22-p0186,22,B,186,35,34,1,1,0.390562
book-22-p0187,22,B,187,34,30,1,1,0.573662
book-22-p0188,22,B,188,34,33,3,3,0.359115
book-22-p0189,22,B,189,35,33,1,1,0.574225
book-22-p0190,22,B,190,35,34,1,1,0.460384
book-22-p0191,22,B,191,35,33,1,1,0.528226
book-22-p0192,22,B,192,35,34,3,3,0.253715
book-22-p0193,22,B,193,34,33,0,0,
book-22-p0194,22,B,194,35,34,0,0,
book-22-p0195,22,B,195,35,33,1,1,0.542578
book-22-p0196,22,B,196,36,34,1,1,0.473241
book-22-p0197,22,B,197,37,33,0,0,
book-22-p0198,22,B,198,34,33,0,0,
book-22-p0199,22,B,199,36,33,2,2,0.540178
book-22-p0200,22,B,200,29,28,1,1,0.268259
book-22-p0201,22,B,201,36,33,1,1,0.449885
book-22-p0202,22,B,202,35,33,1,1,0.361922
book-22-p0203,22,B,203,36,33,1,1,0.594056
book-22-p0204,22,B,204,34,33,1,1,0.503796
book-22-p0205,22,B,205,35,33,0,0,
book-22-p0206,22,B,206,35,34,2,2,0.302311
book-22-p0207,22,B,207,35,33,1,1,0.593993
book-22-p0208,22,B,208,34,33,3,3,0.516279
book-22-p0209,22,B,209,34,33,2,2,0.515438
book-22-p0210,22,B,210,30,29,2,2,0.340306
book-22-p0211,22,B,211,35,33,3,3,0.348394
book-22-p0212,22,B,212,35,33,3,3,0.349932
book-22-p0213,22,B,213,37,33,0,0,
book-22-p0214,22,B,214,35,34,1,1,0.574652
book-22-p0215,22,B,215,36,33,1,1,0.519397
book-22-p0216,22,B,216,34,33,4,4,0.519733
book-22-p0217,22,B,217,36,33,1,1,0.517284
book-22-p0218,22,B,218,34,33,2,2,0.499190
book-22-p0219,22,B,219,36,33,0,0,
book-22-p0220,22,B,220,34,33,4,4,0.369793
book-22-p0221,22,B,221,35,34,0,0,
book-22-p0222,22,B,222,34,33,2,2,0.534813
book-22-p0223,22,B,223,35,34,2,2,0.501290
book-22-p0224,22,B,224,34,33,0,0,
book-22-p0225,22,B,225,35,33,0,0,
book-22-p0226,22,B,226,35,34,1,1,0.555525
book-22-p0227,22,B,227,35,34,3,3,0.532572
book-22-p0228,22,B,228,36,34,2,2,0.420425
book-22-p0229,22,B,229,37,34,1,1,0.523943
book-22-p0230,22,B,230,35,34,2,2,0.227300
book-22-p0231,22,B,231,36,33,2,2,0.499359
book-22-p0232,22,B,232,34,33,1,1,0.404000
book-22-p0233,22,B,233,36,34,0,0,
book-22-p0234,22,B,234,34,33,0,0,
book-22-p0235,22,B,235,34,31,0,0,
book-22-p0236,22,B,236,29,28,3,3,0.483372
book-22-p0237,22,B,237,35,33,2,2,0.480844
book-22-p0238,22,B,238,35,34,0,0,
book-22-p0239,22,B,239,35,33,0,0,
book-22-p0240,22,B,240,35,34,4,4,0.360677
book-22-p0241,22,B,241,35,33,2,2,0.515771
book-22-p0242,22,B,242,35,34,2,2,0.489184
book-22-p0243,22,B,243,35,33,0,0,
book-22-p0244,22,B,244,36,34,1,1,0.512074
book-22-p0245,22,B,245,36,33,2,2,0.508144
book-22-p0246,22,B,246,34,33,3,3,0.516786
book-22-p0247,22,B,247,35,33,1,1,0.414706
book-22-p0248,22,B,248,34,33,2,2,0.325213
book-22-p0249,22,B,249,36,34,0,0,
book-22-p0250,22,B,250,35,34,1,1,0.549770
book-22-p0251,22,B,251,36,33,0,0,
book-22-p0252,22,B,252,35,34,2,2,0.535782
book-22-p0253,22,B,253,35,33,0,0,
book-22-p0254,22,B,254,33,31,2,3,0.460920
book-22-p0255,22,B,255,33,30,1,1,0.572941
book-22-p0256,22,B,256,35,34,2,3,0.396163
book-22-p0257,22,B,257,35,33,0,0,
book-22-p0258,22,B,258,34,33,1,1,0.519627
book-22-p0259,22,B,259,33,32,2,2,0.506378
book-22-p0260,22,B,260,36,33,0,0,
book-22-p0261,22,B,261,35,33,2,2,0.551738
book-22-p0262,22,B,262,35,33,1,1,0.520918
book-22-p0263,22,B,263,35,33,1,2,0.540412
book-22-p0264,22,B,264,35,33,1,1,0.528762
book-22-p0265,22,B,265,36,33,2,2,0.508657
book-22-p0266,22,B,266,35,33,1,1,0.552707
book-22-p0267,22,B,267,36,33,1,1,0.584317
book-22-p0268,22,B,268,35,33,5,5,0.411882
book-22-p0269,22,B,269,35,33,0,0,
book-22-p0270,22,B,270,34,33,0,0,
book-22-p0271,22,B,271,30,28,3,3,0.407188
book-22-p0272,22,B,272,34,33,1,1,0.584888
book-22-p0273,22,B,273,35,33,1,1,0.522597
book-22-p0274,22,B,274,34,33,2,2,0.436820
book-22-p0275,22,B,275,35,33,1,1,0.530437
book-22-p0276,22,B,276,35,33,2,2,0.545148
book-22-p0277,22,B,277,37,33,3,3,0.521472
book-22-p0278,22,B,278,35,34,2,2,0.539499
book-22-p0279,22,B,279,34,32,1,1,0.593862
book-22-p0280,22,B,280,33,32,3,3,0.435029
book-22-p0281,22,B,281,35,33,2,2,0.435124
book-22-p0282,22,B,282,34,33,2,2,0.518212
book-22-p0283,22,B,283,36,33,1,1,0.573834
book-22-p0284,22,B,284,35,33,0,0,
book-22-p0285,22,B,285,35,33,0,0,
book-22-p0286,22,B,286,35,34,2,2,0.497930
book-22-p0287,22,B,287,30,28,1,1,0.465571
book-22-p0288,22,B,288,35,34,0,0,
book-22-p0289,22,B,289,35,33,0,0,
book-22-p0290,22,B,290,34,33,0,0,
book-22-p0291,22,B,291,34,32,1,1,0.549768
book-22-p0292,22,B,292,35,33,0,0,
book-22-p0293,22,B,293,37,33,1,1,0.514493
book-22-p0294,22,B,294,34,33,1,1,0.554631
book-22-p0295,22,B,295,36,33,1,1,0.518664
book-22-p0296,22,B,296,34,33,1,1,0.440106
book-22-p0297,22,B,297,36,33,1,1,0.538220
book-22-p0298,22,B,298,34,33,3,3,0.489293
book-22-p0299,22,B,299,35,32,0,0,
book-22-p0300,22,B,300,33,32,2,2,0.525217
book-22-p0301,22,B,301,35,34,2,2,0.548747
book-22-p0302,22,B,302,35,34,3,3,0.529337
book-22-p0303,22,B,303,35,33,1,1,0.572658
book-22-p0304,22,B,304,34,33,2,2,0.501377
book-22-p0305,22,B,305,34,32,0,0,
book-22-p0306,22,B,306,29,28,4,4,0.206500
book-22-p0307,22,B,307,35,34,1,1,0.572971
book-22-p0308,22,B,308,36,33,2,2,0.537152
book-22-p0309,22,B,309,36,34,1,1,0.480901
book-22-p0310,22,B,310,35,34,3,3,0.500339
book-22-p0311,22,B,311,35,33,1,1,0.587120
book-22-p0312,22,B,312,34,33,5,6,0.487876
book-22-p0313,22,B,313,36,33,3,4,0.333137
book-22-p0314,22,B,314,35,34,4,4,0.486679
book-22-p0315,22,B,315,34,33,1,1,0.505780
book-22-p0316,22,B,316,21,20,1,1,0.418439
book-22-p0317,22,B,317,29,28,1,1,0.316868
book-22-p0318,22,B,318,35,34,6,6,0.488121
book-22-p0319,22,B,319,34,32,1,1,0.500772
book-22-p0320,22,B,320,34,33,1,1,0.454674
book-22-p0321,22,B,321,35,33,2,3,0.361907
book-22-p0322,22,B,322,34,33,5,7,0.453585
book-22-p0323,22,B,323,35,34,3,3,0.539232
book-22-p0324,22,B,324,36,34,2,2,0.564013
book-22-p0325,22,B,325,36,34,1,1,0.554633
book-22-p0326,22,B,326,34,33,2,2,0.289529
book-22-p0327,22,B,327,28,26,4,4,0.532679
book-22-p0328,22,B,328,31,30,5,5,0.290849
book-22-p0329,22,B,329,35,33,1,2,0.504033
book-22-p0330,22,B,330,35,33,2,2,0.331192
book-22-p0331,22,B,331,36,33,3,3,0.521687
book-22-p0332,22,B,332,35,33,3,3,0.498732
book-22-p0333,22,B,333,29,27,0,0,
book-22-p0334,22,B,334,30,29,6,6,0.242587
book-22-p0335,22,B,335,35,33,2,2,0.537981
book-22-p0336,22,B,336,35,34,2,2,0.483834
book-22-p0337,22,B,337,35,34,1,1,0.579988
book-22-p0338,22,B,338,35,34,4,4,0.448819
book-22-p0339,22,B,339,35,33,2,2,0.432645
book-22-p0340,22,B,340,35,33,3,3,0.502740
book-22-p0341,22,B,341,36,33,0,0,
book-22-p0342,22,B,342,35,34,2,2,0.522478
book-22-p0343,22,B,343,35,33,1,1,0.599955
book-22-p0344,22,B,344,35,34,2,3,0.255916
book-22-p0345,22,B,345,35,32,0,0,
book-22-p0346,22,B,346,33,32,0,0,
book-22-p0347,22,B,347,33,30,1,1,0.462580
book-22-p0348,22,B,348,33,32,0,0,
book-22-p0349,22,B,349,34,32,0,0,
book-22-p0350,22,B,350,34,33,1,1,0.499069
book-22-p0351,22,B,351,29,28,3,3,0.343299
book-22-p0352,22,B,352,34,33,2,2,0.561630
book-22-p0353,22,B,353,34,33,1,1,0.553902
book-22-p0354,22,B,354,35,34,2,3,0.440632
book-22-p0355,22,B,355,35,34,1,1,0.501966
book-22-p0356,22,B,356,36,34,3,3,0.514938
book-22-p0357,22,B,357,37,33,2,2,0.534784
book-22-p0358,22,B,358,29,28,4,4,0.205950
book-22-p0359,22,B,359,36,33,2,2,0.566899
book-22-p0360,22,B,360,34,33,5,5,0.514411
book-22-p0361,22,B,361,36,33,5,5,0.324293
book-22-p0362,22,B,362,34,33,2,2,0.446542
book-22-p0363,22,B,363,36,33,1,1,0.507238
book-22-p0364,22,B,364,35,34,2,2,0.374060
book-22-p0365,22,B,365,35,33,3,3,0.526144
book-22-p0366,22,B,366,35,34,3,3,0.500191
book-22-p0367,22,B,367,35,33,1,1,0.552376
book-22-p0368,22,B,368,29,28,2,3,0.536386
book-22-p0369,22,B,369,35,33,0,0,
book-22-p0370,22,B,370,35,33,0,0,
book-22-p0371,22,B,371,35,33,0,0,
book-22-p0372,22,B,372,35,33,2,2,0.545731
book-22-p0373,22,B,373,36,33,2,2,0.501546
book-22-p0374,22,B,374,34,33,1,1,0.421116
book-22-p0375,22,B,375,35,33,3,3,0.522375
book-22-p0376,22,B,376,34,33,3,3,0.517892
book-22-p0377,22,B,377,36,33,1,1,0.514978
book-22-p0378,22,B,378,34,33,3,4,0.197735
book-22-p0379,22,B,379,37,33,1,1,0.523156
book-22-p0380,22,B,380,35,33,1,1,0.517461
book-22-p0381,22,B,381,35,33,1,1,0.550111
book-22-p0382,22,B,382,34,33,0,0,
book-22-p0383,22,B,383,28,26,0,0,
book-22-p0384,22,B,384,34,32,0,0,
book-22-p0385,22,B,385,35,33,0,0,
book-22-p0386,22,B,386,34,33,2,2,0.483786
book-22-p0387,22,B,387,35,33,4,4,0.415610
book-22-p0388,22,B,388,35,33,0,0,
book-22-p0389,22,B,389,37,33,1,1,0.519649
book-22-p0390,22,B,390,34,33,0,0,
book-22-p0391,22,B,391,35,33,2,2,0.383422
book-22-p0392,22,B,392,34,33,1,1,0.435767
book-22-p0393,22,B,393,36,33,5,5,0.456609
book-22-p0394,22,B,394,34,33,1,1,0.568479
book-22-p0395,22,B,395,35,34,3,3,0.478831
book-22-p0396,22,B,396,35,34,1,1,0.577552
book-22-p0397,22,B,397,35,34,1,1,0.366553
book-22-p0398,22,B,398,29,28,2,2,0.220860
book-22-p0399,22,B,399,35,33,2,2,0.367890
book-22-p0400,22,B,400,35,33,1,1,0.557133
book-22-p0401,22,B,401,35,33,0,0,
book-22-p0402,22,B,402,34,33,0,0,
book-22-p0403,22,B,403,35,33,2,2,0.571966
book-22-p0404,22,B,404,36,35,2,2,0.205995
book-22-p0405,22,B,405,37,33,1,1,0.497798
book-22-p0406,22,B,406,34,33,6,6,0.490970
book-22-p0407,22,B,407,36,35,8,10,0.282611
book-22-p0408,22,B,408,34,33,1,1,0.497257
book-22-p0409,22,B,409,36,33,2,2,0.492442
book-22-p0410,22,B,410,34,33,1,1,0.556318
book-22-p0411,22,B,411,36,34,3,3,0.533340
book-22-p0412,22,B,412,34,33,1,1,0.465739
book-22-p0413,22,B,413,34,33,2,2,0.546003
book-22-p0414,22,B,414,34,33,3,3,0.248036
book-22-p0415,22,B,415,35,33,3,3,0.395856
book-22-p0416,22,B,416,34,33,6,6,0.363409
book-22-p0417,22,B,417,35,34,6,6,0.275469
book-22-p0418,22,B,418,34,33,4,4,0.421702
book-22-p0419,22,B,419,34,33,3,3,0.510095
book-22-p0420,22,B,420,29,27,3,3,0.403434
book-22-p0421,22,B,421,37,33,0,0,
book-22-p0422,22,B,422,34,33,2,2,0.492507
book-22-p0423,22,B,423,37,33,0,0,
book-22-p0424,22,B,424,34,33,1,1,0.533237
book-22-p0425,22,B,425,36,33,0,0,
book-22-p0426,22,B,426,34,33,1,1,0.539766
book-22-p0427,22,B,427,36,33,0,0,
book-22-p0428,22,B,428,34,33,1,1,0.556808
book-22-p0429,22,B,429,33,31,3,3,0.506587
book-22-p0430,22,B,430,35,34,3,3,0.480226
book-22-p0431,22,B,431,35,33,5,5,0.450213
book-22-p0432,22,B,432,34,33,1,1,0.463543
book-22-p0433,22,B,433,34,33,1,2,0.399083
book-22-p0434,22,B,434,34,33,1,1,0.522934
book-22-p0435,22,B,435,35,33,2,2,0.525376
book-22-p0436,22,B,436,35,33,2,2,0.573852
book-22-p0437,22,B,437,37,33,1,1,0.594051
book-22-p0438,22,B,438,34,33,0,0,
book-22-p0439,22,B,439,36,33,1,1,0.513941
book-22-p0440,22,B,440,35,34,3,3,0.258831
book-22-p0441,22,B,441,36,33,4,4,0.558989
book-22-p0442,22,B,442,35,34,4,4,0.398507
book-22-p0443,22,B,443,31,28,3,3,0.225236
book-22-p0444,22,B,444,35,34,2,2,0.533441
book-22-p0445,22,B,445,35,33,3,3,0.369691
book-22-p0446,22,B,446,35,34,2,2,0.500865
book-22-p0447,22,B,447,36,34,5,5,0.253633
book-22-p0448,22,B,448,34,33,4,4,0.459796
book-22-p0449,22,B,449,35,33,6,6,0.370656
book-22-p0450,22,B,450,35,34,0,0,
book-22-p0451,22,B,451,35,33,2,4,0.280241
book-22-p0452,22,B,452,36,34,1,1,0.495815
book-22-p0453,22,B,453,37,34,5,5,0.334307
book-22-p0454,22,B,454,34,33,0,0,
book-22-p0455,22,B,455,36,33,4,4,0.516960
book-22-p0456,22,B,456,35,34,3,3,0.421780
book-22-p0457,22,B,457,36,33,2,3,0.316040
book-22-p0458,22,B,458,35,34,3,3,0.554513
book-22-p0459,22,B,459,34,31,0,0,
book-22-p0460,22,B,460,30,29,4,4,0.450692
book-22-p0461,22,B,461,35,33,0,0,
book-22-p0462,22,B,462,34,33,2,2,0.513297
book-22-p0463,22,B,463,35,33,1,1,0.585193
book-22-p0464,22,B,464,35,34,2,2,0.520209
book-22-p0465,22,B,465,35,33,3,3,0.534824
book-22-p0466,22,B,466,35,33,2,2,0.513730
book-22-p0467,22,B,467,35,33,1,1,0.480027
book-22-p0468,22,B,468,35,34,2,2,0.410464
book-22-p0469,22,B,469,32,29,1,1,0.514089
book-22-p0470,22,B,470,35,33,1,1,0.322220
book-22-p0471,22,B,471,36,33,2,2,0.507906
book-22-p0472,22,B,472,34,33,0,0,
book-22-p0473,22,B,473,36,33,3,3,0.308016
book-22-p0474,22,B,474,34,33,1,1,0.536882
book-22-p0475,22,B,475,37,34,1,1,0.248782
book-22-p0476,22,B,476,34,33,1,1,0.518322
book-22-p0477,22,B,477,35,33,1,1,0.411719
book-22-p0478,22,B,478,34,33,0,0,
book-22-p0479,22,B,479,35,33,0,0,
book-22-p0480,22,B,480,34,33,0,0,
book-22-p0481,22,B,481,31,29,5,5,0.472203
book-22-p0482,22,B,482,34,33,2,2,0.541660
book-22-p0483,22,B,483,35,33,7,7,0.241074
book-22-p0484,22,B,484,36,35,0,0,
book-22-p0485,22,B,485,37,33,1,1,0.507893
book-22-p0486,22,B,486,35,34,1,1,0.545340
book-22-p0487,22,B,487,35,33,2,2,0.501076
book-22-p0488,22,B,488,34,33,2,2,0.437512
book-22-p0489,22,B,489,35,33,1,1,0.584248
book-22-p0490,22,B,490,34,33,1,1,0.595637
book-22-p0491,22,B,491,36,33,3,3,0.294324
book-22-p0492,22,B,492,35,34,1,1,0.542710
book-22-p0493,22,B,493,35,33,1,1,0.506018
book-22-p0494,22,B,494,35,34,3,3,0.464062
book-22-p0495,22,B,495,35,33,0,0,
book-22-p0496,22,B,496,29,28,4,4,0.200891
book-22-p0497,22,B,497,35,33,1,1,0.525863
book-22-p0498,22,B,498,34,33,1,1,0.565655
book-22-p0499,22,B,499,35,33,3,3,0.521986
book-22-p0500,22,B,500,36,34,2,2,0.306500
book-22-p0501,22,B,501,36,33,2,2,0.429357
book-22-p0502,22,B,502,34,33,0,0,
book-22-p0503,22,B,503,35,33,1,1,0.533791
book-22-p0504,22,B,504,35,34,1,1,0.586609
book-22-p0505,22,B,505,36,33,1,1,0.558256
book-22-p0506,22,B,506,35,34,2,2,0.188144
book-22-p0507,22,B,507,36,33,1,1,0.538384
book-22-p0508,22,B,508,34,33,1,1,0.559582
book-22-p0509,22,B,509,35,33,2,2,0.567128
book-22-p0510,22,B,510,35,34,1,1,0.520030
book-22-p0511,22,B,511,35,33,1,1,0.438736
book-22-p0512,22,B,512,35,34,5,5,0.524288
book-22-p0513,22,B,513,31,30,2,2,0.494696
book-22-p0514,22,B,514,29,28,2,2,0.438440
book-22-p0515,22,B,515,35,33,1,1,0.583943
book-22-p0516,22,B,516,36,34,2,2,0.439709
book-22-p0517,22,B,517,37,33,2,2,0.351646
book-22-p0518,22,B,518,35,34,2,2,0.476187
book-22-p0519,22,B,519,35,33,3,3,0.543410
book-22-p0520,22,B,520,34,33,1,1,0.540394
book-22-p0521,22,B,521,36,34,2,2,0.435649
book-22-p0522,22,B,522,35,34,0,0,
book-22-p0523,22,B,523,36,34,2,2,0.582351
book-22-p0524,22,B,524,34,33,1,1,0.529992
book-22-p0525,22,B,525,35,33,1,1,0.575746
book-22-p0526,22,B,526,35,34,3,3,0.472630
book-22-p0527,22,B,527,35,33,0,0,
book-22-p0528,22,B,528,35,34,2,2,0.528844
book-22-p0529,22,B,529,32,30,3,3,0.558173
book-22-p0530,22,B,530,35,33,3,3,0.512936
book-22-p0531,22,B,531,34,33,0,0,
book-22-p0532,22,B,532,35,33,0,0,
book-22-p0533,22,B,533,36,33,2,2,0.505801
book-22-p0534,22,B,534,35,34,4,4,0.370087
book-22-p0535,22,B,535,36,33,2,2,0.553846
book-22-p0536,22,B,536,31,30,1,1,0.520605
book-22-p0537,22,B,537,36,33,1,1,0.549738
book-22-p0538,22,B,538,35,34,5,5,0.348648
book-22-p0539,22,B,539,36,33,1,1,0.523680
book-22-p0540,22,B,540,35,34,4,4,0.344608
book-22-p0541,22,B,541,34,33,2,2,0.517210
book-22-p0542,22,B,542,35,34,0,0,
book-22-p0543,22,B,543,35,33,1,1,0.523193
book-22-p0544,22,B,544,34,33,0,0,
book-22-p0545,22,B,545,35,33,3,3,0.386813
book-22-p0546,22,B,546,35,34,2,2,0.354357
book-22-p0547,22,B,547,35,33,0,0,
book-22-p0548,22,B,548,34,33,1,1,0.581484
book-22-p0549,22,B,549,36,33,1,1,0.591835
book-22-p0550,22,B,550,29,28,3,3,0.495818
book-22-p0551,22,B,551,36,33,1,1,0.584729
book-22-p0552,22,B,552,35,34,0,0,
book-22-p0553,22,B,553,36,33,1,1,0.496540
book-22-p0554,22,B,554,35,34,2,2,0.491132
book-22-p0555,22,B,555,35,33,1,1,0.576663
book-22-p0556,22,B,556,34,33,1,1,0.417452
book-22-p0557,22,B,557,35,33,0,0,
book-22-p0558,22,B,558,34,33,1,1,0.582243
book-22-p0559,22,B,559,35,33,0,0,
book-22-p0560,22,B,560,34,33,1,1,0.562148
book-22-p0561,22,B,561,30,28,2,2,0.503562
book-22-p0562,22,B,562,31,29,2,2,0.568925
book-22-p0563,22,B,563,35,33,2,2,0.521656
book-22-p0564,22,B,564,36,34,3,3,0.550341
book-22-p0565,22,B,565,37,33,0,0,
book-22-p0566,22,B,566,34,33,2,2,0.369963
book-22-p0567,22,B,567,35,33,2,2,0.465892
book-22-p0568,22,B,568,34,33,3,3,0.461297
book-22-p0569,22,B,569,35,33,1,1,0.546022
book-22-p0570,22,B,570,34,33,3,3,0.496617
book-22-p0571,22,B,571,36,33,1,1,0.504437
book-22-p0572,22,B,572,35,34,3,3,0.531813
book-22-p0573,22,B,573,34,33,3,3,0.457686
book-22-p0574,22,B,574,35,34,2,2,0.224012
book-22-p0575,22,B,575,35,33,0,0,
book-22-p0576,22,B,576,35,34,0,0,
book-22-p0577,22,B,577,34,32,3,3,0.428619
book-22-p0578,22,B,578,33,31,3,3,0.500397
book-22-p0579,22,B,579,35,33,1,1,0.519642
book-22-p0580,22,B,580,35,33,2,2,0.526232
book-22-p0581,22,B,581,36,33,0,0,
book-22-p0582,22,B,582,34,33,0,0,
book-22-p0583,22,B,583,36,33,1,1,0.520474
book-22-p0584,22,B,584,34,33,0,0,
book-22-p0585,22,B,585,36,33,0,0,
book-22-p0586,22,B,586,34,33,5,6,0.527080
book-22-p0587,22,B,587,35,33,1,1,0.354484
book-22-p0588,22,B,588,34,33,0,0,
book-22-p0589,22,B,589,35,34,1,1,0.565642
book-22-p0590,22,B,590,34,33,1,1,0.578616
book-22-p0591,22,B,591,34,33,3,3,0.404957
book-22-p0592,22,B,592,34,33,4,4,0.497454
book-22-p0593,22,B,593,35,34,1,1,0.417573
book-22-p0594,22,B,594,29,28,4,5,0.328834
book-22-p0595,22,B,595,35,33,0,0,
book-22-p0596,22,B,596,35,33,4,4,0.359155
book-22-p0597,22,B,597,37,33,1,1,0.329176
book-22-p0598,22,B,598,34,33,2,2,0.511337
book-22-p0599,22,B,599,35,33,0,0,
book-22-p0600,22,B,600,35,34,0,0,
book-22-p0601,22,B,601,35,34,1,1,0.472272
book-22-p0602,22,B,602,35,34,1,1,0.549956
book-22-p0603,22,B,603,35,33,2,2,0.527073
book-22-p0604,22,B,604,28,27,3,3,0.511769
book-22-p0605,22,B,605,35,33,1,1,0.524380
book-22-p0606,22,B,606,34,33,0,0,
book-22-p0607,22,B,607,35,33,3,3,0.433913
book-22-p0608,22,B,608,34,33,1,1,0.365808
book-22-p0609,22,B,609,35,33,1,1,0.513893
book-22-p0610,22,B,610,34,33,1,1,0.383797
book-22-p0611,22,B,611,35,33,0,0,
book-22-p0612,22,B,612,35,33,1,1,0.569216
book-22-p0613,22,B,613,35,32,1,1,0.402361
book-22-p0614,22,B,614,34,33,0,0,
book-22-p0615,22,B,615,36,34,2,2,0.555042
book-22-p0616,22,B,616,35,34,2,2,0.399251
book-22-p0617,22,B,617,35,33,1,1,0.398219
book-22-p0618,22,B,618,35,34,0,0,
book-22-p0619,22,B,619,36,33,1,1,0.543765
book-22-p0620,22,B,620,34,33,1,1,0.530647
book-22-p0621,22,B,621,34,33,5,5,0.330900
book-22-p0622,22,B,622,34,33,1,1,0.513012
book-22-p0623,22,B,623,35,34,1,1,0.548274
book-22-p0624,22,B,624,34,33,2,2,0.531171
book-22-p0625,22,B,625,35,33,1,1,0.556141
book-22-p0626,22,B,626,33,32,0,0,
book-22-p0627,22,B,627,35,33,4,4,0.511280
book-22-p0628,22,B,628,35,33,0,0,
book-22-p0629,22,B,629,34,33,0,0,
book-22-p0630,22,B,630,34,33,1,2,0.502287
book-22-p0631,22,B,631,30,28,6,6,0.285322
book-22-p0632,22,B,632,35,34,5,5,0.445455
book-22-p0633,22,B,633,36,33,1,1,0.544481
book-22-p0634,22,B,634,35,34,3,3,0.444827
book-22-p0635,22,B,635,32,29,2,2,0.561990
book-22-p0636,22,B,636,30,29,3,3,0.519458
book-22-p0637,22,B,637,35,33,1,1,0.536762
book-22-p0638,22,B,638,35,34,6,6,0.430863
book-22-p0639,22,B,639,35,33,5,5,0.340039
book-22-p0640,22,B,640,34,33,1,1,0.534588
book-22-p0641,22,B,641,35,33,0,0,
book-22-p0642,22,B,642,35,34,3,3,0.422901
book-22-p0643,22,B,643,35,33,2,2,0.540463
book-22-p0644,22,B,644,36,34,3,3,0.301283
book-22-p0645,22,B,645,35,33,1,1,0.535237
book-22-p0646,22,B,646,35,34,2,2,0.424039
book-22-p0647,22,B,647,35,33,1,1,0.536037
book-22-p0648,22,B,648,34,33,2,2,0.223884
book-22-p0649,22,B,649,35,33,0,0,
book-22-p0650,22,B,650,34,33,2,2,0.586881
book-22-p0651,22,B,651,35,34,2,2,0.181520
book-22-p0652,22,B,652,34,33,1,1,0.595154
book-22-p0653,22,B,653,35,33,0,0,
book-22-p0654,22,B,654,34,33,0,0,
book-22-p0655,22,B,655,35,33,1,1,0.517378
book-22-p0656,22,B,656,35,34,1,1,0.393884
book-22-p0657,22,B,657,35,34,1,1,0.572888
book-22-p0658,22,B,658,34,33,0,0,
book-22-p0659,22,B,659,34,33,0,0,
book-22-p0660,22,B,660,34,32,1,1,0.550366
book-22-p0661,22,B,661,36,33,2,2,0.406660
book-22-p0662,22,B,662,34,33,4,4,0.543597
book-22-p0663,22,B,663,36,33,3,4,0.558241
book-22-p0664,22,B,664,34,33,3,3,0.442885
book-22-p0665,22,B,665,36,34,3,3,0.532565
book-22-p0666,22,B,666,34,33,3,3,0.503507
book-22-p0667,22,B,667,36,33,5,5,0.182580
book-22-p0668,22,B,668,35,34,0,0,
book-22-p0669,22,B,669,35,33,0,0,
book-22-p0670,22,B,670,35,34,3,3,0.466150
book-22-p0671,22,B,671,35,33,5,5,0.356020
book-22-p0672,22,B,672,35,34,4,5,0.409332
book-22-p0673,22,B,673,35,33,2,2,0.464904
book-22-p0674,22,B,674,34,33,2,2,0.399950
book-22-p0675,22,B,675,35,33,6,6,0.357169
book-22-p0676,22,B,676,35,33,2,2,0.439128
book-22-p0677,22,B,677,37,33,1,1,0.471873
book-22-p0678,22,B,678,30,29,1,1,0.577483
book-22-p0679,22,B,679,35,33,1,1,0.571468
book-22-p0680,22,B,680,35,34,1,1,0.550902
book-22-p0681,22,B,681,36,33,2,2,0.591362
book-22-p0682,22,B,682,34,33,0,0,
book-22-p0683,22,B,683,35,32,1,1,0.509534
book-22-p0684,22,B,684,35,34,0,0,
book-22-p0685,22,B,685,33,31,0,0,
book-22-p0686,22,B,686,34,33,0,0,
book-22-p0687,22,B,687,35,33,1,1,0.514514
book-22-p0688,22,B,688,35,34,0,0,
book-22-p0689,22,B,689,35,33,2,2,0.560741
book-22-p0690,22,B,690,34,33,2,2,0.506841
book-22-p0691,22,B,691,35,33,4,4,0.539599
book-22-p0692,22,B,692,35,33,1,1,0.523326
book-22-p0693,22,B,693,37,33,1,1,0.550467
book-22-p0694,22,B,694,32,31,2,3,0.292944
book-22-p0695,22,B,695,36,33,0,0,
book-22-p0696,22,B,696,34,33,1,1,0.488234
book-22-p0697,22,B,697,35,33,0,0,
book-22-p0698,22,B,698,35,34,0,0,
book-22-p0699,22,B,699,36,33,2,2,0.505519
book-22-p0700,22,B,700,34,33,1,1,0.462481
book-22-p0701,22,B,701,35,34,1,1,0.510426
book-22-p0702,22,B,702,33,32,1,1,0.500367
book-22-p0703,22,B,703,31,29,0,0,
book-22-p0704,22,B,704,35,34,1,1,0.589798
book-22-p0705,22,B,705,35,33,0,0,
book-22-p0706,22,B,706,35,34,1,1,0.528080
book-22-p0707,22,B,707,35,33,3,3,0.386018
book-22-p0708,22,B,708,35,34,1,1,0.513119
book-22-p0709,22,B,709,37,33,1,1,0.573657
book-22-p0710,22,B,710,30,29,5,7,0.469873
book-22-p0711,22,B,711,27,25,2,2,0.479923
book-22-p0712,22,B,712,35,34,3,3,0.423546
book-22-p0713,22,B,713,36,33,1,2,0.546250
book-22-p0714,22,B,714,34,33,0,0,
book-22-p0715,22,B,715,36,33,3,4,0.375855
book-22-p0716,22,B,716,34,33,2,2,0.516115
book-22-p0717,22,B,717,35,33,2,3,0.450099
book-22-p0718,22,B,718,34,33,1,1,0.540271
book-22-p0719,22,B,719,35,33,2,2,0.328877
book-22-p0720,22,B,720,34,33,1,1,0.466208
book-22-p0721,22,B,721,35,34,1,1,0.536100
book-22-p0722,22,B,722,34,33,2,2,0.469744
book-22-p0723,22,B,723,35,33,1,1,0.416593
book-22-p0724,22,B,724,35,33,1,1,0.501107
book-22-p0725,22,B,725,37,33,2,2,0.475906
book-22-p0726,22,B,726,31,30,3,3,0.374812
book-22-p0727,22,B,727,32,29,1,1,0.576449
book-22-p0728,22,B,728,35,34,4,4,0.296974
book-22-p0729,22,B,729,36,33,0,0,
book-22-p0730,22,B,730,34,33,2,2,0.436464
book-22-p0731,22,B,731,36,33,1,1,0.513482
book-22-p0732,22,B,732,35,34,2,2,0.513140
book-22-p0733,22,B,733,35,33,4,4,0.374362
book-22-p0734,22,B,734,35,34,0,0,
book-22-p0735,22,B,735,35,33,4,4,0.426542
book-22-p0736,22,B,736,35,34,2,2,0.525159
book-22-p0737,22,B,737,35,33,1,1,0.518169
book-22-p0738,22,B,738,32,31,5,6,0.280048
book-22-p0739,22,B,739,35,33,0,0,
book-22-p0740,22,B,740,36,34,1,1,0.510415
book-22-p0741,22,B,741,36,33,1,1,0.573388
book-22-p0742,22,B,742,35,34,0,0,
book-22-p0743,22,B,743,35,33,3,3,0.441014
book-22-p0744,22,B,744,34,33,0,0,
book-22-p0745,22,B,745,36,33,1,2,0.511801
book-22-p0746,22,B,746,34,33,1,1,0.437025
book-22-p0747,22,B,747,36,33,1,1,0.519010
book-22-p0748,22,B,748,34,33,0,0,
book-22-p0749,22,B,749,35,33,0,0,
book-22-p0750,22,B,750,35,34,2,2,0.497419
book-22-p0751,22,B,751,35,33,0,0,
book-22-p0752,22,B,752,34,33,0,0,
book-22-p0753,22,B,753,35,33,0,0,
book-22-p0754,22,B,754,35,34,1,1,0.455574
book-22-p0755,22,B,755,35,33,1,1,0.575810
book-22-p0756,22,B,756,35,33,1,1,0.576946
book-22-p0757,22,B,757,36,33,0,0,
book-22-p0758,22,B,758,35,33,4,4,0.373094
book-22-p0759,22,B,759,36,33,1,1,0.449383
book-22-p0760,22,B,760,34,33,2,2,0.451948
book-22-p0761,22,B,761,36,33,1,1,0.583180
book-22-p0762,22,B,762,33,32,1,1,0.544668
book-22-p0763,22,B,763,31,28,1,1,0.577616
book-22-p0764,22,B,764,34,33,1,1,0.506907
book-22-p0765,22,B,765,35,33,0,0,
book-22-p0766,22,B,766,35,34,2,2,0.337609
book-22-p0767,22,B,767,35,33,1,1,0.314867
book-22-p0768,22,B,768,34,33,1,1,0.557480
book-22-p0769,22,B,769,35,33,0,0,
book-22-p0770,22,B,770,34,33,0,0,
book-22-p0771,22,B,771,35,33,1,1,0.517836
book-22-p0772,22,B,772,36,34,3,3,0.223664
book-22-p0773,22,B,773,37,33,0,0,
book-22-p0774,22,B,774,35,34,3,3,0.486756
book-22-p0775,22,B,775,36,33,1,1,0.577324
book-22-p0776,22,B,776,35,34,0,0,
book-22-p0777,22,B,777,36,34,2,2,0.278258
book-22-p0778,22,B,778,34,33,3,3,0.378052
book-22-p0779,22,B,779,36,33,1,1,0.500623
book-22-p0780,22,B,780,34,33,2,2,0.487941
book-22-p0781,22,B,781,35,33,0,0,
book-22-p0782,22,B,782,35,34,2,2,0.511037
book-22-p0783,22,B,783,24,22,0,0,
book-22-p0784,22,B,784,30,29,1,1,0.251837
book-22-p0785,22,B,785,36,34,1,1,0.564449
book-22-p0786,22,B,786,34,33,0,0,
book-22-p0787,22,B,787,35,33,1,1,0.579461
book-22-p0788,22,B,788,35,34,0,0,
book-22-p0789,22,B,789,36,33,0,0,
book-22-p0790,22,B,790,34,33,2,2,0.542708
book-22-p0791,22,B,791,35,34,0,0,
book-22-p0792,22,B,792,34,33,2,2,0.376907
book-22-p0793,22,B,793,35,33,0,0,
book-22-p0794,22,B,794,34,33,2,2,0.581831
book-22-p0795,22,B,795,35,33,1,1,0.532022
book-22-p0796,22,B,796,32,31,1,1,0.579384
book-22-p0797,22,B,797,35,33,0,0,
book-22-p0798,22,B,798,34,33,1,1,0.554793
book-22-p0799,22,B,799,35,33,3,3,0.513103
book-22-p0800,22,B,800,35,33,2,2,0.487798
book-22-p0801,22,B,801,34,32,1,1,0.539622
book-22-p0802,22,B,802,34,33,1,1,0.574325
book-22-p0803,22,B,803,35,33,0,0,
book-22-p0804,22,B,804,35,33,1,1,0.247664
book-22-p0805,22,B,805,37,33,0,0,
book-22-p0806,22,B,806,34,33,0,0,
book-22-p0807,22,B,807,36,33,1,1,0.496084
book-22-p0808,22,B,808,35,34,1,1,0.224203
book-22-p0809,22,B,809,36,34,0,0,
book-22-p0810,22,B,810,34,33,0,0,
book-22-p0811,22,B,811,36,33,1,1,0.517078
book-22-p0812,22,B,812,34,33,2,2,0.500493
book-22-p0813,22,B,813,33,32,1,1,0.562223
book-22-p0814,22,B,814,34,33,1,1,0.551385
book-22-p0815,22,B,815,35,33,0,0,
book-22-p0816,22,B,816,34,33,0,0,
book-22-p0817,22,B,817,35,34,2,2,0.504301
book-22-p0818,22,B,818,34,33,2,2,0.571839
book-22-p0819,22,B,819,35,33,0,0,
book-22-p0820,22,B,820,36,34,1,1,0.502914
book-22-p0821,22,B,821,37,33,0,0,
book-22-p0822,22,B,822,34,33,1,1,0.559030
book-22-p0823,22,B,823,31,28,3,3,0.537833
book-22-p0824,22,B,824,34,33,0,0,
book-22-p0825,22,B,825,36,33,2,2,0.576737
book-22-p0826,22,B,826,35,33,1,1,0.418215
book-22-p0827,22,B,827,36,33,1,1,0.541196
book-22-p0828,22,B,828,35,34,1,1,0.559736
book-22-p0829,22,B,829,35,33,1,1,0.338633
book-22-p0830,22,B,830,34,33,1,1,0.597181
book-22-p0831,22,B,831,35,33,0,0,
book-22-p0832,22,B,832,35,34,1,1,0.536515
book-22-p0833,22,B,833,35,33,0,0,
book-22-p0834,22,B,834,30,29,0,0,
book-22-p0835,22,B,835,35,33,1,1,0.407180
book-22-p0836,22,B,836,36,34,2,2,0.474451
book-22-p0837,22,B,837,37,33,1,1,0.535181
book-22-p0838,22,B,838,35,34,1,1,0.422506
book-22-p0839,22,B,839,36,33,0,0,
book-22-p0840,22,B,840,35,34,2,2,0.426862
book-22-p0841,22,B,841,33,30,1,1,0.526910
book-22-p0842,22,B,842,35,34,1,1,0.585372
book-22-p0843,22,B,843,36,33,1,1,0.529724
book-22-p0844,22,B,844,35,34,3,3,0.486590
book-22-p0845,22,B,845,35,33,0,0,
book-22-p0846,22,B,846,35,34,2,2,0.506251
book-22-p0847,22,B,847,35,33,0,0,
book-22-p0848,22,B,848,35,34,4,4,0.520450
book-22-p0849,22,B,849,35,33,1,1,0.523799
book-22-p0850,22,B,850,30,28,3,3,0.218894
book-22-p0851,22,B,851,35,33,0,0,
book-22-p0852,22,B,852,36,34,0,0,
book-22-p0853,22,B,853,37,33,0,0,
book-22-p0854,22,B,854,34,33,0,0,
book-22-p0855,22,B,855,36,33,0,0,
book-22-p0856,22,B,856,35,34,1,1,0.568357
book-22-p0857,22,B,857,36,33,1,1,0.565110
book-22-p0858,22,B,858,34,33,3,3,0.522989
book-22-p0859,22,B,859,30,27,4,4,0.453514
book-22-p0860,22,B,860,35,34,2,2,0.582055
book-22-p0861,22,B,861,35,33,2,2,0.562928
book-22-p0862,22,B,862,35,34,2,2,0.437259
book-22-p0863,22,B,863,35,33,1,1,0.592364
book-22-p0864,22,B,864,29,28,1,1,0.567997
book-22-p0865,22,B,865,30,28,2,2,0.480439
book-22-p0866,22,B,866,35,34,1,1,0.577391
book-22-p0867,22,B,867,35,33,5,5,0.487785
book-22-p0868,22,B,868,35,34,0,0,
book-22-p0869,22,B,869,37,33,1,1,0.590603
book-22-p0870,22,B,870,30,28,0,0,
book-22-p0871,22,B,871,35,33,0,0,
book-22-p0872,22,B,872,34,33,2,2,0.460182
book-22-p0873,22,B,873,37,33,0,0,
book-22-p0874,22,B,874,34,33,1,1,0.550694
book-22-p0875,22,B,875,37,34,1,1,0.598292
book-22-p0876,22,B,876,35,34,1,1,0.298658
book-22-p0877,22,B,877,33,32,6,6,0.315069
book-22-p0878,22,B,878,34,33,2,2,0.513561
book-22-p0879,22,B,879,35,33,0,0,
book-22-p0880,22,B,880,21,20,1,1,0.571195
book-22-p0881,22,B,881,30,29,1,1,0.322903
book-22-p0882,22,B,882,34,33,0,0,
book-22-p0883,22,B,883,35,33,1,1,0.549189
book-22-p0884,22,B,884,36,35,2,2,0.543720
book-22-p0885,22,B,885,37,33,0,0,
book-22-p0886,22,B,886,35,34,1,1,0.507117
book-22-p0887,22,B,887,26,23,0,0,
book-22-p0888,22,B,888,29,28,2,3,0.307910
book-22-p0889,22,B,889,36,34,3,3,0.502373
book-22-p0890,22,B,890,35,34,4,4,0.457626
book-22-p0891,22,B,891,36,33,0,0,
book-22-p0892,22,B,892,35,34,0,0,
book-22-p0893,22,B,893,11,10,0,0,
book-22-p0894,22,B,894,0,0,0,0,
book-22-p0895,22,B,895,23,21,5,6,0.403917
book-22-p0896,22,B,896,34,33,8,8,0.364393
book-22-p0897,22,B,897,36,34,6,6,0.488832
book-22-p0898,22,B,898,35,34,5,5,0.468445
book-22-p0899,22,B,899,34,32,8,10,0.434412
book-22-p0900,22,B,900,35,33,3,3,0.481294
book-22-p0901,22,B,901,37,35,8,10,0.331600
book-22-p0902,22,B,902,36,34,10,13,0.372956
book-22-p0903,22,B,903,27,25,6,7,0.409363
book-22-p0904,22,B,904,0,0,0,0,
book-22-p0905,22,B,905,0,0,0,0,
book-22-p0906,22,B,906,0,0,0,0,
book-22-p0907,22,B,907,0,0,0,0,
book-22-p0908,22,B,908,0,0,0,0,
book-22-p0909,22,B,909,0,0,0,0,
book-22-p0910,22,B,910,0,0,0,0,
book-22-p0911,22,B,911,1,1,1,1,0.528681
book-22-p0912,22,B,912,0,0,0,0,
book-22-p0913,22,B,913,0,0,0,0,
book-22-p0914,22,B,914,0,0,0,0,
book-23-p0001,23,B,1,8,7,6,11,0.112346
book-23-p0002,23,B,2,32,31,19,37,0.227822
book-23-p0003,23,B,3,1,1,1,2,0.377151
book-23-p0004,23,B,4,0,0,0,0,
book-23-p0005,23,B,5,0,0,0,0,
book-23-p0006,23,B,6,0,0,0,0,
book-23-p0007,23,B,7,0,0,0,0,
book-23-p0008,23,B,8,0,0,0,0,
book-23-p0009,23,B,9,8,6,4,6,0.237553
book-23-p0010,23,B,10,0,0,0,0,
book-23-p0011,23,B,11,20,17,2,2,0.523471
book-23-p0012,23,B,12,0,0,0,0,
book-23-p0013,23,B,13,18,17,6,7,0.157187
book-23-p0014,23,B,14,24,23,1,1,0.573018
book-23-p0015,23,B,15,12,9,1,1,0.544908
book-23-p0016,23,B,16,32,31,2,2,0.450017
book-23-p0017,23,B,17,25,21,1,1,0.576387
book-23-p0018,23,B,18,34,33,0,0,
book-23-p0019,23,B,19,35,33,0,0,
book-23-p0020,23,B,20,34,33,0,0,
book-23-p0021,23,B,21,35,33,0,0,
book-23-p0022,23,B,22,34,33,0,0,
book-23-p0023,23,B,23,35,33,1,1,0.576965
book-23-p0024,23,B,24,34,33,0,0,
book-23-p0025,23,B,25,34,31,3,3,0.507437
book-23-p0026,23,B,26,34,33,4,4,0.262638
book-23-p0027,23,B,27,35,33,0,0,
book-23-p0028,23,B,28,35,34,0,0,
book-23-p0029,23,B,29,35,33,0,0,
book-23-p0030,23,B,30,34,33,2,2,0.557739
book-23-p0031,23,B,31,35,33,0,0,
book-23-p0032,23,B,32,36,34,1,1,0.429873
book-23-p0033,23,B,33,37,33,0,0,
book-23-p0034,23,B,34,34,33,0,0,
book-23-p0035,23,B,35,31,28,0,0,
book-23-p0036,23,B,36,34,33,2,2,0.557359
book-23-p0037,23,B,37,36,33,0,0,
book-23-p0038,23,B,38,35,34,0,0,
book-23-p0039,23,B,39,36,33,1,1,0.550030
book-23-p0040,23,B,40,35,33,2,2,0.414708
book-23-p0041,23,B,41,35,33,1,1,0.581394
book-23-p0042,23,B,42,35,34,2,2,0.515644
book-23-p0043,23,B,43,35,33,1,1,0.558127
book-23-p0044,23,B,44,34,33,0,0,
book-23-p0045,23,B,45,35,33,0,0,
book-23-p0046,23,B,46,34,33,3,3,0.499958
book-23-p0047,23,B,47,35,33,0,0,
book-23-p0048,23,B,48,36,33,1,1,0.452887
book-23-p0049,23,B,49,35,33,2,2,0.480904
book-23-p0050,23,B,50,35,33,0,0,
book-23-p0051,23,B,51,30,28,0,0,
book-23-p0052,23,B,52,34,33,2,2,0.450632
book-23-p0053,23,B,53,35,33,1,1,0.424323
book-23-p0054,23,B,54,34,33,0,0,
book-23-p0055,23,B,55,35,33,0,0,
book-23-p0056,23,B,56,35,34,0,0,
book-23-p0057,23,B,57,35,33,1,1,0.564254
book-23-p0058,23,B,58,33,32,1,1,0.598214
book-23-p0059,23,B,59,32,30,3,3,0.426172
book-23-p0060,23,B,60,31,30,4,4,0.449017
book-23-p0061,23,B,61,31,30,1,1,0.563283
book-23-p0062,23,B,62,35,33,0,0,
book-23-p0063,23,B,63,33,30,0,0,
book-23-p0064,23,B,64,34,30,1,1,0.522277
book-23-p0065,23,B,65,37,33,0,0,
book-23-p0066,23,B,66,34,33,0,0,
book-23-p0067,23,B,67,35,33,2,2,0.368327
book-23-p0068,23,B,68,34,33,1,1,0.517103
book-23-p0069,23,B,69,35,33,0,0,
book-23-p0070,23,B,70,35,33,1,1,0.531980
book-23-p0071,23,B,71,35,33,2,2,0.390368
book-23-p0072,23,B,72,23,22,1,1,0.568643
book-23-p0073,23,B,73,30,29,2,2,0.540628
book-23-p0074,23,B,74,34,33,1,1,0.528251
book-23-p0075,23,B,75,34,33,0,0,
book-23-p0076,23,B,76,35,34,0,0,
book-23-p0077,23,B,77,34,33,3,3,0.426001
book-23-p0078,23,B,78,35,33,0,0,
book-23-p0079,23,B,79,35,33,1,1,0.513982
book-23-p0080,23,B,80,35,33,0,0,
book-23-p0081,23,B,81,36,33,0,0,
book-23-p0082,23,B,82,34,33,0,0,
book-23-p0083,23,B,83,36,33,1,1,0.593527
book-23-p0084,23,B,84,34,33,0,0,
book-23-p0085,23,B,85,36,33,0,0,
book-23-p0086,23,B,86,34,33,1,1,0.474416
book-23-p0087,23,B,87,36,33,0,0,
book-23-p0088,23,B,88,35,33,0,0,
book-23-p0089,23,B,89,35,33,0,0,
book-23-p0090,23,B,90,34,33,1,1,0.571534
book-23-p0091,23,B,91,35,33,1,1,0.593270
book-23-p0092,23,B,92,31,30,0,0,
book-23-p0093,23,B,93,31,29,2,2,0.424125
book-23-p0094,23,B,94,34,33,2,2,0.449183
book-23-p0095,23,B,95,34,33,0,0,
book-23-p0096,23,B,96,35,33,0,0,
book-23-p0097,23,B,97,36,34,0,0,
book-23-p0098,23,B,98,35,34,0,0,
book-23-p0099,23,B,99,35,34,2,2,0.502710
book-23-p0100,23,B,100,34,33,3,3,0.441736
book-23-p0101,23,B,101,35,33,1,1,0.568108
book-23-p0102,23,B,102,27,26,2,2,0.453934
book-23-p0103,23,B,103,30,29,7,7,0.356091
book-23-p0104,23,B,104,30,29,4,5,0.421399
book-23-p0105,23,B,105,29,28,3,3,0.505376
book-23-p0106,23,B,106,30,29,10,11,0.310557
book-23-p0107,23,B,107,30,29,3,3,0.525792
book-23-p0108,23,B,108,28,27,6,6,0.547671
book-23-p0109,23,B,109,29,28,2,2,0.560125
book-23-p0110,23,B,110,34,33,0,0,
book-23-p0111,23,B,111,35,33,1,1,0.542211
book-23-p0112,23,B,112,35,33,2,2,0.515251
book-23-p0113,23,B,113,35,33,2,2,0.541706
book-23-p0114,23,B,114,34,33,2,2,0.548121
book-23-p0115,23,B,115,35,33,0,0,
book-23-p0116,23,B,116,35,34,1,1,0.445100
book-23-p0117,23,B,117,36,33,2,2,0.523884
book-23-p0118,23,B,118,35,34,4,4,0.528866
book-23-p0119,23,B,119,36,33,0,0,
book-23-p0120,23,B,120,35,34,1,1,0.319933
book-23-p0121,23,B,121,35,33,0,0,
book-23-p0122,23,B,122,35,34,3,4,0.305944
book-23-p0123,23,B,123,35,33,0,0,
book-23-p0124,23,B,124,35,34,1,1,0.579903
book-23-p0125,23,B,125,35,33,0,0,
book-23-p0126,23,B,126,34,33,0,0,
book-23-p0127,23,B,127,35,33,1,1,0.534365
book-23-p0128,23,B,128,36,34,0,0,
book-23-p0129,23,B,129,34,31,0,0,
book-23-p0130,23,B,130,29,28,1,1,0.521221
book-23-p0131,23,B,131,36,33,0,0,
book-23-p0132,23,B,132,35,34,2,2,0.506711
book-23-p0133,23,B,133,36,33,3,3,0.506112
book-23-p0134,23,B,134,34,33,2,2,0.503563
book-23-p0135,23,B,135,34,31,1,1,0.544249
book-23-p0136,23,B,136,35,34,0,0,
book-23-p0137,23,B,137,35,33,0,0,
book-23-p0138,23,B,138,34,33,1,1,0.555819
book-23-p0139,23,B,139,35,33,1,1,0.547104
book-23-p0140,23,B,140,35,34,4,4,0.538362
book-23-p0141,23,B,141,35,33,0,0,
book-23-p0142,23,B,142,35,33,0,0,
book-23-p0143,23,B,143,35,33,1,1,0.553304
book-23-p0144,23,B,144,35,33,0,0,
book-23-p0145,23,B,145,36,33,0,0,
book-23-p0146,23,B,146,35,34,0,0,
book-23-p0147,23,B,147,36,33,0,0,
book-23-p0148,23,B,148,34,33,0,0,
book-23-p0149,23,B,149,36,32,0,0,
book-23-p0150,23,B,150,28,27,1,1,0.540964
book-23-p0151,23,B,151,36,33,1,1,0.591970
book-23-p0152,23,B,152,34,33,0,0,
book-23-p0153,23,B,153,35,34,0,0,
book-23-p0154,23,B,154,34,33,0,0,
book-23-p0155,23,B,155,35,34,0,0,
book-23-p0156,23,B,156,34,33,0,0,
book-23-p0157,23,B,157,35,34,0,0,
book-23-p0158,23,B,158,34,33,0,0,
book-23-p0159,23,B,159,35,33,1,1,0.549979
book-23-p0160,23,B,160,35,33,1,1,0.550743
book-23-p0161,23,B,161,37,33,1,1,0.591905
book-23-p0162,23,B,162,35,34,1,1,0.588309
book-23-p0163,23,B,163,36,33,0,0,
book-23-p0164,23,B,164,35,34,1,1,0.547527
book-23-p0165,23,B,165,36,33,2,2,0.523289
book-23-p0166,23,B,166,35,34,2,2,0.500194
book-23-p0167,23,B,167,36,33,1,1,0.550301
book-23-p0168,23,B,168,34,33,3,3,0.503505
book-23-p0169,23,B,169,29,28,2,2,0.510722
book-23-p0170,23,B,170,35,34,1,1,0.504204
book-23-p0171,23,B,171,34,33,0,0,
book-23-p0172,23,B,172,35,34,1,1,0.443762
book-23-p0173,23,B,173,35,34,0,0,
book-23-p0174,23,B,174,35,34,1,1,0.500191
book-23-p0175,23,B,175,35,33,1,1,0.499746
book-23-p0176,23,B,176,36,34,4,5,0.383342
book-23-p0177,23,B,177,31,27,2,2,0.374760
book-23-p0178,23,B,178,34,33,0,0,
book-23-p0179,23,B,179,36,34,1,1,0.580452
book-23-p0180,23,B,180,34,33,2,2,0.435463
book-23-p0181,23,B,181,36,34,0,0,
book-23-p0182,23,B,182,34,33,1,1,0.522401
book-23-p0183,23,B,183,36,33,1,1,0.488710
book-23-p0184,23,B,184,34,33,2,2,0.500522
book-23-p0185,23,B,185,35,34,0,0,
book-23-p0186,23,B,186,35,33,1,1,0.545704
book-23-p0187,23,B,187,35,33,1,1,0.491410
book-23-p0188,23,B,188,34,33,5,5,0.382431
book-23-p0189,23,B,189,35,33,0,0,
book-23-p0190,23,B,190,35,33,0,0,
book-23-p0191,23,B,191,35,33,1,1,0.588523
book-23-p0192,23,B,192,36,33,2,2,0.546331
book-23-p0193,23,B,193,32,28,4,4,0.194256
book-23-p0194,23,B,194,35,33,1,1,0.569098
book-23-p0195,23,B,195,37,33,0,0,
book-23-p0196,23,B,196,35,34,2,2,0.401143
book-23-p0197,23,B,197,36,33,1,1,0.318320
book-23-p0198,23,B,198,35,34,1,1,0.500922
book-23-p0199,23,B,199,36,34,0,0,
book-23-p0200,23,B,200,36,34,1,1,0.335415
book-23-p0201,23,B,201,35,34,1,1,0.598855
book-23-p0202,23,B,202,18,17,1,1,0.547784
book-23-p0203,23,B,203,31,30,1,1,0.190785
book-23-p0204,23,B,204,35,34,1,1,0.582850
book-23-p0205,23,B,205,35,33,0,0,
book-23-p0206,23,B,206,35,34,1,1,0.266116
book-23-p0207,23,B,207,35,33,1,1,0.546942
book-23-p0208,23,B,208,36,34,2,2,0.433567
book-23-p0209,23,B,209,36,33,0,0,
book-23-p0210,23,B,210,34,33,4,4,0.545031
book-23-p0211,23,B,211,35,33,5,5,0.521657
book-23-p0212,23,B,212,35,34,1,1,0.549884
book-23-p0213,23,B,213,30,27,3,3,0.489269
book-23-p0214,23,B,214,29,28,2,2,0.464943
book-23-p0215,23,B,215,36,33,3,3,0.566632
book-23-p0216,23,B,216,35,34,1,1,0.586910
book-23-p0217,23,B,217,36,35,0,0,
book-23-p0218,23,B,218,35,34,1,1,0.543225
book-23-p0219,23,B,219,35,33,0,0,
book-23-p0220,23,B,220,34,33,2,2,0.486507
book-23-p0221,23,B,221,35,33,1,1,0.493903
book-23-p0222,23,B,222,35,34,1,1,0.453718
book-23-p0223,23,B,223,35,33,1,1,0.468291
book-23-p0224,23,B,224,36,34,1,1,0.272445
book-23-p0225,23,B,225,37,33,0,0,
book-23-p0226,23,B,226,35,34,0,0,
book-23-p0227,23,B,227,30,28,1,1,0.448327
book-23-p0228,23,B,228,34,33,1,1,0.516564
book-23-p0229,23,B,229,36,33,0,0,
book-23-p0230,23,B,230,34,33,1,1,0.569089
book-23-p0231,23,B,231,36,33,1,1,0.311730
book-23-p0232,23,B,232,34,33,1,1,0.517984
book-23-p0233,23,B,233,35,33,3,3,0.320212
book-23-p0234,23,B,234,35,34,3,3,0.407478
book-23-p0235,23,B,235,35,33,1,1,0.520149
book-23-p0236,23,B,236,35,33,1,1,0.522248
book-23-p0237,23,B,237,35,33,0,0,
book-23-p0238,23,B,238,35,33,1,1,0.435818
book-23-p0239,23,B,239,35,33,1,1,0.453200
book-23-p0240,23,B,240,36,33,1,1,0.536822
book-23-p0241,23,B,241,36,33,0,0,
book-23-p0242,23,B,242,35,34,2,2,0.245187
book-23-p0243,23,B,243,35,33,2,2,0.569558
book-23-p0244,23,B,244,35,34,4,4,0.443902
book-23-p0245,23,B,245,36,33,2,2,0.522423
book-23-p0246,23,B,246,34,33,0,0,
book-23-p0247,23,B,247,37,33,1,1,0.553523
book-23-p0248,23,B,248,34,33,0,0,
book-23-p0249,23,B,249,35,33,0,0,
book-23-p0250,23,B,250,35,33,0,0,
book-23-p0251,23,B,251,35,33,0,0,
book-23-p0252,23,B,252,34,33,0,0,
book-23-p0253,23,B,253,35,34,1,1,0.521759
book-23-p0254,23,B,254,27,26,1,1,0.527944
book-23-p0255,23,B,255,35,34,2,2,0.160608
book-23-p0256,23,B,256,36,33,0,0,
book-23-p0257,23,B,257,36,33,2,2,0.506836
book-23-p0258,23,B,258,35,34,1,1,0.557373
book-23-p0259,23,B,259,36,33,0,0,
book-23-p0260,23,B,260,34,33,3,4,0.329631
book-23-p0261,23,B,261,36,34,3,3,0.508089
book-23-p0262,23,B,262,35,34,3,3,0.551934
book-23-p0263,23,B,263,36,34,2,2,0.308795
book-23-p0264,23,B,264,35,33,0,0,
book-23-p0265,23,B,265,35,33,0,0,
book-23-p0266,23,B,266,35,34,1,1,0.569996
book-23-p0267,23,B,267,35,33,1,1,0.523878
book-23-p0268,23,B,268,34,33,0,0,
book-23-p0269,23,B,269,35,33,0,0,
book-23-p0270,23,B,270,34,33,2,2,0.543285
book-23-p0271,23,B,271,35,33,0,0,
book-23-p0272,23,B,272,36,34,1,1,0.582186
book-23-p0273,23,B,273,36,33,1,1,0.480106
book-23-p0274,23,B,274,35,34,2,2,0.561750
book-23-p0275,23,B,275,36,33,0,0,
book-23-p0276,23,B,276,30,29,1,1,0.435978
book-23-p0277,23,B,277,31,28,0,0,
book-23-p0278,23,B,278,34,33,0,0,
book-23-p0279,23,B,279,36,33,0,0,
book-23-p0280,23,B,280,35,34,3,3,0.475319
book-23-p0281,23,B,281,35,34,0,0,
book-23-p0282,23,B,282,34,33,2,2,0.542262
book-23-p0283,23,B,283,35,33,0,0,
book-23-p0284,23,B,284,35,34,2,2,0.520874
book-23-p0285,23,B,285,35,33,2,3,0.548898
book-23-p0286,23,B,286,34,33,1,1,0.581987
book-23-p0287,23,B,287,35,33,0,0,
book-23-p0288,23,B,288,35,34,3,3,0.490787
book-23-p0289,23,B,289,36,33,0,0,
book-23-p0290,23,B,290,34,33,8,8,0.431442
book-23-p0291,23,B,291,35,33,2,2,0.510961
book-23-p0292,23,B,292,35,33,1,1,0.411067
book-23-p0293,23,B,293,36,33,1,1,0.529728
book-23-p0294,23,B,294,35,34,3,3,0.386227
book-23-p0295,23,B,295,36,33,3,4,0.502800
book-23-p0296,23,B,296,30,29,3,3,0.165070
book-23-p0297,23,B,297,35,34,1,1,0.526037
book-23-p0298,23,B,298,35,34,2,2,0.366164
book-23-p0299,23,B,299,35,33,0,0,
book-23-p0300,23,B,300,35,34,2,2,0.539686
book-23-p0301,23,B,301,35,33,1,1,0.499537
book-23-p0302,23,B,302,34,33,2,2,0.543961
book-23-p0303,23,B,303,35,33,5,5,0.511158
book-23-p0304,23,B,304,36,34,2,2,0.537887
book-23-p0305,23,B,305,36,33,0,0,
book-23-p0306,23,B,306,35,34,1,1,0.563828
book-23-p0307,23,B,307,35,33,0,0,
book-23-p0308,23,B,308,35,33,1,1,0.538536
book-23-p0309,23,B,309,37,33,1,1,0.540496
book-23-p0310,23,B,310,35,33,1,1,0.462428
book-23-p0311,23,B,311,36,33,1,1,0.511241
book-23-p0312,23,B,312,35,34,1,1,0.506797
book-23-p0313,23,B,313,35,33,2,2,0.523717
book-23-p0314,23,B,314,35,33,2,2,0.516462
book-23-p0315,23,B,315,35,33,0,0,
book-23-p0316,23,B,316,35,34,0,0,
book-23-p0317,23,B,317,35,33,1,1,0.552459
book-23-p0318,23,B,318,35,34,1,1,0.486786
book-23-p0319,23,B,319,35,33,0,0,
book-23-p0320,23,B,320,35,33,2,2,0.531905
book-23-p0321,23,B,321,36,33,3,3,0.494293
book-23-p0322,23,B,322,34,33,4,4,0.373374
book-23-p0323,23,B,323,35,33,0,0,
book-23-p0324,23,B,324,35,34,1,1,0.432215
book-23-p0325,23,B,325,31,28,2,3,0.339587
book-23-p0326,23,B,326,34,33,0,0,
book-23-p0327,23,B,327,36,33,4,4,0.450687
book-23-p0328,23,B,328,35,34,4,4,0.330374
book-23-p0329,23,B,329,35,33,2,2,0.500956
book-23-p0330,23,B,330,34,33,3,3,0.418239
book-23-p0331,23,B,331,35,33,2,2,0.508950
book-23-p0332,23,B,332,35,34,3,5,0.470082
book-23-p0333,23,B,333,34,33,2,2,0.499127
book-23-p0334,23,B,334,35,34,2,3,0.206081
book-23-p0335,23,B,335,35,33,2,2,0.545058
book-23-p0336,23,B,336,35,33,3,3,0.533648
book-23-p0337,23,B,337,37,33,0,0,
book-23-p0338,23,B,338,34,33,3,3,0.262252
book-23-p0339,23,B,339,29,26,2,2,0.501169
book-23-p0340,23,B,340,34,33,0,0,
book-23-p0341,23,B,341,37,33,1,1,0.584678
book-23-p0342,23,B,342,34,33,1,1,0.356048
book-23-p0343,23,B,343,36,33,1,1,0.376486
book-23-p0344,23,B,344,35,34,1,1,0.270609
book-23-p0345,23,B,345,35,33,1,1,0.587153
book-23-p0346,23,B,346,34,33,4,4,0.455238
book-23-p0347,23,B,347,34,33,0,0,
book-23-p0348,23,B,348,34,33,0,0,
book-23-p0349,23,B,349,34,33,2,2,0.530391
book-23-p0350,23,B,350,34,33,1,1,0.591298
book-23-p0351,23,B,351,35,33,3,3,0.504554
book-23-p0352,23,B,352,31,29,3,4,0.313470
book-23-p0353,23,B,353,35,33,1,1,0.518762
book-23-p0354,23,B,354,34,33,4,4,0.480139
book-23-p0355,23,B,355,35,33,3,3,0.563014
book-23-p0356,23,B,356,35,34,2,2,0.560147
book-23-p0357,23,B,357,36,33,3,4,0.553995
book-23-p0358,23,B,358,36,34,3,4,0.349723
book-23-p0359,23,B,359,36,34,2,2,0.359779
book-23-p0360,23,B,360,34,33,0,0,
book-23-p0361,23,B,361,35,33,1,1,0.300847
book-23-p0362,23,B,362,34,32,1,1,0.558835
book-23-p0363,23,B,363,35,33,3,3,0.463199
book-23-p0364,23,B,364,34,33,2,2,0.512119
book-23-p0365,23,B,365,35,33,1,1,0.538443
book-23-p0366,23,B,366,34,33,6,6,0.382143
book-23-p0367,23,B,367,35,33,5,5,0.352744
book-23-p0368,23,B,368,35,33,2,2,0.581528
book-23-p0369,23,B,369,37,33,2,2,0.413171
book-23-p0370,23,B,370,34,33,3,3,0.421892
book-23-p0371,23,B,371,21,19,0,0,
book-23-p0372,23,B,372,30,29,2,2,0.428516
book-23-p0373,23,B,373,36,33,0,0,
book-23-p0374,23,B,374,34,33,0,0,
book-23-p0375,23,B,375,35,33,1,1,0.544073
book-23-p0376,23,B,376,35,34,1,1,0.530924
book-23-p0377,23,B,377,35,33,1,1,0.525719
book-23-p0378,23,B,378,35,34,1,1,0.512967
book-23-p0379,23,B,379,29,27,1,1,0.505171
book-23-p0380,23,B,380,35,34,0,0,
book-23-p0381,23,B,381,35,33,3,3,0.520696
book-23-p0382,23,B,382,34,33,2,2,0.542207
book-23-p0383,23,B,383,35,33,0,0,
book-23-p0384,23,B,384,36,33,5,5,0.443232
book-23-p0385,23,B,385,37,33,0,0,
book-23-p0386,23,B,386,34,33,2,2,0.556222
book-23-p0387,23,B,387,35,33,1,1,0.592449
book-23-p0388,23,B,388,34,33,1,1,0.574845
book-23-p0389,23,B,389,36,33,0,0,
book-23-p0390,23,B,390,34,33,1,1,0.529612
book-23-p0391,23,B,391,36,33,0,0,
book-23-p0392,23,B,392,34,33,0,0,
book-23-p0393,23,B,393,35,33,2,2,0.285701
book-23-p0394,23,B,394,34,33,2,2,0.414434
book-23-p0395,23,B,395,36,34,2,2,0.318151
book-23-p0396,23,B,396,35,34,1,1,0.477092
book-23-p0397,23,B,397,30,29,3,3,0.148637
book-23-p0398,23,B,398,29,28,3,3,0.332785
book-23-p0399,23,B,399,35,33,3,3,0.493685
book-23-p0400,23,B,400,35,33,1,1,0.571301
book-23-p0401,23,B,401,36,33,4,4,0.187152
book-23-p0402,23,B,402,34,33,1,1,0.403506
book-23-p0403,23,B,403,36,33,3,3,0.460437
book-23-p0404,23,B,404,34,33,2,2,0.571618
book-23-p0405,23,B,405,38,33,2,2,0.501170
book-23-p0406,23,B,406,34,33,1,1,0.573564
book-23-p0407,23,B,407,36,33,1,1,0.513234
book-23-p0408,23,B,408,35,34,1,1,0.567719
book-23-p0409,23,B,409,35,33,1,2,0.526619
book-23-p0410,23,B,410,30,28,0,0,
book-23-p0411,23,B,411,29,27,3,3,0.345799
book-23-p0412,23,B,412,34,33,3,3,0.512807
book-23-p0413,23,B,413,35,33,3,3,0.339157
book-23-p0414,23,B,414,34,33,1,1,0.505109
book-23-p0415,23,B,415,35,33,3,3,0.377648
book-23-p0416,23,B,416,36,34,2,2,0.527266
book-23-p0417,23,B,417,37,33,3,4,0.324158
book-23-p0418,23,B,418,35,34,0,0,
book-23-p0419,23,B,419,36,33,1,1,0.502709
book-23-p0420,23,B,420,34,33,1,1,0.570581
book-23-p0421,23,B,421,36,33,2,2,0.511176
book-23-p0422,23,B,422,35,33,5,5,0.492044
book-23-p0423,23,B,423,36,33,2,2,0.591702
book-23-p0424,23,B,424,35,34,3,3,0.388633
book-23-p0425,23,B,425,35,33,1,1,0.545103
book-23-p0426,23,B,426,35,34,1,1,0.557177
book-23-p0427,23,B,427,35,33,1,1,0.427104
book-23-p0428,23,B,428,35,34,4,4,0.436618
book-23-p0429,23,B,429,35,33,0,0,
book-23-p0430,23,B,430,34,33,1,1,0.501248
book-23-p0431,23,B,431,36,34,1,1,0.587958
book-23-p0432,23,B,432,36,34,2,2,0.461348
book-23-p0433,23,B,433,37,33,4,4,0.404958
book-23-p0434,23,B,434,35,34,2,2,0.469875
book-23-p0435,23,B,435,36,33,2,2,0.518143
book-23-p0436,23,B,436,35,33,1,1,0.590030
book-23-p0437,23,B,437,29,26,1,1,0.514106
book-23-p0438,23,B,438,34,33,1,1,0.577903
book-23-p0439,23,B,439,36,33,1,1,0.518434
book-23-p0440,23,B,440,34,33,1,1,0.432272
book-23-p0441,23,B,441,35,33,1,1,0.515723
book-23-p0442,23,B,442,34,33,0,0,
book-23-p0443,23,B,443,35,33,3,3,0.470917
book-23-p0444,23,B,444,34,33,3,3,0.423576
book-23-p0445,23,B,445,35,33,4,4,0.513760
book-23-p0446,23,B,446,34,33,3,3,0.454595
book-23-p0447,23,B,447,35,33,1,1,0.404762
book-23-p0448,23,B,448,29,27,6,6,0.466927
book-23-p0449,23,B,449,37,33,2,2,0.186291
book-23-p0450,23,B,450,34,33,1,1,0.554302
book-23-p0451,23,B,451,36,33,0,0,
book-23-p0452,23,B,452,34,33,4,4,0.500257
book-23-p0453,23,B,453,36,33,0,0,
book-23-p0454,23,B,454,35,33,1,1,0.519848
book-23-p0455,23,B,455,36,33,1,1,0.595314
book-23-p0456,23,B,456,35,33,0,0,
book-23-p0457,23,B,457,35,33,1,1,0.589896
book-23-p0458,23,B,458,35,34,0,0,
book-23-p0459,23,B,459,35,33,2,2,0.514431
book-23-p0460,23,B,460,35,33,2,2,0.545959
book-23-p0461,23,B,461,35,33,0,0,
book-23-p0462,23,B,462,35,34,2,2,0.383157
book-23-p0463,23,B,463,35,33,3,3,0.467353
book-23-p0464,23,B,464,36,34,1,1,0.541662
book-23-p0465,23,B,465,37,33,2,2,0.538746
book-23-p0466,23,B,466,35,33,1,1,0.451387
book-23-p0467,23,B,467,31,29,1,1,0.338914
book-23-p0468,23,B,468,34,33,2,3,0.555433
book-23-p0469,23,B,469,36,33,1,1,0.556650
book-23-p0470,23,B,470,34,33,1,1,0.528446
book-23-p0471,23,B,471,36,33,2,2,0.417424
book-23-p0472,23,B,472,35,34,4,4,0.263537
book-23-p0473,23,B,473,34,33,1,1,0.500877
book-23-p0474,23,B,474,28,27,2,2,0.543701
book-23-p0475,23,B,475,35,33,3,3,0.379218
book-23-p0476,23,B,476,35,34,2,2,0.502940
book-23-p0477,23,B,477,35,33,3,4,0.323488
book-23-p0478,23,B,478,35,34,4,4,0.523009
book-23-p0479,23,B,479,35,33,0,0,
book-23-p0480,23,B,480,36,33,2,2,0.479126
book-23-p0481,23,B,481,37,33,1,1,0.539665
book-23-p0482,23,B,482,35,34,1,1,0.502520
book-23-p0483,23,B,483,36,33,2,2,0.578206
book-23-p0484,23,B,484,34,33,3,3,0.431203
book-23-p0485,23,B,485,37,33,2,2,0.521855
book-23-p0486,23,B,486,35,34,0,0,
book-23-p0487,23,B,487,35,33,1,1,0.596214
book-23-p0488,23,B,488,35,34,2,2,0.334758
book-23-p0489,23,B,489,35,33,0,0,
book-23-p0490,23,B,490,34,33,1,1,0.550956
book-23-p0491,23,B,491,35,33,1,1,0.428812
book-23-p0492,23,B,492,35,34,1,1,0.448273
book-23-p0493,23,B,493,35,33,1,1,0.571694
book-23-p0494,23,B,494,34,33,1,1,0.567815
book-23-p0495,23,B,495,29,27,2,2,0.545464
book-23-p0496,23,B,496,35,33,1,1,0.594140
book-23-p0497,23,B,497,37,33,3,4,0.514482
book-23-p0498,23,B,498,35,34,2,2,0.573676
book-23-p0499,23,B,499,36,33,5,5,0.376724
book-23-p0500,23,B,500,35,33,3,3,0.496053
book-23-p0501,23,B,501,36,32,3,3,0.458738
book-23-p0502,23,B,502,36,35,5,5,0.419726
book-23-p0503,23,B,503,36,33,3,3,0.524824
book-23-p0504,23,B,504,33,31,1,1,0.522590
book-23-p0505,23,B,505,35,34,0,0,
book-23-p0506,23,B,506,30,29,4,5,0.139223
book-23-p0507,23,B,507,35,33,2,2,0.574494
book-23-p0508,23,B,508,34,33,1,1,0.587614
book-23-p0509,23,B,509,35,33,2,2,0.314300
book-23-p0510,23,B,510,34,33,0,0,
book-23-p0511,23,B,511,35,33,2,2,0.361708
book-23-p0512,23,B,512,36,35,1,1,0.577804
book-23-p0513,23,B,513,36,33,1,1,0.540717
book-23-p0514,23,B,514,34,33,0,0,
book-23-p0515,23,B,515,30,27,3,3,0.518983
book-23-p0516,23,B,516,35,34,1,1,0.412780
book-23-p0517,23,B,517,36,34,4,5,0.417680
book-23-p0518,23,B,518,35,34,1,1,0.589335
book-23-p0519,23,B,519,36,33,1,1,0.542613
book-23-p0520,23,B,520,34,33,2,2,0.502990
book-23-p0521,23,B,521,35,33,4,4,0.151781
book-23-p0522,23,B,522,35,34,1,1,0.416033
book-23-p0523,23,B,523,35,33,1,1,0.556257
book-23-p0524,23,B,524,36,35,2,2,0.564018
book-23-p0525,23,B,525,36,34,2,2,0.500432
book-23-p0526,23,B,526,28,27,1,1,0.522468
book-23-p0527,23,B,527,35,33,1,1,0.574772
book-23-p0528,23,B,528,36,34,1,1,0.524605
book-23-p0529,23,B,529,37,33,0,0,
book-23-p0530,23,B,530,35,34,1,1,0.541365
book-23-p0531,23,B,531,35,34,2,3,0.385447
book-23-p0532,23,B,532,34,33,0,0,
book-23-p0533,23,B,533,35,33,0,0,
book-23-p0534,23,B,534,28,27,3,3,0.280538
book-23-p0535,23,B,535,36,33,2,2,0.534306
book-23-p0536,23,B,536,35,34,1,1,0.597497
book-23-p0537,23,B,537,35,33,1,1,0.587042
book-23-p0538,23,B,538,35,34,1,1,0.557333
book-23-p0539,23,B,539,35,33,2,2,0.535712
book-23-p0540,23,B,540,34,33,5,5,0.363405
book-23-p0541,23,B,541,35,33,2,2,0.465596
book-23-p0542,23,B,542,31,30,5,7,0.238774
book-23-p0543,23,B,543,35,33,1,1,0.302762
book-23-p0544,23,B,544,36,34,0,0,
book-23-p0545,23,B,545,37,33,2,2,0.366268
book-23-p0546,23,B,546,34,33,1,1,0.597786
book-23-p0547,23,B,547,36,33,1,1,0.597047
book-23-p0548,23,B,548,34,33,2,2,0.435511
book-23-p0549,23,B,549,35,33,1,1,0.514238
book-23-p0550,23,B,550,35,34,2,2,0.538059
book-23-p0551,23,B,551,35,33,1,1,0.503127
book-23-p0552,23,B,552,34,33,2,2,0.454994
book-23-p0553,23,B,553,34,33,1,1,0.591169
book-23-p0554,23,B,554,34,33,2,3,0.502467
book-23-p0555,23,B,555,35,33,2,2,0.471115
book-23-p0556,23,B,556,34,33,0,0,
book-23-p0557,23,B,557,35,34,2,2,0.536513
book-23-p0558,23,B,558,35,34,1,1,0.574122
book-23-p0559,23,B,559,35,33,2,2,0.579406
book-23-p0560,23,B,560,35,33,5,5,0.484767
book-23-p0561,23,B,561,37,33,3,3,0.569631
book-23-p0562,23,B,562,34,33,5,6,0.413655
book-23-p0563,23,B,563,37,33,3,3,0.538974
book-23-p0564,23,B,564,34,33,0,0,
book-23-p0565,23,B,565,35,33,3,3,0.462788
book-23-p0566,23,B,566,34,33,1,1,0.492265
book-23-p0567,23,B,567,36,33,2,2,0.519424
book-23-p0568,23,B,568,34,33,1,1,0.571574
book-23-p0569,23,B,569,35,34,2,2,0.393726
book-23-p0570,23,B,570,34,33,1,1,0.541166
book-23-p0571,23,B,571,35,33,5,5,0.435848
book-23-p0572,23,B,572,34,33,2,3,0.486398
book-23-p0573,23,B,573,35,33,0,0,
book-23-p0574,23,B,574,34,33,2,2,0.372174
book-23-p0575,23,B,575,35,33,0,0,
book-23-p0576,23,B,576,35,33,6,7,0.409698
book-23-p0577,23,B,577,36,33,0,0,
book-23-p0578,23,B,578,34,33,4,4,0.496685
book-23-p0579,23,B,579,36,33,3,3,0.517820
book-23-p0580,23,B,580,34,33,1,1,0.438010
book-23-p0581,23,B,581,36,34,4,4,0.388481
book-23-p0582,23,B,582,34,33,1,1,0.522789
book-23-p0583,23,B,583,35,32,0,0,
book-23-p0584,23,B,584,29,27,2,2,0.455450
book-23-p0585,23,B,585,35,33,1,1,0.569893
book-23-p0586,23,B,586,34,33,4,4,0.464159
book-23-p0587,23,B,587,37,35,3,3,0.362564
book-23-p0588,23,B,588,34,33,2,2,0.365604
book-23-p0589,23,B,589,34,33,1,1,0.519189
book-23-p0590,23,B,590,35,34,2,2,0.513409
book-23-p0591,23,B,591,34,33,2,2,0.562322
book-23-p0592,23,B,592,28,26,0,0,
book-23-p0593,23,B,593,37,33,0,0,
book-23-p0594,23,B,594,34,33,0,0,
book-23-p0595,23,B,595,36,33,2,2,0.507639
book-23-p0596,23,B,596,34,33,0,0,
book-23-p0597,23,B,597,30,27,1,1,0.518490
book-23-p0598,23,B,598,34,33,2,2,0.362405
book-23-p0599,23,B,599,36,33,1,1,0.550302
book-23-p0600,23,B,600,34,33,1,1,0.547545
book-23-p0601,23,B,601,35,33,0,0,
book-23-p0602,23,B,602,34,33,1,1,0.568401
book-23-p0603,23,B,603,35,33,3,3,0.518707
book-23-p0604,23,B,604,34,33,2,2,0.571461
book-23-p0605,23,B,605,35,33,2,2,0.346503
book-23-p0606,23,B,606,34,33,0,0,
book-23-p0607,23,B,607,35,33,0,0,
book-23-p0608,23,B,608,36,34,1,1,0.532885
book-23-p0609,23,B,609,36,33,0,0,
book-23-p0610,23,B,610,27,26,4,4,0.431295
book-23-p0611,23,B,611,34,33,2,2,0.503523
book-23-p0612,23,B,612,35,34,1,1,0.486814
book-23-p0613,23,B,613,35,32,4,4,0.530021
book-23-p0614,23,B,614,35,34,1,1,0.406059
book-23-p0615,23,B,615,37,33,3,3,0.510046
book-23-p0616,23,B,616,35,34,1,1,0.577275
book-23-p0617,23,B,617,29,27,2,2,0.556547
book-23-p0618,23,B,618,35,34,2,2,0.439486
book-23-p0619,23,B,619,34,33,0,0,
book-23-p0620,23,B,620,35,34,2,2,0.390896
book-23-p0621,23,B,621,35,33,2,3,0.234346
book-23-p0622,23,B,622,35,34,2,2,0.308359
book-23-p0623,23,B,623,35,33,4,4,0.381650
book-23-p0624,23,B,624,37,36,7,7,0.460317
book-23-p0625,23,B,625,36,33,4,4,0.382302
book-23-p0626,23,B,626,34,33,2,2,0.560017
book-23-p0627,23,B,627,36,33,0,0,
book-23-p0628,23,B,628,29,28,4,4,0.431503
book-23-p0629,23,B,629,37,33,1,1,0.540181
book-23-p0630,23,B,630,35,34,2,2,0.517058
book-23-p0631,23,B,631,36,34,1,1,0.519800
book-23-p0632,23,B,632,34,33,0,0,
book-23-p0633,23,B,633,35,33,1,1,0.564519
book-23-p0634,23,B,634,34,33,2,2,0.515618
book-23-p0635,23,B,635,35,33,0,0,
book-23-p0636,23,B,636,35,34,2,2,0.567825
book-23-p0637,23,B,637,35,33,1,1,0.528022
book-23-p0638,23,B,638,34,33,2,2,0.416281
book-23-p0639,23,B,639,35,33,5,5,0.487185
book-23-p0640,23,B,640,36,34,0,0,
book-23-p0641,23,B,641,23,20,0,0,
book-23-p0642,23,B,642,27,26,2,2,0.393164
book-23-p0643,23,B,643,36,33,0,0,
book-23-p0644,23,B,644,35,34,1,1,0.460501
book-23-p0645,23,B,645,36,33,0,0,
book-23-p0646,23,B,646,34,33,1,1,0.565276
book-23-p0647,23,B,647,36,33,2,2,0.549989
book-23-p0648,23,B,648,34,33,4,4,0.506324
book-23-p0649,23,B,649,35,34,1,1,0.515210
book-23-p0650,23,B,650,34,33,3,3,0.517707
book-23-p0651,23,B,651,35,34,2,2,0.538104
book-23-p0652,23,B,652,35,34,1,1,0.577953
book-23-p0653,23,B,653,35,33,2,2,0.510718
book-23-p0654,23,B,654,35,34,2,2,0.502899
book-23-p0655,23,B,655,35,33,1,1,0.480746
book-23-p0656,23,B,656,35,33,1,1,0.436543
book-23-p0657,23,B,657,37,33,2,2,0.514706
book-23-p0658,23,B,658,34,33,4,4,0.517046
book-23-p0659,23,B,659,35,34,1,1,0.574265
book-23-p0660,23,B,660,34,33,2,2,0.533731
book-23-p0661,23,B,661,36,34,0,0,
book-23-p0662,23,B,662,34,33,5,5,0.473772
book-23-p0663,23,B,663,36,33,0,0,
book-23-p0664,23,B,664,34,33,3,3,0.474786
book-23-p0665,23,B,665,36,34,1,1,0.442310
book-23-p0666,23,B,666,27,25,1,1,0.341444
book-23-p0667,23,B,667,35,34,5,6,0.346736
book-23-p0668,23,B,668,34,33,0,0,
book-23-p0669,23,B,669,35,33,1,1,0.521125
book-23-p0670,23,B,670,34,33,2,2,0.504522
book-23-p0671,23,B,671,35,33,2,2,0.597054
book-23-p0672,23,B,672,35,33,2,2,0.516645
book-23-p0673,23,B,673,37,33,1,1,0.396528
book-23-p0674,23,B,674,35,34,0,0,
book-23-p0675,23,B,675,35,33,2,2,0.502791
book-23-p0676,23,B,676,35,34,0,0,
book-23-p0677,23,B,677,36,34,0,0,
book-23-p0678,23,B,678,35,33,0,0,
book-23-p0679,23,B,679,36,34,2,2,0.351914
book-23-p0680,23,B,680,34,33,2,2,0.519510
book-23-p0681,23,B,681,35,33,1,1,0.492874
book-23-p0682,23,B,682,34,33,0,0,
book-23-p0683,23,B,683,35,34,1,1,0.510049
book-23-p0684,23,B,684,35,33,1,1,0.558433
book-23-p0685,23,B,685,35,33,4,4,0.545962
book-23-p0686,23,B,686,34,33,0,0,
book-23-p0687,23,B,687,35,33,1,1,0.559586
book-23-p0688,23,B,688,35,33,4,4,0.428796
book-23-p0689,23,B,689,36,33,0,0,
book-23-p0690,23,B,690,34,33,2,2,0.406245
book-23-p0691,23,B,691,36,33,1,1,0.545739
book-23-p0692,23,B,692,34,33,0,0,
book-23-p0693,23,B,693,28,25,3,3,0.357342
book-23-p0694,23,B,694,33,32,0,0,
book-23-p0695,23,B,695,36,33,1,1,0.549875
book-23-p0696,23,B,696,34,33,2,2,0.552367
book-23-p0697,23,B,697,34,33,2,2,0.398488
book-23-p0698,23,B,698,35,34,4,4,0.367612
book-23-p0699,23,B,699,35,34,4,4,0.473544
book-23-p0700,23,B,700,24,23,0,0,
book-23-p0701,23,B,701,28,26,3,3,0.524036
book-23-p0702,23,B,702,35,34,1,1,0.369944
book-23-p0703,23,B,703,36,34,2,2,0.551967
book-23-p0704,23,B,704,36,34,0,0,
book-23-p0705,23,B,705,37,33,1,1,0.593191
book-23-p0706,23,B,706,34,33,1,1,0.587991
book-23-p0707,23,B,707,36,33,3,3,0.507038
book-23-p0708,23,B,708,34,33,0,0,
book-23-p0709,23,B,709,36,33,4,4,0.494861
book-23-p0710,23,B,710,34,33,2,2,0.519706
book-23-p0711,23,B,711,36,33,3,3,0.500488
book-23-p0712,23,B,712,29,28,1,1,0.491449
book-23-p0713,23,B,713,28,26,3,3,0.481547
book-23-p0714,23,B,714,34,33,3,3,0.420321
book-23-p0715,23,B,715,35,33,1,1,0.586741
book-23-p0716,23,B,716,35,34,1,1,0.405473
book-23-p0717,23,B,717,35,33,1,1,0.528586
book-23-p0718,23,B,718,34,33,3,3,0.481899
book-23-p0719,23,B,719,36,34,3,3,0.450558
book-23-p0720,23,B,720,35,33,0,0,
book-23-p0721,23,B,721,37,33,2,2,0.462001
book-23-p0722,23,B,722,35,34,1,1,0.384243
book-23-p0723,23,B,723,35,33,0,0,
book-23-p0724,23,B,724,34,33,2,2,0.436866
book-23-p0725,23,B,725,36,33,3,3,0.495301
book-23-p0726,23,B,726,34,33,1,1,0.523596
book-23-p0727,23,B,727,30,24,2,2,0.491635
book-23-p0728,23,B,728,34,33,0,0,
book-23-p0729,23,B,729,35,33,4,5,0.522099
book-23-p0730,23,B,730,35,34,1,2,0.380680
book-23-p0731,23,B,731,34,33,2,2,0.547706
book-23-p0732,23,B,732,34,33,1,1,0.538821
book-23-p0733,23,B,733,35,33,3,3,0.533290
book-23-p0734,23,B,734,34,33,0,0,
book-23-p0735,23,B,735,29,27,0,0,
book-23-p0736,23,B,736,31,29,3,3,0.418257
book-23-p0737,23,B,737,37,33,3,3,0.540450
book-23-p0738,23,B,738,35,34,1,1,0.483351
book-23-p0739,23,B,739,36,34,2,3,0.541763
book-23-p0740,23,B,740,35,34,2,3,0.396506
book-23-p0741,23,B,741,36,33,2,2,0.523170
book-23-p0742,23,B,742,34,33,2,2,0.548128
book-23-p0743,23,B,743,25,22,2,2,0.515003
book-23-p0744,23,B,744,30,29,3,3,0.306480
book-23-p0745,23,B,745,35,33,1,1,0.478577
book-23-p0746,23,B,746,34,33,3,3,0.502209
book-23-p0747,23,B,747,35,33,1,1,0.539200
book-23-p0748,23,B,748,34,33,1,1,0.349431
book-23-p0749,23,B,749,35,33,4,4,0.452657
book-23-p0750,23,B,750,34,33,2,2,0.525300
book-23-p0751,23,B,751,35,33,3,3,0.573999
book-23-p0752,23,B,752,36,34,4,4,0.530243
book-23-p0753,23,B,753,37,33,0,0,
book-23-p0754,23,B,754,35,34,0,0,
book-23-p0755,23,B,755,36,33,0,0,
book-23-p0756,23,B,756,34,33,1,1,0.504160
book-23-p0757,23,B,757,36,33,1,1,0.559147
book-23-p0758,23,B,758,24,23,0,0,
book-23-p0759,23,B,759,30,28,3,3,0.319293
book-23-p0760,23,B,760,34,33,2,2,0.444105
book-23-p0761,23,B,761,35,33,3,4,0.529349
book-23-p0762,23,B,762,35,34,5,5,0.432617
book-23-p0763,23,B,763,34,32,1,1,0.479418
book-23-p0764,23,B,764,34,33,1,1,0.523069
book-23-p0765,23,B,765,35,33,0,0,
book-23-p0766,23,B,766,34,33,1,1,0.503407
book-23-p0767,23,B,767,29,27,3,3,0.501410
book-23-p0768,23,B,768,35,33,4,4,0.445401
book-23-p0769,23,B,769,36,33,1,1,0.544003
book-23-p0770,23,B,770,35,34,2,2,0.161238
book-23-p0771,23,B,771,36,33,3,3,0.544497
book-23-p0772,23,B,772,34,33,4,4,0.503697
book-23-p0773,23,B,773,36,33,4,4,0.432961
book-23-p0774,23,B,774,34,33,1,1,0.528243
book-23-p0775,23,B,775,30,27,4,4,0.334622
book-23-p0776,23,B,776,34,33,3,4,0.471882
book-23-p0777,23,B,777,34,32,2,2,0.519937
book-23-p0778,23,B,778,29,27,7,7,0.394150
book-23-p0779,23,B,779,30,28,4,4,0.495589
book-23-p0780,23,B,780,30,29,9,9,0.245290
book-23-p0781,23,B,781,31,29,7,7,0.239573
book-23-p0782,23,B,782,34,32,0,0,
book-23-p0783,23,B,783,30,28,13,17,0.319559
book-23-p0784,23,B,784,31,29,7,9,0.281926
book-23-p0785,23,B,785,32,28,5,5,0.393520
book-23-p0786,23,B,786,30,28,5,6,0.429788
book-23-p0787,23,B,787,32,29,3,5,0.375568
book-23-p0788,23,B,788,30,29,3,3,0.500983
book-23-p0789,23,B,789,34,31,2,2,0.580278
book-23-p0790,23,B,790,20,19,1,1,0.524281
book-23-p0791,23,B,791,29,26,4,5,0.340466
book-23-p0792,23,B,792,35,34,2,2,0.463701
book-23-p0793,23,B,793,35,33,3,3,0.483206
book-23-p0794,23,B,794,35,34,2,2,0.558349
book-23-p0795,23,B,795,35,34,2,2,0.431352
book-23-p0796,23,B,796,34,33,2,2,0.536991
book-23-p0797,23,B,797,34,33,3,3,0.556749
book-23-p0798,23,B,798,36,34,2,2,0.491461
book-23-p0799,23,B,799,36,34,3,4,0.516511
book-23-p0800,23,B,800,31,29,3,3,0.258839
book-23-p0801,23,B,801,37,33,3,3,0.449825
book-23-p0802,23,B,802,34,33,6,6,0.282818
book-23-p0803,23,B,803,36,33,0,0,
book-23-p0804,23,B,804,35,34,3,3,0.488173
book-23-p0805,23,B,805,36,33,2,2,0.514957
book-23-p0806,23,B,806,35,34,3,4,0.484806
book-23-p0807,23,B,807,35,32,2,2,0.564065
book-23-p0808,23,B,808,27,26,7,8,0.269810
book-23-p0809,23,B,809,35,33,0,0,
book-23-p0810,23,B,810,34,33,0,0,
book-23-p0811,23,B,811,35,33,1,1,0.434672
book-23-p0812,23,B,812,34,33,7,8,0.507083
book-23-p0813,23,B,813,35,33,1,1,0.583781
book-23-p0814,23,B,814,34,33,2,2,0.573018
book-23-p0815,23,B,815,34,32,3,3,0.514587
book-23-p0816,23,B,816,35,33,1,1,0.534314
book-23-p0817,23,B,817,37,33,2,2,0.554628
book-23-p0818,23,B,818,35,34,2,2,0.479418
book-23-p0819,23,B,819,36,33,2,2,0.414087
book-23-p0820,23,B,820,35,34,0,0,
book-23-p0821,23,B,821,36,33,5,6,0.183749
book-23-p0822,23,B,822,35,34,4,4,0.447293
book-23-p0823,23,B,823,35,32,0,0,
book-23-p0824,23,B,824,34,33,2,2,0.563770
book-23-p0825,23,B,825,29,27,3,3,0.500090
book-23-p0826,23,B,826,35,34,0,0,
book-23-p0827,23,B,827,35,33,3,3,0.434506
book-23-p0828,23,B,828,35,34,4,4,0.513120
book-23-p0829,23,B,829,35,33,2,2,0.491133
book-23-p0830,23,B,830,34,33,0,0,
book-23-p0831,23,B,831,35,33,2,2,0.421694
book-23-p0832,23,B,832,23,21,0,0,
book-23-p0833,23,B,833,31,27,0,0,
book-23-p0834,23,B,834,35,34,1,1,0.573018
book-23-p0835,23,B,835,36,33,3,3,0.299109
book-23-p0836,23,B,836,35,34,4,4,0.550300
book-23-p0837,23,B,837,36,33,1,1,0.556095
book-23-p0838,23,B,838,24,23,1,1,0.551199
book-23-p0839,23,B,839,31,28,1,1,0.555336
book-23-p0840,23,B,840,35,34,2,2,0.526353
book-23-p0841,23,B,841,35,33,1,1,0.595041
book-23-p0842,23,B,842,35,34,4,4,0.494587
book-23-p0843,23,B,843,34,32,2,2,0.340149
book-23-p0844,23,B,844,25,24,3,3,0.513388
book-23-p0845,23,B,845,28,27,2,2,0.523013
book-23-p0846,23,B,846,34,33,2,2,0.320716
book-23-p0847,23,B,847,35,33,0,0,
book-23-p0848,23,B,848,36,34,0,0,
book-23-p0849,23,B,849,37,33,1,2,0.527340
book-23-p0850,23,B,850,34,33,1,1,0.540775
book-23-p0851,23,B,851,23,21,2,2,0.536904
book-23-p0852,23,B,852,28,27,4,4,0.244118
book-23-p0853,23,B,853,37,33,1,1,0.558788
book-23-p0854,23,B,854,35,34,1,1,0.465663
book-23-p0855,23,B,855,37,33,0,0,
book-23-p0856,23,B,856,34,33,0,0,
book-23-p0857,23,B,857,35,33,1,1,0.599041
book-23-p0858,23,B,858,34,33,4,4,0.531606
book-23-p0859,23,B,859,35,34,1,1,0.508191
book-23-p0860,23,B,860,35,34,6,6,0.341955
book-23-p0861,23,B,861,35,33,4,5,0.485452
book-23-p0862,23,B,862,34,33,0,0,
book-23-p0863,23,B,863,34,32,1,1,0.314771
book-23-p0864,23,B,864,31,29,3,3,0.288862
book-23-p0865,23,B,865,37,33,2,2,0.454359
book-23-p0866,23,B,866,35,34,3,3,0.312360
book-23-p0867,23,B,867,36,33,1,1,0.585505
book-23-p0868,23,B,868,34,33,0,0,
book-23-p0869,23,B,869,36,33,0,0,
book-23-p0870,23,B,870,35,34,7,7,0.507254
book-23-p0871,23,B,871,36,34,0,0,
book-23-p0872,23,B,872,34,33,0,0,
book-23-p0873,23,B,873,35,33,1,1,0.511837
book-23-p0874,23,B,874,21,20,0,0,
book-23-p0875,23,B,875,28,26,1,1,0.562929
book-23-p0876,23,B,876,35,34,0,0,
book-23-p0877,23,B,877,35,34,1,1,0.535967
book-23-p0878,23,B,878,35,34,1,1,0.500537
book-23-p0879,23,B,879,34,32,0,0,
book-23-p0880,23,B,880,35,33,0,0,
book-23-p0881,23,B,881,37,33,0,0,
book-23-p0882,23,B,882,35,34,3,3,0.507953
book-23-p0883,23,B,883,35,33,3,4,0.533802
book-23-p0884,23,B,884,34,33,1,1,0.521066
book-23-p0885,23,B,885,36,33,0,0,
book-23-p0886,23,B,886,28,27,7,8,0.248904
book-23-p0887,23,B,887,36,33,1,1,0.565940
book-23-p0888,23,B,888,34,33,0,0,
book-23-p0889,23,B,889,34,32,2,2,0.394047
book-23-p0890,23,B,890,31,30,5,5,0.440248
book-23-p0891,23,B,891,35,33,0,0,
book-23-p0892,23,B,892,35,34,2,2,0.500382
book-23-p0893,23,B,893,35,33,0,0,
book-23-p0894,23,B,894,34,33,0,0,
book-23-p0895,23,B,895,35,34,1,1,0.581014
book-23-p0896,23,B,896,35,33,2,2,0.345862
book-23-p0897,23,B,897,31,27,2,2,0.161119
book-23-p0898,23,B,898,34,33,3,3,0.366677
book-23-p0899,23,B,899,36,33,0,0,
book-23-p0900,23,B,900,35,34,2,2,0.443567
book-23-p0901,23,B,901,36,33,0,0,
book-23-p0902,23,B,902,35,34,3,3,0.289439
book-23-p0903,23,B,903,36,34,0,0,
book-23-p0904,23,B,904,34,33,1,1,0.413770
book-23-p0905,23,B,905,19,17,0,0,
book-23-p0906,23,B,906,30,29,0,0,
book-23-p0907,23,B,907,35,34,1,1,0.562411
book-23-p0908,23,B,908,34,33,0,0,
book-23-p0909,23,B,909,35,33,1,1,0.439620
book-23-p0910,23,B,910,35,34,1,2,0.503992
book-23-p0911,23,B,911,35,33,0,0,
book-23-p0912,23,B,912,36,34,0,0,
book-23-p0913,23,B,913,35,31,0,0,
book-23-p0914,23,B,914,30,29,2,2,0.552102
book-23-p0915,23,B,915,36,33,0,0,
book-23-p0916,23,B,916,34,33,1,1,0.512717
book-23-p0917,23,B,917,36,33,0,0,
book-23-p0918,23,B,918,34,33,0,0,
book-23-p0919,23,B,919,35,32,1,1,0.549323
book-23-p0920,23,B,920,34,33,1,1,0.513758
book-23-p0921,23,B,921,35,33,1,1,0.440619
book-23-p0922,23,B,922,25,24,2,2,0.516156
book-23-p0923,23,B,923,29,27,1,1,0.536795
book-23-p0924,23,B,924,35,34,3,3,0.507095
book-23-p0925,23,B,925,35,33,0,0,
book-23-p0926,23,B,926,35,34,1,1,0.469272
book-23-p0927,23,B,927,35,33,0,0,
book-23-p0928,23,B,928,24,22,2,2,0.374678
book-23-p0929,23,B,929,31,27,2,2,0.474885
book-23-p0930,23,B,930,34,33,1,1,0.557028
book-23-p0931,23,B,931,36,33,1,1,0.567862
book-23-p0932,23,B,932,35,34,0,0,
book-23-p0933,23,B,933,36,33,0,0,
book-23-p0934,23,B,934,35,34,1,1,0.175437
book-23-p0935,23,B,935,36,33,0,0,
book-23-p0936,23,B,936,35,34,4,4,0.397063
book-23-p0937,23,B,937,36,34,0,0,
book-23-p0938,23,B,938,15,13,0,0,
book-23-p0939,23,B,939,27,26,8,9,0.424997
book-23-p0940,23,B,940,34,33,12,13,0.365686
book-23-p0941,23,B,941,35,33,8,9,0.294295
book-23-p0942,23,B,942,34,33,6,6,0.500618
book-23-p0943,23,B,943,34,33,5,5,0.395113
book-23-p0944,23,B,944,37,35,7,7,0.272424
book-23-p0945,23,B,945,35,33,10,11,0.347954
book-23-p0946,23,B,946,34,33,8,11,0.342429
book-23-p0947,23,B,947,37,34,2,2,0.524529
book-23-p0948,23,B,948,35,34,8,9,0.339040
book-23-p0949,23,B,949,36,34,5,6,0.355071
book-23-p0950,23,B,950,29,27,8,12,0.324398
book-23-p0951,23,B,951,0,0,0,0,
book-23-p0952,23,B,952,0,0,0,0,
book-23-p0953,23,B,953,0,0,0,0,
book-23-p0954,23,B,954,0,0,0,0,
book-23-p0955,23,B,955,0,0,0,0,
book-23-p0956,23,B,956,0,0,0,0,
book-23-p0957,23,B,957,0,0,0,0,
book-23-p0958,23,B,958,0,0,0,0,
book-23-p0959,23,B,959,0,0,0,0,
book-23-p0960,23,B,960,0,0,0,0,
book-23-p0961,23,B,961,0,0,0,0,
book-23-p0962,23,B,962,0,0,0,0,
book-24-p0001,24,B,1,8,8,6,11,0.167395
book-24-p0002,24,B,2,36,35,22,36,0.261039
book-24-p0003,24,B,3,1,1,1,1,0.358753
book-24-p0004,24,B,4,0,0,0,0,
book-24-p0005,24,B,5,1,1,1,2,0.275781
book-24-p0006,24,B,6,0,0,0,0,
book-24-p0007,24,B,7,0,0,0,0,
book-24-p0008,24,B,8,0,0,0,0,
book-24-p0009,24,B,9,9,6,5,9,0.133599
book-24-p0010,24,B,10,0,0,0,0,
book-24-p0011,24,B,11,20,17,1,1,0.500608
book-24-p0012,24,B,12,0,0,0,0,
book-24-p0013,24,B,13,18,17,1,1,0.514249
book-24-p0014,24,B,14,16,14,0,0,
book-24-p0015,24,B,15,7,4,0,0,
book-24-p0016,24,B,16,0,0,0,0,
book-24-p0017,24,B,17,23,21,3,3,0.225595
book-24-p0018,24,B,18,34,33,1,1,0.512317
book-24-p0019,24,B,19,36,33,1,1,0.440700
book-24-p0020,24,B,20,34,33,0,0,
book-24-p0021,24,B,21,35,33,0,0,
book-24-p0022,24,B,22,34,33,0,0,
book-24-p0023,24,B,23,35,33,1,1,0.529866
book-24-p0024,24,B,24,34,33,0,0,
book-24-p0025,24,B,25,32,31,2,2,0.468071
book-24-p0026,24,B,26,34,33,1,1,0.540360
book-24-p0027,24,B,27,35,33,1,1,0.521043
book-24-p0028,24,B,28,35,33,1,1,0.277771
book-24-p0029,24,B,29,35,33,0,0,
book-24-p0030,24,B,30,34,33,1,1,0.545645
book-24-p0031,24,B,31,34,33,0,0,
book-24-p0032,24,B,32,35,33,0,0,
book-24-p0033,24,B,33,30,28,0,0,
book-24-p0034,24,B,34,35,33,1,1,0.380744
book-24-p0035,24,B,35,35,33,1,1,0.356814
book-24-p0036,24,B,36,35,33,0,0,
book-24-p0037,24,B,37,36,34,4,4,0.463441
book-24-p0038,24,B,38,34,33,1,1,0.513577
book-24-p0039,24,B,39,35,33,0,0,
book-24-p0040,24,B,40,35,33,1,1,0.587268
book-24-p0041,24,B,41,35,33,3,3,0.406039
book-24-p0042,24,B,42,34,33,3,3,0.486885
book-24-p0043,24,B,43,35,33,2,2,0.540155
book-24-p0044,24,B,44,34,33,1,1,0.569003
book-24-p0045,24,B,45,35,33,1,1,0.520467
book-24-p0046,24,B,46,34,33,0,0,
book-24-p0047,24,B,47,35,33,0,0,
book-24-p0048,24,B,48,32,30,1,1,0.399713
book-24-p0049,24,B,49,30,28,2,2,0.453895
book-24-p0050,24,B,50,33,31,3,3,0.319341
book-24-p0051,24,B,51,35,33,1,1,0.459758
book-24-p0052,24,B,52,34,33,0,0,
book-24-p0053,24,B,53,35,33,1,1,0.580530
book-24-p0054,24,B,54,34,33,0,0,
book-24-p0055,24,B,55,35,33,0,0,
book-24-p0056,24,B,56,34,33,3,3,0.468662
book-24-p0057,24,B,57,35,33,3,3,0.438807
book-24-p0058,24,B,58,35,33,2,2,0.476046
book-24-p0059,24,B,59,34,33,1,1,0.503116
book-24-p0060,24,B,60,35,33,0,0,
book-24-p0061,24,B,61,35,33,0,0,
book-24-p0062,24,B,62,35,34,1,1,0.551698
book-24-p0063,24,B,63,35,34,2,2,0.550170
book-24-p0064,24,B,64,36,34,1,1,0.539970
book-24-p0065,24,B,65,36,33,0,0,
book-24-p0066,24,B,66,34,33,0,0,
book-24-p0067,24,B,67,35,33,1,1,0.304779
book-24-p0068,24,B,68,34,33,5,5,0.430065
book-24-p0069,24,B,69,35,33,0,0,
book-24-p0070,24,B,70,34,33,2,2,0.490640
book-24-p0071,24,B,71,35,33,4,4,0.493520
book-24-p0072,24,B,72,34,33,1,1,0.266427
book-24-p0073,24,B,73,35,33,0,0,
book-24-p0074,24,B,74,30,29,0,0,
book-24-p0075,24,B,75,34,33,2,2,0.516387
book-24-p0076,24,B,76,35,34,2,2,0.456778
book-24-p0077,24,B,77,35,33,1,1,0.451337
book-24-p0078,24,B,78,35,34,1,1,0.503748
book-24-p0079,24,B,79,24,23,0,0,
book-24-p0080,24,B,80,29,27,0,0,
book-24-p0081,24,B,81,35,33,0,0,
book-24-p0082,24,B,82,34,33,0,0,
book-24-p0083,24,B,83,36,33,1,1,0.562974
book-24-p0084,24,B,84,34,33,0,0,
book-24-p0085,24,B,85,36,33,1,1,0.578996
book-24-p0086,24,B,86,35,34,4,4,0.521671
book-24-p0087,24,B,87,25,20,0,0,
book-24-p0088,24,B,88,30,29,3,3,0.536624
book-24-p0089,24,B,89,34,33,1,1,0.557253
book-24-p0090,24,B,90,34,33,0,0,
book-24-p0091,24,B,91,34,33,4,4,0.373687
book-24-p0092,24,B,92,34,33,0,0,
book-24-p0093,24,B,93,34,33,1,1,0.546696
book-24-p0094,24,B,94,34,33,0,0,
book-24-p0095,24,B,95,34,33,1,1,0.379092
book-24-p0096,24,B,96,36,34,0,0,
book-24-p0097,24,B,97,31,29,1,1,0.458111
book-24-p0098,24,B,98,34,33,2,2,0.393444
book-24-p0099,24,B,99,34,33,1,1,0.547880
book-24-p0100,24,B,100,34,33,2,2,0.214866
book-24-p0101,24,B,101,35,33,0,0,
book-24-p0102,24,B,102,34,33,2,2,0.444410
book-24-p0103,24,B,103,35,33,1,1,0.505548
book-24-p0104,24,B,104,34,33,0,0,
book-24-p0105,24,B,105,34,33,2,2,0.451830
book-24-p0106,24,B,106,34,33,2,2,0.347145
book-24-p0107,24,B,107,27,26,1,1,0.551039
book-24-p0108,24,B,108,29,28,1,1,0.566046
book-24-p0109,24,B,109,34,33,1,1,0.548327
book-24-p0110,24,B,110,34,33,3,3,0.408816
book-24-p0111,24,B,111,34,33,3,3,0.506612
book-24-p0112,24,B,112,35,33,1,1,0.481328
book-24-p0113,24,B,113,36,33,1,1,0.523012
book-24-p0114,24,B,114,34,33,2,2,0.515211
book-24-p0115,24,B,115,34,33,0,0,
book-24-p0116,24,B,116,35,34,3,3,0.396958
book-24-p0117,24,B,117,35,33,0,0,
book-24-p0118,24,B,118,35,34,1,1,0.585212
book-24-p0119,24,B,119,36,33,2,2,0.571613
book-24-p0120,24,B,120,34,33,1,1,0.590906
book-24-p0121,24,B,121,34,32,1,1,0.541601
book-24-p0122,24,B,122,23,22,2,2,0.425363
book-24-p0123,24,B,123,30,29,1,1,0.555743
book-24-p0124,24,B,124,35,34,0,0,
book-24-p0125,24,B,125,34,33,3,3,0.512196
book-24-p0126,24,B,126,34,33,1,1,0.554654
book-24-p0127,24,B,127,35,33,2,2,0.490299
book-24-p0128,24,B,128,36,34,6,6,0.175595
book-24-p0129,24,B,129,37,33,0,0,
book-24-p0130,24,B,130,35,34,4,4,0.530492
book-24-p0131,24,B,131,36,33,0,0,
book-24-p0132,24,B,132,34,33,0,0,
book-24-p0133,24,B,133,32,30,1,1,0.540708
book-24-p0134,24,B,134,34,33,5,5,0.261551
book-24-p0135,24,B,135,35,33,6,6,0.497465
book-24-p0136,24,B,136,34,33,1,1,0.532164
book-24-p0137,24,B,137,30,28,3,3,0.546666
book-24-p0138,24,B,138,35,34,2,2,0.533297
book-24-p0139,24,B,139,35,34,1,1,0.593442
book-24-p0140,24,B,140,35,34,4,4,0.384414
book-24-p0141,24,B,141,35,33,1,1,0.536950
book-24-p0142,24,B,142,34,33,1,1,0.546572
book-24-p0143,24,B,143,34,32,0,0,
book-24-p0144,24,B,144,35,33,1,1,0.517545
book-24-p0145,24,B,145,37,35,1,1,0.451476
book-24-p0146,24,B,146,34,33,2,2,0.469653
book-24-p0147,24,B,147,33,31,2,2,0.332941
book-24-p0148,24,B,148,30,29,1,1,0.583743
book-24-p0149,24,B,149,34,33,0,0,
book-24-p0150,24,B,150,34,33,2,2,0.558794
book-24-p0151,24,B,151,35,33,1,1,0.530110
book-24-p0152,24,B,152,34,33,0,0,
book-24-p0153,24,B,153,29,28,8,8,0.446263
book-24-p0154,24,B,154,28,27,1,1,0.599250
book-24-p0155,24,B,155,35,33,2,2,0.405891
book-24-p0156,24,B,156,35,34,1,1,0.516176
book-24-p0157,24,B,157,35,33,0,0,
book-24-p0158,24,B,158,35,34,2,2,0.509761
book-24-p0159,24,B,159,35,33,6,7,0.370602
book-24-p0160,24,B,160,35,33,0,0,
book-24-p0161,24,B,161,37,34,1,1,0.475493
book-24-p0162,24,B,162,29,28,4,5,0.473002
book-24-p0163,24,B,163,35,33,0,0,
book-24-p0164,24,B,164,35,34,1,2,0.272969
book-24-p0165,24,B,165,36,34,3,4,0.104837
book-24-p0166,24,B,166,34,33,1,1,0.556696
book-24-p0167,24,B,167,36,33,0,0,
book-24-p0168,24,B,168,34,33,5,5,0.543792
book-24-p0169,24,B,169,34,33,0,0,
book-24-p0170,24,B,170,35,34,1,1,0.526070
book-24-p0171,24,B,171,30,29,0,0,
book-24-p0172,24,B,172,35,34,3,3,0.268442
book-24-p0173,24,B,173,34,33,3,3,0.524615
book-24-p0174,24,B,174,34,33,0,0,
book-24-p0175,24,B,175,35,33,1,1,0.518472
book-24-p0176,24,B,176,35,33,5,5,0.133533
book-24-p0177,24,B,177,36,33,0,0,
book-24-p0178,24,B,178,34,33,5,5,0.373226
book-24-p0179,24,B,179,36,33,1,1,0.558998
book-24-p0180,24,B,180,35,33,1,1,0.497336
book-24-p0181,24,B,181,29,26,1,1,0.559859
book-24-p0182,24,B,182,30,29,4,4,0.475295
book-24-p0183,24,B,183,36,33,0,0,
book-24-p0184,24,B,184,35,34,3,3,0.102112
book-24-p0185,24,B,185,35,33,1,1,0.510757
book-24-p0186,24,B,186,35,34,1,1,0.546126
book-24-p0187,24,B,187,36,34,2,2,0.509248
book-24-p0188,24,B,188,35,34,0,0,
book-24-p0189,24,B,189,35,33,1,1,0.486220
book-24-p0190,24,B,190,35,34,1,1,0.351579
book-24-p0191,24,B,191,34,33,1,1,0.535054
book-24-p0192,24,B,192,36,34,2,2,0.540931
book-24-p0193,24,B,193,36,34,2,2,0.312850
book-24-p0194,24,B,194,27,26,3,3,0.178317
book-24-p0195,24,B,195,31,28,2,2,0.365282
book-24-p0196,24,B,196,35,34,1,1,0.464338
book-24-p0197,24,B,197,37,33,1,1,0.590595
book-24-p0198,24,B,198,34,33,3,3,0.358737
book-24-p0199,24,B,199,36,32,3,3,0.458946
book-24-p0200,24,B,200,35,33,2,3,0.487693
book-24-p0201,24,B,201,35,34,1,1,0.586107
book-24-p0202,24,B,202,34,33,3,4,0.387998
book-24-p0203,24,B,203,35,33,0,0,
book-24-p0204,24,B,204,34,33,2,2,0.560570
book-24-p0205,24,B,205,35,33,0,0,
book-24-p0206,24,B,206,29,28,1,1,0.554264
book-24-p0207,24,B,207,35,33,1,1,0.491827
book-24-p0208,24,B,208,36,34,1,1,0.435021
book-24-p0209,24,B,209,35,33,5,5,0.420584
book-24-p0210,24,B,210,35,34,3,3,0.484500
book-24-p0211,24,B,211,35,34,1,1,0.509530
book-24-p0212,24,B,212,34,33,2,3,0.287303
book-24-p0213,24,B,213,34,33,2,2,0.503629
book-24-p0214,24,B,214,33,32,1,2,0.477510
book-24-p0215,24,B,215,35,33,0,0,
book-24-p0216,24,B,216,33,32,3,4,0.459050
book-24-p0217,24,B,217,35,33,1,1,0.515916
book-24-p0218,24,B,218,31,30,2,2,0.508328
book-24-p0219,24,B,219,27,25,0,0,
book-24-p0220,24,B,220,35,34,1,1,0.421064
book-24-p0221,24,B,221,35,33,1,1,0.585768
book-24-p0222,24,B,222,34,33,2,2,0.504615
book-24-p0223,24,B,223,34,32,1,1,0.430593
book-24-p0224,24,B,224,36,34,2,2,0.437222
book-24-p0225,24,B,225,36,33,4,4,0.501224
book-24-p0226,24,B,226,35,34,1,1,0.456415
book-24-p0227,24,B,227,34,33,3,3,0.563776
book-24-p0228,24,B,228,35,34,2,2,0.532180
book-24-p0229,24,B,229,35,33,1,1,0.384310
book-24-p0230,24,B,230,35,34,1,1,0.585369
book-24-p0231,24,B,231,33,29,2,2,0.260698
book-24-p0232,24,B,232,35,34,2,2,0.522143
book-24-p0233,24,B,233,35,33,0,0,
book-24-p0234,24,B,234,35,33,0,0,
book-24-p0235,24,B,235,35,33,2,2,0.451874
book-24-p0236,24,B,236,35,34,1,1,0.533134
book-24-p0237,24,B,237,35,33,0,0,
book-24-p0238,24,B,238,34,33,1,1,0.513851
book-24-p0239,24,B,239,35,33,1,1,0.581617
book-24-p0240,24,B,240,36,34,2,2,0.521453
book-24-p0241,24,B,241,36,34,3,4,0.337402
book-24-p0242,24,B,242,34,33,1,1,0.543593
book-24-p0243,24,B,243,35,33,3,3,0.366629
book-24-p0244,24,B,244,34,33,3,3,0.533046
book-24-p0245,24,B,245,36,33,1,1,0.367658
book-24-p0246,24,B,246,31,28,4,4,0.498856
book-24-p0247,24,B,247,36,33,1,1,0.413496
book-24-p0248,24,B,248,34,33,2,2,0.528981
book-24-p0249,24,B,249,34,32,0,0,
book-24-p0250,24,B,250,34,33,3,3,0.507853
book-24-p0251,24,B,251,26,25,1,1,0.544853
book-24-p0252,24,B,252,29,28,3,3,0.444475
book-24-p0253,24,B,253,35,33,3,3,0.490065
book-24-p0254,24,B,254,34,33,1,1,0.534663
book-24-p0255,24,B,255,35,33,4,4,0.510418
book-24-p0256,24,B,256,35,34,3,3,0.357704
book-24-p0257,24,B,257,36,33,2,2,0.566780
book-24-p0258,24,B,258,35,33,0,0,
book-24-p0259,24,B,259,33,30,2,2,0.520220
book-24-p0260,24,B,260,35,33,0,0,
book-24-p0261,24,B,261,35,33,0,0,
book-24-p0262,24,B,262,34,33,3,3,0.492470
book-24-p0263,24,B,263,36,33,0,0,
book-24-p0264,24,B,264,34,33,0,0,
book-24-p0265,24,B,265,35,33,3,3,0.257177
book-24-p0266,24,B,266,34,33,1,1,0.414737
book-24-p0267,24,B,267,35,33,0,0,
book-24-p0268,24,B,268,35,34,0,0,
book-24-p0269,24,B,269,35,33,1,1,0.562301
book-24-p0270,24,B,270,34,33,2,2,0.570475
book-24-p0271,24,B,271,34,33,4,9,0.310431
book-24-p0272,24,B,272,36,34,4,4,0.523616
book-24-p0273,24,B,273,37,34,3,3,0.392161
book-24-p0274,24,B,274,30,29,1,1,0.477427
book-24-p0275,24,B,275,29,28,2,2,0.511589
book-24-p0276,24,B,276,34,33,0,0,
book-24-p0277,24,B,277,35,32,1,1,0.452175
book-24-p0278,24,B,278,33,32,0,0,
book-24-p0279,24,B,279,35,32,3,3,0.463008
book-24-p0280,24,B,280,33,32,2,2,0.519052
book-24-p0281,24,B,281,35,33,2,2,0.382427
book-24-p0282,24,B,282,34,33,1,1,0.525141
book-24-p0283,24,B,283,34,33,2,2,0.503453
book-24-p0284,24,B,284,30,29,3,3,0.372053
book-24-p0285,24,B,285,35,33,8,9,0.474465
book-24-p0286,24,B,286,35,34,5,5,0.320670
book-24-p0287,24,B,287,34,33,6,6,0.322469
book-24-p0288,24,B,288,36,34,1,1,0.330150
book-24-p0289,24,B,289,36,34,4,5,0.248589
book-24-p0290,24,B,290,34,33,1,1,0.555878
book-24-p0291,24,B,291,35,33,2,3,0.405181
book-24-p0292,24,B,292,34,33,1,1,0.531841
book-24-p0293,24,B,293,34,33,0,0,
book-24-p0294,24,B,294,31,29,7,8,0.103186
book-24-p0295,24,B,295,37,33,0,0,
book-24-p0296,24,B,296,34,33,2,2,0.552651
book-24-p0297,24,B,297,35,33,1,1,0.363046
book-24-p0298,24,B,298,35,34,2,2,0.440851
book-24-p0299,24,B,299,33,32,4,4,0.328598
book-24-p0300,24,B,300,34,33,0,0,
book-24-p0301,24,B,301,35,34,3,3,0.510933
book-24-p0302,24,B,302,34,33,2,2,0.210681
book-24-p0303,24,B,303,35,34,5,5,0.342427
book-24-p0304,24,B,304,35,33,0,0,
book-24-p0305,24,B,305,30,27,4,4,0.277497
book-24-p0306,24,B,306,32,31,7,7,0.300613
book-24-p0307,24,B,307,35,33,3,3,0.325771
book-24-p0308,24,B,308,34,33,4,4,0.366686
book-24-p0309,24,B,309,36,33,1,1,0.385292
book-24-p0310,24,B,310,35,33,0,0,
book-24-p0311,24,B,311,35,33,0,0,
book-24-p0312,24,B,312,34,33,3,4,0.485129
book-24-p0313,24,B,313,35,33,4,4,0.362177
book-24-p0314,24,B,314,35,34,1,1,0.338070
book-24-p0315,24,B,315,35,33,2,2,0.568923
book-24-p0316,24,B,316,34,33,1,1,0.580193
book-24-p0317,24,B,317,34,32,3,3,0.464742
book-24-p0318,24,B,318,35,34,4,4,0.347135
book-24-p0319,24,B,319,34,32,4,4,0.350055
book-24-p0320,24,B,320,35,33,0,0,
book-24-p0321,24,B,321,30,28,2,2,0.430059
book-24-p0322,24,B,322,27,26,1,1,0.488346
book-24-p0323,24,B,323,35,32,0,0,
book-24-p0324,24,B,324,33,32,1,1,0.522592
book-24-p0325,24,B,325,34,32,1,1,0.419057
book-24-p0326,24,B,326,35,34,1,1,0.564310
book-24-p0327,24,B,327,36,33,1,1,0.597159
book-24-p0328,24,B,328,34,33,1,1,0.508551
book-24-p0329,24,B,329,34,33,4,4,0.496122
book-24-p0330,24,B,330,35,34,3,4,0.486089
book-24-p0331,24,B,331,34,33,3,3,0.390399
book-24-p0332,24,B,332,34,33,3,4,0.419451
book-24-p0333,24,B,333,34,33,3,3,0.535233
book-24-p0334,24,B,334,35,34,3,3,0.561534
book-24-p0335,24,B,335,36,34,0,0,
book-24-p0336,24,B,336,36,34,2,2,0.459654
book-24-p0337,24,B,337,37,33,9,9,0.338880
book-24-p0338,24,B,338,34,33,2,2,0.477519
book-24-p0339,24,B,339,38,34,4,4,0.269998
book-24-p0340,24,B,340,34,33,1,1,0.510404
book-24-p0341,24,B,341,29,28,4,4,0.417536
book-24-p0342,24,B,342,35,33,1,1,0.577351
book-24-p0343,24,B,343,36,33,1,1,0.275794
book-24-p0344,24,B,344,34,33,1,2,0.374668
book-24-p0345,24,B,345,35,33,3,3,0.398034
book-24-p0346,24,B,346,34,33,1,1,0.352230
book-24-p0347,24,B,347,35,34,2,2,0.517452
book-24-p0348,24,B,348,34,33,3,3,0.536064
book-24-p0349,24,B,349,35,34,1,1,0.572069
book-24-p0350,24,B,350,21,20,0,0,
book-24-p0351,24,B,351,30,29,4,5,0.330393
book-24-p0352,24,B,352,35,33,1,1,0.513947
book-24-p0353,24,B,353,36,33,9,9,0.360801
book-24-p0354,24,B,354,26,21,1,1,0.466646
book-24-p0355,24,B,355,30,27,1,1,0.578376
book-24-p0356,24,B,356,34,33,0,0,
book-24-p0357,24,B,357,36,34,3,3,0.359458
book-24-p0358,24,B,358,34,33,2,2,0.265444
book-24-p0359,24,B,359,34,33,1,1,0.542873
book-24-p0360,24,B,360,33,32,0,0,
book-24-p0361,24,B,361,34,33,5,6,0.394357
book-24-p0362,24,B,362,34,33,4,4,0.425127
book-24-p0363,24,B,363,34,33,2,2,0.347539
book-24-p0364,24,B,364,34,32,1,1,0.505964
book-24-p0365,24,B,365,34,33,2,2,0.508051
book-24-p0366,24,B,366,34,33,5,5,0.358528
book-24-p0367,24,B,367,34,33,0,0,
book-24-p0368,24,B,368,35,33,2,2,0.433387
book-24-p0369,24,B,369,30,28,10,10,0.141100
book-24-p0370,24,B,370,30,29,2,2,0.288429
book-24-p0371,24,B,371,35,33,1,1,0.540211
book-24-p0372,24,B,372,34,33,3,3,0.434122
book-24-p0373,24,B,373,35,33,2,2,0.529618
book-24-p0374,24,B,374,34,33,4,4,0.255568
book-24-p0375,24,B,375,35,33,2,2,0.428308
book-24-p0376,24,B,376,34,33,0,0,
book-24-p0377,24,B,377,34,32,1,1,0.553246
book-24-p0378,24,B,378,30,29,2,2,0.383327
book-24-p0379,24,B,379,30,29,0,0,
book-24-p0380,24,B,380,35,33,3,3,0.559931
book-24-p0381,24,B,381,35,33,2,2,0.467951
book-24-p0382,24,B,382,34,33,3,3,0.380380
book-24-p0383,24,B,383,34,32,3,3,0.459807
book-24-p0384,24,B,384,36,34,2,5,0.389412
book-24-p0385,24,B,385,36,33,5,5,0.283128
book-24-p0386,24,B,386,34,33,2,2,0.511704
book-24-p0387,24,B,387,35,33,1,1,0.520269
book-24-p0388,24,B,388,34,33,3,3,0.467774
book-24-p0389,24,B,389,36,34,1,2,0.565896
book-24-p0390,24,B,390,34,33,0,0,
book-24-p0391,24,B,391,35,34,2,2,0.392130
book-24-p0392,24,B,392,34,33,3,3,0.512730
book-24-p0393,24,B,393,30,29,5,5,0.182771
book-24-p0394,24,B,394,34,33,1,1,0.537838
book-24-p0395,24,B,395,34,33,3,3,0.501440
book-24-p0396,24,B,396,35,34,2,2,0.116754
book-24-p0397,24,B,397,33,32,2,2,0.387826
book-24-p0398,24,B,398,31,30,0,0,
book-24-p0399,24,B,399,31,29,2,2,0.424994
book-24-p0400,24,B,400,35,34,4,4,0.176887
book-24-p0401,24,B,401,36,34,5,6,0.516540
book-24-p0402,24,B,402,34,33,1,1,0.570460
book-24-p0403,24,B,403,35,33,6,6,0.372163
book-24-p0404,24,B,404,34,33,5,5,0.520801
book-24-p0405,24,B,405,27,24,4,4,0.384467
book-24-p0406,24,B,406,28,26,3,3,0.535105
book-24-p0407,24,B,407,35,33,1,1,0.292642
book-24-p0408,24,B,408,34,33,6,6,0.443362
book-24-p0409,24,B,409,34,33,1,1,0.286225
book-24-p0410,24,B,410,34,33,0,0,
book-24-p0411,24,B,411,35,33,2,2,0.502040
book-24-p0412,24,B,412,34,33,1,1,0.528020
book-24-p0413,24,B,413,34,33,1,1,0.592897
book-24-p0414,24,B,414,34,33,1,1,0.551728
book-24-p0415,24,B,415,34,33,3,3,0.521522
book-24-p0416,24,B,416,36,34,3,3,0.537925
book-24-p0417,24,B,417,37,33,4,4,0.255137
book-24-p0418,24,B,418,35,34,4,5,0.525071
book-24-p0419,24,B,419,24,21,3,3,0.255628
book-24-p0420,24,B,420,30,29,0,0,
book-24-p0421,24,B,421,36,35,3,3,0.252744
book-24-p0422,24,B,422,35,34,2,2,0.308282
book-24-p0423,24,B,423,36,33,2,2,0.384211
book-24-p0424,24,B,424,36,35,6,8,0.166020
book-24-p0425,24,B,425,35,33,5,5,0.303949
book-24-p0426,24,B,426,35,34,3,3,0.455898
book-24-p0427,24,B,427,29,27,8,8,0.326566
book-24-p0428,24,B,428,35,34,1,1,0.555003
book-24-p0429,24,B,429,35,33,0,0,
book-24-p0430,24,B,430,34,33,1,1,0.540669
book-24-p0431,24,B,431,35,33,4,4,0.358861
book-24-p0432,24,B,432,36,34,0,0,
book-24-p0433,24,B,433,37,34,2,2,0.489163
book-24-p0434,24,B,434,34,33,2,2,0.335408
book-24-p0435,24,B,435,28,26,2,2,0.409296
book-24-p0436,24,B,436,29,27,4,4,0.465114
book-24-p0437,24,B,437,36,33,1,1,0.535589
book-24-p0438,24,B,438,35,34,0,0,
book-24-p0439,24,B,439,36,33,1,1,0.556694
book-24-p0440,24,B,440,35,34,5,6,0.507580
book-24-p0441,24,B,441,35,33,5,5,0.273948
book-24-p0442,24,B,442,34,33,1,1,0.515407
book-24-p0443,24,B,443,35,33,0,0,
book-24-p0444,24,B,444,34,33,1,1,0.551333
book-24-p0445,24,B,445,29,28,2,2,0.344076
book-24-p0446,24,B,446,35,34,5,5,0.479406
book-24-p0447,24,B,447,34,33,7,7,0.343483
book-24-p0448,24,B,448,36,34,1,1,0.525478
book-24-p0449,24,B,449,37,33,4,4,0.328101
book-24-p0450,24,B,450,35,33,0,0,
book-24-p0451,24,B,451,25,23,3,3,0.352704
book-24-p0452,24,B,452,28,27,1,1,0.520381
book-24-p0453,24,B,453,36,33,4,4,0.452335
book-24-p0454,24,B,454,35,34,5,5,0.377247
book-24-p0455,24,B,455,36,33,1,1,0.560809
book-24-p0456,24,B,456,36,35,2,2,0.119911
book-24-p0457,24,B,457,35,33,5,6,0.385094
book-24-p0458,24,B,458,34,33,0,0,
book-24-p0459,24,B,459,34,32,1,1,0.543422
book-24-p0460,24,B,460,34,33,1,1,0.592372
book-24-p0461,24,B,461,35,33,1,1,0.338898
book-24-p0462,24,B,462,35,34,1,1,0.569203
book-24-p0463,24,B,463,30,28,5,5,0.341071
book-24-p0464,24,B,464,35,33,3,4,0.528914
book-24-p0465,24,B,465,37,33,3,4,0.430261
book-24-p0466,24,B,466,34,33,0,0,
book-24-p0467,24,B,467,35,33,5,5,0.222382
book-24-p0468,24,B,468,35,34,3,3,0.456463
book-24-p0469,24,B,469,36,33,5,5,0.282353
book-24-p0470,24,B,470,34,33,4,4,0.336587
book-24-p0471,24,B,471,36,33,1,1,0.522022
book-24-p0472,24,B,472,34,33,1,1,0.504418
book-24-p0473,24,B,473,24,22,0,0,
book-24-p0474,24,B,474,30,29,1,1,0.508286
book-24-p0475,24,B,475,35,33,1,1,0.445654
book-24-p0476,24,B,476,35,34,1,1,0.551129
book-24-p0477,24,B,477,35,33,2,2,0.431340
book-24-p0478,24,B,478,34,33,2,2,0.488008
book-24-p0479,24,B,479,35,34,5,5,0.342553
book-24-p0480,24,B,480,35,33,2,2,0.516794
book-24-p0481,24,B,481,36,33,2,2,0.555081
book-24-p0482,24,B,482,35,33,0,0,
book-24-p0483,24,B,483,35,33,2,2,0.527254
book-24-p0484,24,B,484,29,28,0,0,
book-24-p0485,24,B,485,36,33,1,1,0.559697
book-24-p0486,24,B,486,35,34,1,1,0.333965
book-24-p0487,24,B,487,36,34,1,1,0.564848
book-24-p0488,24,B,488,35,34,4,4,0.417071
book-24-p0489,24,B,489,34,33,2,2,0.551749
book-24-p0490,24,B,490,34,33,0,0,
book-24-p0491,24,B,491,35,33,2,2,0.404545
book-24-p0492,24,B,492,34,33,6,7,0.359856
book-24-p0493,24,B,493,34,32,0,0,
book-24-p0494,24,B,494,35,34,0,0,
book-24-p0495,24,B,495,35,33,2,2,0.291858
book-24-p0496,24,B,496,36,34,2,2,0.500072
book-24-p0497,24,B,497,29,26,1,2,0.442923
book-24-p0498,24,B,498,30,29,2,2,0.304060
book-24-p0499,24,B,499,36,33,0,0,
book-24-p0500,24,B,500,35,34,2,2,0.554200
book-24-p0501,24,B,501,36,34,1,1,0.578097
book-24-p0502,24,B,502,35,34,1,1,0.569746
book-24-p0503,24,B,503,36,33,0,0,
book-24-p0504,24,B,504,35,34,1,1,0.597765
book-24-p0505,24,B,505,35,34,0,0,
book-24-p0506,24,B,506,34,33,2,2,0.354579
book-24-p0507,24,B,507,34,33,0,0,
book-24-p0508,24,B,508,32,31,0,0,
book-24-p0509,24,B,509,35,34,5,5,0.387168
book-24-p0510,24,B,510,35,33,3,3,0.400933
book-24-p0511,24,B,511,35,34,1,2,0.392976
book-24-p0512,24,B,512,35,34,6,6,0.243314
book-24-p0513,24,B,513,35,33,5,5,0.301304
book-24-p0514,24,B,514,35,33,1,1,0.500521
book-24-p0515,24,B,515,36,33,3,3,0.483757
book-24-p0516,24,B,516,35,33,2,2,0.498100
book-24-p0517,24,B,517,36,33,2,2,0.524119
book-24-p0518,24,B,518,35,34,0,0,
book-24-p0519,24,B,519,29,26,2,2,0.465151
book-24-p0520,24,B,520,30,29,0,0,
book-24-p0521,24,B,521,35,33,3,3,0.481562
book-24-p0522,24,B,522,34,33,2,2,0.572637
book-24-p0523,24,B,523,35,33,3,3,0.447387
book-24-p0524,24,B,524,28,26,0,0,
book-24-p0525,24,B,525,30,28,1,1,0.508714
book-24-p0526,24,B,526,35,34,3,3,0.285444
book-24-p0527,24,B,527,35,33,1,1,0.513412
book-24-p0528,24,B,528,35,34,0,0,
book-24-p0529,24,B,529,35,33,3,3,0.313498
book-24-p0530,24,B,530,35,33,1,1,0.585512
book-24-p0531,24,B,531,28,26,2,2,0.459802
book-24-p0532,24,B,532,27,26,1,1,0.514166
book-24-p0533,24,B,533,35,33,1,1,0.537444
book-24-p0534,24,B,534,35,33,2,2,0.378261
book-24-p0535,24,B,535,36,33,3,3,0.202532
book-24-p0536,24,B,536,34,33,1,1,0.470004
book-24-p0537,24,B,537,35,33,1,1,0.519949
book-24-p0538,24,B,538,35,34,2,2,0.469394
book-24-p0539,24,B,539,35,33,2,2,0.532439
book-24-p0540,24,B,540,34,33,1,1,0.547321
book-24-p0541,24,B,541,35,33,5,5,0.478026
book-24-p0542,24,B,542,34,33,2,2,0.345080
book-24-p0543,24,B,543,30,29,2,2,0.366412
book-24-p0544,24,B,544,35,34,1,1,0.541859
book-24-p0545,24,B,545,34,33,1,2,0.517290
book-24-p0546,24,B,546,36,34,0,0,
book-24-p0547,24,B,547,36,33,2,2,0.443531
book-24-p0548,24,B,548,34,33,3,3,0.449016
book-24-p0549,24,B,549,35,33,2,2,0.385619
book-24-p0550,24,B,550,34,33,2,2,0.568214
book-24-p0551,24,B,551,35,33,0,0,
book-24-p0552,24,B,552,29,28,3,3,0.377802
book-24-p0553,24,B,553,36,33,0,0,
book-24-p0554,24,B,554,34,33,0,0,
book-24-p0555,24,B,555,34,33,0,0,
book-24-p0556,24,B,556,34,33,1,2,0.240776
book-24-p0557,24,B,557,35,33,4,4,0.514935
book-24-p0558,24,B,558,35,34,2,2,0.483905
book-24-p0559,24,B,559,35,33,2,2,0.541916
book-24-p0560,24,B,560,34,33,2,2,0.533944
book-24-p0561,24,B,561,34,32,5,5,0.257237
book-24-p0562,24,B,562,36,34,5,5,0.521040
book-24-p0563,24,B,563,25,23,1,1,0.368837
book-24-p0564,24,B,564,28,27,3,3,0.526793
book-24-p0565,24,B,565,36,33,1,1,0.558976
book-24-p0566,24,B,566,34,33,1,1,0.526915
book-24-p0567,24,B,567,34,32,0,0,
book-24-p0568,24,B,568,34,33,2,2,0.567764
book-24-p0569,24,B,569,35,33,2,2,0.448421
book-24-p0570,24,B,570,34,33,0,0,
book-24-p0571,24,B,571,34,33,5,5,0.468804
book-24-p0572,24,B,572,34,33,1,1,0.545519
book-24-p0573,24,B,573,20,19,3,3,0.478151
book-24-p0574,24,B,574,29,28,4,4,0.429665
book-24-p0575,24,B,575,34,33,4,4,0.488432
book-24-p0576,24,B,576,34,33,3,3,0.417718
book-24-p0577,24,B,577,34,33,3,3,0.338413
book-24-p0578,24,B,578,35,33,0,0,
book-24-p0579,24,B,579,37,34,3,3,0.341807
book-24-p0580,24,B,580,34,33,1,1,0.505574
book-24-p0581,24,B,581,31,28,2,2,0.505278
book-24-p0582,24,B,582,34,33,2,2,0.504376
book-24-p0583,24,B,583,35,33,1,1,0.557901
book-24-p0584,24,B,584,34,33,2,2,0.517099
book-24-p0585,24,B,585,36,34,4,4,0.478658
book-24-p0586,24,B,586,34,33,1,1,0.527225
book-24-p0587,24,B,587,35,33,1,1,0.524831
book-24-p0588,24,B,588,34,33,0,0,
book-24-p0589,24,B,589,35,33,3,3,0.502350
book-24-p0590,24,B,590,34,33,0,0,
book-24-p0591,24,B,591,35,33,3,3,0.422854
book-24-p0592,24,B,592,30,29,1,2,0.579099
book-24-p0593,24,B,593,35,33,2,2,0.365678
book-24-p0594,24,B,594,35,33,0,0,
book-24-p0595,24,B,595,36,33,3,3,0.382471
book-24-p0596,24,B,596,33,32,5,5,0.407696
book-24-p0597,24,B,597,35,33,2,2,0.527569
book-24-p0598,24,B,598,35,34,0,0,
book-24-p0599,24,B,599,36,34,1,1,0.595084
book-24-p0600,24,B,600,34,33,1,1,0.536050
book-24-p0601,24,B,601,35,34,0,0,
book-24-p0602,24,B,602,35,34,4,4,0.491736
book-24-p0603,24,B,603,29,28,3,4,0.478703
book-24-p0604,24,B,604,34,33,2,2,0.563563
book-24-p0605,24,B,605,35,33,4,5,0.432687
book-24-p0606,24,B,606,34,33,2,2,0.472575
book-24-p0607,24,B,607,35,34,0,0,
book-24-p0608,24,B,608,34,33,0,0,
book-24-p0609,24,B,609,34,33,4,4,0.239572
book-24-p0610,24,B,610,35,33,1,1,0.583910
book-24-p0611,24,B,611,35,34,1,1,0.576558
book-24-p0612,24,B,612,26,25,1,1,0.416796
book-24-p0613,24,B,613,30,29,1,1,0.548797
book-24-p0614,24,B,614,34,33,0,0,
book-24-p0615,24,B,615,34,33,2,2,0.419902
book-24-p0616,24,B,616,35,34,1,1,0.523623
book-24-p0617,24,B,617,35,33,1,1,0.521826
book-24-p0618,24,B,618,34,33,2,2,0.418457
book-24-p0619,24,B,619,32,30,0,0,
book-24-p0620,24,B,620,30,29,0,0,
book-24-p0621,24,B,621,35,33,1,1,0.314898
book-24-p0622,24,B,622,34,33,1,1,0.510291
book-24-p0623,24,B,623,35,33,1,1,0.567329
book-24-p0624,24,B,624,35,34,1,1,0.378304
book-24-p0625,24,B,625,35,33,1,1,0.574481
book-24-p0626,24,B,626,36,34,2,2,0.521111
book-24-p0627,24,B,627,35,33,5,5,0.512296
book-24-p0628,24,B,628,28,27,2,3,0.406570
book-24-p0629,24,B,629,35,33,5,5,0.260194
book-24-p0630,24,B,630,34,33,2,2,0.545109
book-24-p0631,24,B,631,34,33,3,3,0.277912
book-24-p0632,24,B,632,34,33,1,1,0.483230
book-24-p0633,24,B,633,36,33,2,2,0.335930
book-24-p0634,24,B,634,35,34,5,5,0.403497
book-24-p0635,24,B,635,33,32,2,3,0.529374
book-24-p0636,24,B,636,35,34,0,0,
book-24-p0637,24,B,637,36,33,1,1,0.489697
book-24-p0638,24,B,638,35,34,4,4,0.373566
book-24-p0639,24,B,639,36,34,1,1,0.327648
book-24-p0640,24,B,640,34,33,1,1,0.369175
book-24-p0641,24,B,641,34,33,5,5,0.282200
book-24-p0642,24,B,642,37,34,0,0,
book-24-p0643,24,B,643,37,33,1,1,0.520277
book-24-p0644,24,B,644,29,28,0,0,
book-24-p0645,24,B,645,36,33,1,1,0.372986
book-24-p0646,24,B,646,35,34,1,1,0.566648
book-24-p0647,24,B,647,36,34,2,2,0.533808
book-24-p0648,24,B,648,34,33,2,2,0.497516
book-24-p0649,24,B,649,36,33,2,2,0.448702
book-24-p0650,24,B,650,29,28,0,0,
book-24-p0651,24,B,651,35,34,0,0,
book-24-p0652,24,B,652,34,33,0,0,
book-24-p0653,24,B,653,35,34,1,1,0.496105
book-24-p0654,24,B,654,27,26,3,3,0.502695
book-24-p0655,24,B,655,30,28,2,2,0.344470
book-24-p0656,24,B,656,29,27,4,4,0.506224
book-24-p0657,24,B,657,35,33,0,0,
book-24-p0658,24,B,658,36,34,1,1,0.471460
book-24-p0659,24,B,659,36,34,6,6,0.406783
book-24-p0660,24,B,660,34,33,0,0,
book-24-p0661,24,B,661,35,33,0,0,
book-24-p0662,24,B,662,33,32,2,2,0.480057
book-24-p0663,24,B,663,29,27,3,3,0.441835
book-24-p0664,24,B,664,34,33,1,1,0.532731
book-24-p0665,24,B,665,36,33,2,2,0.505886
book-24-p0666,24,B,666,34,33,3,3,0.485982
book-24-p0667,24,B,667,34,33,0,0,
book-24-p0668,24,B,668,35,34,1,1,0.440233
book-24-p0669,24,B,669,35,34,0,0,
book-24-p0670,24,B,670,34,33,0,0,
book-24-p0671,24,B,671,35,33,0,0,
book-24-p0672,24,B,672,34,33,0,0,
book-24-p0673,24,B,673,35,34,4,4,0.413014
book-24-p0674,24,B,674,35,33,1,1,0.501812
book-24-p0675,24,B,675,25,23,1,1,0.528117
book-24-p0676,24,B,676,29,28,1,1,0.597431
book-24-p0677,24,B,677,36,33,2,2,0.361803
book-24-p0678,24,B,678,34,33,1,1,0.500761
book-24-p0679,24,B,679,36,33,0,0,
book-24-p0680,24,B,680,34,33,2,2,0.404996
book-24-p0681,24,B,681,36,33,0,0,
book-24-p0682,24,B,682,34,33,0,0,
book-24-p0683,24,B,683,35,34,4,4,0.456326
book-24-p0684,24,B,684,27,26,0,0,
book-24-p0685,24,B,685,29,27,2,2,0.505610
book-24-p0686,24,B,686,34,33,0,0,
book-24-p0687,24,B,687,35,33,0,0,
book-24-p0688,24,B,688,35,34,0,0,
book-24-p0689,24,B,689,35,33,2,2,0.494442
book-24-p0690,24,B,690,35,34,1,1,0.539344
book-24-p0691,24,B,691,37,33,3,3,0.498848
book-24-p0692,24,B,692,34,33,2,2,0.520112
book-24-p0693,24,B,693,36,34,4,4,0.451252
book-24-p0694,24,B,694,34,33,0,0,
book-24-p0695,24,B,695,35,33,0,0,
book-24-p0696,24,B,696,35,34,1,2,0.522109
book-24-p0697,24,B,697,33,31,0,0,
book-24-p0698,24,B,698,34,33,0,0,
book-24-p0699,24,B,699,35,33,4,4,0.486683
book-24-p0700,24,B,700,34,33,0,0,
book-24-p0701,24,B,701,34,33,2,3,0.496540
book-24-p0702,24,B,702,35,34,1,1,0.302200
book-24-p0703,24,B,703,35,34,1,1,0.428623
book-24-p0704,24,B,704,34,33,1,1,0.567629
book-24-p0705,24,B,705,35,34,2,2,0.500965
book-24-p0706,24,B,706,35,33,2,2,0.341531
book-24-p0707,24,B,707,37,34,1,1,0.535614
book-24-p0708,24,B,708,34,33,0,0,
book-24-p0709,24,B,709,36,33,1,1,0.570196
book-24-p0710,24,B,710,28,26,2,2,0.384147
book-24-p0711,24,B,711,36,33,0,0,
book-24-p0712,24,B,712,34,33,2,2,0.501459
book-24-p0713,24,B,713,36,34,1,1,0.554462
book-24-p0714,24,B,714,34,33,2,2,0.367580
book-24-p0715,24,B,715,34,33,1,1,0.552721
book-24-p0716,24,B,716,34,33,1,1,0.565553
book-24-p0717,24,B,717,35,34,0,0,
book-24-p0718,24,B,718,33,32,1,1,0.543486
book-24-p0719,24,B,719,30,29,0,0,
book-24-p0720,24,B,720,34,33,1,1,0.563652
book-24-p0721,24,B,721,35,33,4,4,0.161683
book-24-p0722,24,B,722,36,34,0,0,
book-24-p0723,24,B,723,36,33,5,5,0.405416
book-24-p0724,24,B,724,34,33,4,4,0.505131
book-24-p0725,24,B,725,37,33,1,1,0.544962
book-24-p0726,24,B,726,35,34,3,3,0.479746
book-24-p0727,24,B,727,36,33,1,1,0.415366
book-24-p0728,24,B,728,29,28,3,3,0.404028
book-24-p0729,24,B,729,36,33,0,0,
book-24-p0730,24,B,730,34,33,1,1,0.507026
book-24-p0731,24,B,731,35,33,2,2,0.368632
book-24-p0732,24,B,732,35,33,3,3,0.504756
book-24-p0733,24,B,733,35,33,5,5,0.358856
book-24-p0734,24,B,734,35,34,2,2,0.466269
book-24-p0735,24,B,735,35,33,1,1,0.513428
book-24-p0736,24,B,736,34,33,0,0,
book-24-p0737,24,B,737,30,28,2,2,0.524952
book-24-p0738,24,B,738,35,34,1,1,0.584596
book-24-p0739,24,B,739,37,34,3,3,0.470357
book-24-p0740,24,B,740,35,34,1,1,0.386691
book-24-p0741,24,B,741,36,33,2,2,0.505779
book-24-p0742,24,B,742,35,33,0,0,
book-24-p0743,24,B,743,36,34,0,0,
book-24-p0744,24,B,744,34,33,1,1,0.598213
book-24-p0745,24,B,745,36,33,1,1,0.522076
book-24-p0746,24,B,746,28,27,3,3,0.266911
book-24-p0747,24,B,747,35,33,1,1,0.411183
book-24-p0748,24,B,748,34,33,0,0,
book-24-p0749,24,B,749,35,33,1,1,0.506958
book-24-p0750,24,B,750,34,33,2,2,0.469274
book-24-p0751,24,B,751,35,33,1,1,0.573870
book-24-p0752,24,B,752,31,29,2,2,0.554292
book-24-p0753,24,B,753,30,28,0,0,
book-24-p0754,24,B,754,35,33,1,1,0.387956
book-24-p0755,24,B,755,36,34,4,4,0.418227
book-24-p0756,24,B,756,34,33,2,2,0.501065
book-24-p0757,24,B,757,35,34,3,3,0.470976
book-24-p0758,24,B,758,34,33,0,0,
book-24-p0759,24,B,759,36,33,3,3,0.353670
book-24-p0760,24,B,760,35,34,2,2,0.516157
book-24-p0761,24,B,761,36,33,1,1,0.595053
book-24-p0762,24,B,762,27,25,1,1,0.390171
book-24-p0763,24,B,763,30,28,2,2,0.533670
book-24-p0764,24,B,764,35,34,3,3,0.341890
book-24-p0765,24,B,765,35,33,3,3,0.402622
book-24-p0766,24,B,766,35,33,1,1,0.559711
book-24-p0767,24,B,767,35,33,3,3,0.389368
book-24-p0768,24,B,768,34,33,2,2,0.583903
book-24-p0769,24,B,769,34,33,4,4,0.297332
book-24-p0770,24,B,770,35,33,3,3,0.548797
book-24-p0771,24,B,771,30,27,5,5,0.489975
book-24-p0772,24,B,772,29,28,3,3,0.227399
book-24-p0773,24,B,773,35,33,2,2,0.251953
book-24-p0774,24,B,774,34,33,0,0,
book-24-p0775,24,B,775,35,33,1,1,0.595801
book-24-p0776,24,B,776,34,33,0,0,
book-24-p0777,24,B,777,35,33,1,1,0.503988
book-24-p0778,24,B,778,34,33,1,1,0.559894
book-24-p0779,24,B,779,35,33,2,2,0.588101
book-24-p0780,24,B,780,34,33,1,1,0.543252
book-24-p0781,24,B,781,35,33,2,2,0.556955
book-24-p0782,24,B,782,28,27,2,2,0.483014
book-24-p0783,24,B,783,30,29,1,1,0.587628
book-24-p0784,24,B,784,34,33,0,0,
book-24-p0785,24,B,785,35,33,2,2,0.441284
book-24-p0786,24,B,786,35,33,1,1,0.297975
book-24-p0787,24,B,787,37,34,1,1,0.548584
book-24-p0788,24,B,788,34,33,2,2,0.290254
book-24-p0789,24,B,789,35,33,4,4,0.464460
book-24-p0790,24,B,790,34,33,1,1,0.586521
book-24-p0791,24,B,791,36,33,0,0,
book-24-p0792,24,B,792,34,33,1,1,0.587207
book-24-p0793,24,B,793,29,27,1,1,0.502077
book-24-p0794,24,B,794,34,33,0,0,
book-24-p0795,24,B,795,34,33,1,1,0.197458
book-24-p0796,24,B,796,34,33,0,0,
book-24-p0797,24,B,797,34,33,3,3,0.478594
book-24-p0798,24,B,798,35,34,3,3,0.299286
book-24-p0799,24,B,799,35,34,4,4,0.303143
book-24-p0800,24,B,800,34,33,1,1,0.576614
book-24-p0801,24,B,801,35,34,2,2,0.517413
book-24-p0802,24,B,802,31,28,1,1,0.545413
book-24-p0803,24,B,803,37,33,2,2,0.244500
book-24-p0804,24,B,804,34,33,0,0,
book-24-p0805,24,B,805,36,33,2,2,0.510970
book-24-p0806,24,B,806,34,33,2,2,0.550231
book-24-p0807,24,B,807,36,33,1,1,0.583585
book-24-p0808,24,B,808,35,34,1,1,0.412379
book-24-p0809,24,B,809,36,33,0,0,
book-24-p0810,24,B,810,35,33,3,3,0.198141
book-24-p0811,24,B,811,35,33,1,1,0.484256
book-24-p0812,24,B,812,34,33,1,1,0.387076
book-24-p0813,24,B,813,29,28,4,5,0.499281
book-24-p0814,24,B,814,34,33,0,0,
book-24-p0815,24,B,815,34,33,1,1,0.566623
book-24-p0816,24,B,816,35,34,2,2,0.497491
book-24-p0817,24,B,817,35,34,1,1,0.515318
book-24-p0818,24,B,818,36,34,1,1,0.528718
book-24-p0819,24,B,819,36,33,0,0,
book-24-p0820,24,B,820,35,34,2,2,0.456982
book-24-p0821,24,B,821,33,28,1,1,0.518862
book-24-p0822,24,B,822,35,34,0,0,
book-24-p0823,24,B,823,36,33,1,1,0.495461
book-24-p0824,24,B,824,35,34,0,0,
book-24-p0825,24,B,825,36,33,2,2,0.517086
book-24-p0826,24,B,826,35,34,0,0,
book-24-p0827,24,B,827,30,28,0,0,
book-24-p0828,24,B,828,35,34,4,4,0.222232
book-24-p0829,24,B,829,35,33,2,2,0.507925
book-24-p0830,24,B,830,34,33,1,1,0.496905
book-24-p0831,24,B,831,35,33,1,1,0.513757
book-24-p0832,24,B,832,35,34,1,1,0.421957
book-24-p0833,24,B,833,35,33,2,2,0.534929
book-24-p0834,24,B,834,36,34,2,2,0.222099
book-24-p0835,24,B,835,37,34,2,2,0.488586
book-24-p0836,24,B,836,35,34,0,0,
book-24-p0837,24,B,837,25,22,2,3,0.427635
book-24-p0838,24,B,838,30,29,2,2,0.481080
book-24-p0839,24,B,839,36,34,0,0,
book-24-p0840,24,B,840,35,34,1,1,0.594179
book-24-p0841,24,B,841,36,34,1,1,0.406757
book-24-p0842,24,B,842,34,33,0,0,
book-24-p0843,24,B,843,35,34,1,1,0.504270
book-24-p0844,24,B,844,34,33,0,0,
book-24-p0845,24,B,845,34,32,2,2,0.450404
book-24-p0846,24,B,846,35,34,1,2,0.447574
book-24-p0847,24,B,847,29,27,0,0,
book-24-p0848,24,B,848,35,33,2,2,0.337514
book-24-p0849,24,B,849,35,34,4,4,0.476118
book-24-p0850,24,B,850,35,33,0,0,
book-24-p0851,24,B,851,37,33,2,3,0.381144
book-24-p0852,24,B,852,34,33,3,3,0.506771
book-24-p0853,24,B,853,36,33,2,2,0.397091
book-24-p0854,24,B,854,34,33,0,0,
book-24-p0855,24,B,855,34,33,0,0,
book-24-p0856,24,B,856,35,34,2,2,0.485636
book-24-p0857,24,B,857,36,34,0,0,
book-24-p0858,24,B,858,35,34,1,1,0.212181
book-24-p0859,24,B,859,30,28,3,3,0.372439
book-24-p0860,24,B,860,35,34,0,0,
book-24-p0861,24,B,861,35,33,1,1,0.588689
book-24-p0862,24,B,862,35,34,1,1,0.563126
book-24-p0863,24,B,863,35,34,1,1,0.593738
book-24-p0864,24,B,864,34,33,0,0,
book-24-p0865,24,B,865,35,33,2,2,0.556399
book-24-p0866,24,B,866,35,33,0,0,
book-24-p0867,24,B,867,37,33,0,0,
book-24-p0868,24,B,868,35,34,1,1,0.589291
book-24-p0869,24,B,869,30,25,1,1,0.568348
book-24-p0870,24,B,870,33,32,5,6,0.371334
book-24-p0871,24,B,871,0,0,0,0,
book-24-p0872,24,B,872,0,0,0,0,
book-24-p0873,24,B,873,0,0,0,0,
book-24-p0874,24,B,874,0,0,0,0,
book-24-p0875,24,B,875,27,26,3,3,0.200606
book-24-p0876,24,B,876,34,33,4,5,0.313829
book-24-p0877,24,B,877,35,33,6,9,0.410140
book-24-p0878,24,B,878,34,32,4,6,0.382351
book-24-p0879,24,B,879,35,33,7,8,0.387779
book-24-p0880,24,B,880,34,33,6,7,0.413702
book-24-p0881,24,B,881,35,34,7,9,0.265085
book-24-p0882,24,B,882,34,32,8,9,0.339230
book-24-p0883,24,B,883,34,33,5,5,0.318894
book-24-p0884,24,B,884,34,32,6,9,0.286875
book-24-p0885,24,B,885,34,33,5,5,0.260846
book-24-p0886,24,B,886,34,32,3,4,0.345097
book-24-p0887,24,B,887,34,33,6,8,0.325936
book-24-p0888,24,B,888,34,32,4,7,0.307402
book-24-p0889,24,B,889,34,32,5,7,0.401143
book-24-p0890,24,B,890,22,19,1,1,0.472473
book-24-p0891,24,B,891,0,0,0,0,
book-24-p0892,24,B,892,0,0,0,0,
book-24-p0893,24,B,893,0,0,0,0,
book-24-p0894,24,B,894,0,0,0,0,
book-24-p0895,24,B,895,0,0,0,0,
book-24-p0896,24,B,896,0,0,0,0,
book-24-p0897,24,B,897,1,1,0,0,
book-24-p0898,24,B,898,0,0,0,0,
book-24-p0899,24,B,899,0,0,0,0,
book-24-p0900,24,B,900,0,0,0,0,
