page_id,doc_id,page_nr,work,holding,status,last_change,seeded_by,lines,chars,words,kept,reason
10925942_0001_p001,10925942,1,Trésor des Amadis T. 1,BM Lyon (numelyo),NEW,2025-09-29,,0,0,0,no,not-corrected
10925942_0002_p002,10925942,2,Trésor des Amadis T. 1,BM Lyon (numelyo),NEW,2025-09-29,,0,0,0,no,not-corrected
10925942_0003_p003,10925942,3,Trésor des Amadis T. 1,BM Lyon (numelyo),NEW,2025-09-29,,0,0,0,no,not-corrected
10925942_0004_p004,10925942,4,Trésor des Amadis T. 1,BM Lyon (numelyo),NEW,2025-09-29,,0,0,0,no,not-corrected
10925942_0005_p005,10925942,5,Trésor des Amadis T. 1,BM Lyon (numelyo),NEW,2025-09-29,,0,0,0,no,not-corrected
10925942_0006_p006,10925942,6,Trésor des Amadis T. 1,BM Lyon (numelyo),NEW,2025-09-29,,0,0,0,no,not-corrected
10925942_0007_p007,10925942,7,Trésor des Amadis T. 1,BM Lyon (numelyo),NEW,2025-09-29,,0,0,0,no,not-corrected
10925942_0008_p008,10925942,8,Trésor des Amadis T. 1,BM Lyon (numelyo),NEW,2025-09-29,,0,0,0,no,not-corrected
10925942_0009_p009,10925942,9,Trésor des Amadis T. 1,BM Lyon (numelyo),NEW,2025-09-29,,0,0,0,no,not-corrected
10925942_0010_p010,10925942,10,Trésor des Amadis T. 1,BM Lyon (numelyo),IN_PROGRESS,2026-09-09,581889,35,1098,185,no,not-corrected
10925942_0011_p011,10925942,11,Trésor des Amadis T. 1,BM Lyon (numelyo),IN_PROGRESS,2026-09-09,581889,30,1420,238,no,not-corrected
10925942_0012_p012,10925942,12,Trésor des Amadis T. 1,BM Lyon (numelyo),IN_PROGRESS,2026-09-09,581889,30,1420,238,no,not-corrected
10925942_0013_p013,10925942,13,Trésor des Amadis T. 1,BM Lyon (numelyo),IN_PROGRESS,2026-09-09,581889,8,141,27,no,not-corrected
10925942_0014_p014,10925942,14,Trésor des Amadis T. 1,BM Lyon (numelyo),IN_PROGRESS,2026-09-09,581889,13,554,104,no,not-corrected
10925942_0015_p015,10925942,15,Trésor des Amadis T. 1,BM Lyon (numelyo),DONE,2026-09-15,581889,21,648,108,no,front-matter
10925942_0016_p016,10925942,16,Trésor des Amadis T. 1,BM Lyon (numelyo),DONE,2026-09-15,581889,27,1062,190,yes,
10925942_0017_p017,10925942,17,Trésor des Amadis T. 1,BM Lyon (numelyo),DONE,2026-09-15,581889,26,1019,181,yes,
10925942_0018_p018,10925942,18,Trésor des Amadis T. 1,BM Lyon (numelyo),DONE,2026-09-15,581889,29,1191,205,yes,
10925942_0019_p019,10925942,19,Trésor des Amadis T. 1,BM Lyon (numelyo),DONE,2026-09-15,581889,29,1164,212,yes,
10925942_0020_p020,10925942,20,Trésor des Amadis T. 1,BM Lyon (numelyo),DONE,2026-09-15,581889,28,1116,199,yes,
10925942_0021_p021,10925942,21,Trésor des Amadis T. 1,BM Lyon (numelyo),DONE,2026-09-15,581889,30,1281,236,yes,
10925942_0022_p022,10925942,22,Trésor des Amadis T. 1,BM Lyon (numelyo),DONE,2026-09-15,581889,29,1221,217,yes,
10925942_0023_p023,10925942,23,Trésor des Amadis T. 1,BM Lyon (numelyo),DONE,2026-09-15,581889,25,966,173,yes,
10925942_0024_p024,10925942,24,Trésor des Amadis T. 1,BM Lyon (numelyo),DONE,2026-09-15,581889,27,1080,200,yes,
10925942_0025_p025,10925942,25,Trésor des Amadis T. 1,BM Lyon (numelyo),DONE,2026-09-15,581889,28,1172,219,yes,
10925942_0026_p026,10925942,26,Trésor des Amadis T. 1,BM Lyon (numelyo),DONE,2026-09-15,581889,25,981,183,yes,
10925942_0027_p027,10925942,27,Trésor des Amadis T. 1,BM Lyon (numelyo),DONE,2026-09-15,581889,18,551,95,yes,
10925942_0028_p028,10925942,28,Trésor des Amadis T. 1,BM Lyon (numelyo),DONE,2026-09-15,581889,27,1049,192,yes,
10925942_0029_p029,10925942,29,Trésor des Amadis T. 1,BM Lyon (numelyo),DONE,2026-09-15,581889,28,1171,203,yes,
10925942_0030_p030,10925942,30,Trésor des Amadis T. 1,BM Lyon (numelyo),DONE,2026-09-15,581889,28,1139,208,yes,
10925942_0031_p031,10925942,31,Trésor des Amadis T. 1,BM Lyon (numelyo),DONE,2026-09-15,581889,28,1197,206,yes,
10925942_0032_p032,10925942,32,Trésor des Amadis T. 1,BM Lyon (numelyo),DONE,2026-09-15,581889,25,969,176,yes,
10925942_0033_p033,10925942,33,Trésor des Amadis T. 1,BM Lyon (numelyo),DONE,2026-09-15,581889,26,997,177,yes,
10925942_0034_p034,10925942,34,Trésor des Amadis T. 1,BM Lyon (numelyo),DONE,2026-09-15,581889,25,1074,187,yes,
10925942_0035_p035,10925942,35,Trésor des Amadis T. 1,BM Lyon (numelyo),DONE,2026-09-15,581889,27,1070,196,yes,
10925942_0036_p036,10925942,36,Trésor des Amadis T. 1,BM Lyon (numelyo),DONE,2026-09-15,581889,28,1142,203,yes,
10925942_0037_p037,10925942,37,Trésor des Amadis T. 1,BM Lyon (numelyo),DONE,2026-09-15,581889,27,1043,186,yes,
10925942_0038_p038,10925942,38,Trésor des Amadis T. 1,BM Lyon (numelyo),DONE,2026-09-15,581889,26,986,178,yes,
10925942_0039_p039,10925942,39,Trésor des Amadis T. 1,BM Lyon (numelyo),DONE,2026-09-15,581889,28,1123,201,yes,
10925942_0040_p040,10925942,40,Trésor des Amadis T. 1,BM Lyon (numelyo),DONE,2026-09-15,581889,30,1221,203,yes,
10925942_0041_p041,10925942,41,Trésor des Amadis T. 1,BM Lyon (numelyo),DONE,2026-09-15,581889,29,1177,217,yes,
10925942_0042_p042,10925942,42,Trésor des Amadis T. 1,BM Lyon (numelyo),DONE,2026-09-15,581889,29,1105,194,yes,
10925942_0043_p043,10925942,43,Trésor des Amadis T. 1,BM Lyon (numelyo),DONE,2026-09-15,581889,28,1101,199,yes,
10925942_0044_p044,10925942,44,Trésor des Amadis T. 1,BM Lyon (numelyo),DONE,2026-09-15,581889,28,1134,205,yes,
10925942_0045_p045,10925942,45,Trésor des Amadis T. 1,BM Lyon (numelyo),DONE,2026-09-15,581889,28,1117,203,yes,
10925942_0046_p046,10925942,46,Trésor des Amadis T. 1,BM Lyon (numelyo),DONE,2026-09-15,581889,27,1013,179,yes,
10925942_0047_p047,10925942,47,Trésor des Amadis T. 1,BM Lyon (numelyo),DONE,2026-09-15,581889,27,1032,188,yes,
10925942_0048_p048,10925942,48,Trésor des Amadis T. 1,BM Lyon (numelyo),DONE,2026-09-15,581889,25,958,170,yes,
10925942_0049_p049,10925942,49,Trésor des Amadis T. 1,BM Lyon (numelyo),DONE,2026-09-15,581889,27,1089,191,yes,
10925942_0050_p050,10925942,50,Trésor des Amadis T. 1,BM Lyon (numelyo),DONE,2026-09-16,581889,30,1253,225,yes,
10925942_0051_p051,10925942,51,Trésor des Amadis T. 1,BM Lyon (numelyo),DONE,2026-09-16,581889,26,1057,188,yes,
10925942_0052_p052,10925942,52,Trésor des Amadis T. 1,BM Lyon (numelyo),DONE,2026-09-16,581889,26,998,182,yes,
10925942_0053_p053,10925942,53,Trésor des Amadis T. 1,BM Lyon (numelyo),DONE,2026-09-16,581889,30,1283,231,yes,
10925942_0054_p054,10925942,54,Trésor des Amadis T. 1,BM Lyon (numelyo),DONE,2026-09-16,581889,31,1290,240,yes,
10925942_0055_p055,10925942,55,Trésor des Amadis T. 1,BM Lyon (numelyo),DONE,2026-09-16,581889,27,1041,189,yes,
10925942_0056_p056,10925942,56,Trésor des Amadis T. 1,BM Lyon (numelyo),DONE,2026-09-16,581889,29,1148,209,yes,
10925942_0057_p057,10925942,57,Trésor des Amadis T. 1,BM Lyon (numelyo),DONE,2026-09-16,581889,28,1154,204,yes,
10925942_0058_p058,10925942,58,Trésor des Amadis T. 1,BM Lyon (numelyo),DONE,2026-09-16,581889,28,1158,191,yes,
10925942_0059_p059,10925942,59,Trésor des Amadis T. 1,BM Lyon (numelyo),DONE,2026-09-16,581889,28,1112,195,yes,
10925942_0060_p060,10925942,60,Trésor des Amadis T. 1,BM Lyon (numelyo),DONE,2026-09-16,581889,26,1037,189,yes,
10925942_0061_p061,10925942,61,Trésor des Amadis T. 1,BM Lyon (numelyo),DONE,2026-09-16,581889,27,1069,195,yes,
10925942_0062_p062,10925942,62,Trésor des Amadis T. 1,BM Lyon (numelyo),DONE,2026-09-16,581889,28,1081,209,yes,
10925942_0063_p063,10925942,63,Trésor des Amadis T. 1,BM Lyon (numelyo),DONE,2026-09-16,581889,30,1282,231,yes,
10925942_0064_p064,10925942,64,Trésor des Amadis T. 1,BM Lyon (numelyo),DONE,2026-09-16,581889,24,862,155,yes,
10925942_0065_p065,10925942,65,Trésor des Amadis T. 1,BM Lyon (numelyo),DONE,2026-09-16,581889,27,1037,180,yes,
10925942_0066_p066,10925942,66,Trésor des Amadis T. 1,BM Lyon (numelyo),DONE,2026-09-16,581889,26,949,164,yes,
10925942_0067_p067,10925942,67,Trésor des Amadis T. 1,BM Lyon (numelyo),DONE,2026-09-16,581889,26,1087,207,yes,
10925942_0068_p068,10925942,68,Trésor des Amadis T. 1,BM Lyon (numelyo),DONE,2026-09-16,581889,29,1100,206,yes,
10925942_0069_p069,10925942,69,Trésor des Amadis T. 1,BM Lyon (numelyo),DONE,2026-09-16,581889,30,1268,232,yes,
10925942_0070_p070,10925942,70,Trésor des Amadis T. 1,BM Lyon (numelyo),DONE,2026-09-16,581889,27,1054,198,yes,
10925942_0071_p071,10925942,71,Trésor des Amadis T. 1,BM Lyon (numelyo),DONE,2026-09-16,581889,29,1135,216,yes,
10925942_0072_p072,10925942,72,Trésor des Amadis T. 1,BM Lyon (numelyo),DONE,2026-09-16,581889,28,1087,198,yes,
10925942_0073_p073,10925942,73,Trésor des Amadis T. 1,BM Lyon (numelyo),DONE,2026-09-16,581889,28,1107,202,yes,
10925942_0074_p074,10925942,74,Trésor des Amadis T. 1,BM Lyon (numelyo),DONE,2026-09-16,581889,27,1000,174,yes,
10925942_0075_p075,10925942,75,Trésor des Amadis T. 1,BM Lyon (numelyo),DONE,2026-09-16,581889,28,1109,192,yes,
10925942_0076_p076,10925942,76,Trésor des Amadis T. 1,BM Lyon (numelyo),DONE,2026-09-16,581889,27,1070,189,yes,
10925942_0077_p077,10925942,77,Trésor des Amadis T. 1,BM Lyon (numelyo),DONE,2026-09-16,581889,28,1153,199,yes,
10925942_0078_p078,10925942,78,Trésor des Amadis T. 1,BM Lyon (numelyo),DONE,2026-09-16,581889,29,1099,191,yes,
10925942_0079_p079,10925942,79,Trésor des Amadis T. 1,BM Lyon (numelyo),DONE,2026-09-16,581889,29,1177,215,yes,
10925942_0080_p080,10925942,80,Trésor des Amadis T. 1,BM Lyon (numelyo),DONE,2026-09-16,581889,29,1143,210,yes,
10925942_0081_p081,10925942,81,Trésor des Amadis T. 1,BM Lyon (numelyo),DONE,2026-09-16,581889,25,895,158,yes,
10925942_0082_p082,10925942,82,Trésor des Amadis T. 1,BM Lyon (numelyo),DONE,2026-09-16,581889,31,1290,223,yes,
10925942_0083_p083,10925942,83,Trésor des Amadis T. 1,BM Lyon (numelyo),DONE,2026-09-16,581889,25,944,170,yes,
10925942_0084_p084,10925942,84,Trésor des Amadis T. 1,BM Lyon (numelyo),DONE,2026-09-16,581889,27,1090,204,yes,
10925942_0085_p085,10925942,85,Trésor des Amadis T. 1,BM Lyon (numelyo),DONE,2026-09-16,581889,27,1011,184,yes,
10925942_0086_p086,10925942,86,Trésor des Amadis T. 1,BM Lyon (numelyo),DONE,2026-09-16,581889,31,1238,221,yes,
10925942_0087_p087,10925942,87,Trésor des Amadis T. 1,BM Lyon (numelyo),DONE,2026-09-16,581889,28,1151,216,yes,
10925942_0088_p088,10925942,88,Trésor des Amadis T. 1,BM Lyon (numelyo),DONE,2026-09-16,581889,30,1206,223,yes,
10925942_0089_p089,10925942,89,Trésor des Amadis T. 1,BM Lyon (numelyo),DONE,2026-09-16,581889,27,1127,210,yes,
10925942_0090_p090,10925942,90,Trésor des Amadis T. 1,BM Lyon (numelyo),DONE,2026-09-16,581889,26,929,165,yes,
10925942_0091_p091,10925942,91,Trésor des Amadis T. 1,BM Lyon (numelyo),DONE,2026-09-16,581889,30,1295,231,yes,
10925942_0092_p092,10925942,92,Trésor des Amadis T. 1,BM Lyon (numelyo),DONE,2026-09-16,581889,28,1111,195,yes,
10925942_0093_p093,10925942,93,Trésor des Amadis T. 1,BM Lyon (numelyo),DONE,2026-09-16,581889,30,1277,231,yes,
10925942_0094_p094,10925942,94,Trésor des Amadis T. 1,BM Lyon (numelyo),DONE,2026-09-17,581889,28,1106,204,yes,
10925942_0095_p095,10925942,95,Trésor des Amadis T. 1,BM Lyon (numelyo),DONE,2026-09-17,581889,27,1033,181,yes,
10925942_0096_p096,10925942,96,Trésor des Amadis T. 1,BM Lyon (numelyo),DONE,2026-09-17,581889,27,1048,179,yes,
10925942_0097_p097,10925942,97,Trésor des Amadis T. 1,BM Lyon (numelyo),DONE,2026-09-17,581889,30,1228,225,yes,
10925942_0098_p098,10925942,98,Trésor des Amadis T. 1,BM Lyon (numelyo),DONE,2026-09-17,581889,30,1210,212,yes,
10925942_0099_p099,10925942,99,Trésor des Amadis T. 1,BM Lyon (numelyo),DONE,2026-09-17,581889,29,1139,201,yes,
10925942_0100_p100,10925942,100,Trésor des Amadis T. 1,BM Lyon (numelyo),DONE,2026-09-17,581889,28,1071,191,yes,
10925942_0101_p101,10925942,101,Trésor des Amadis T. 1,BM Lyon (numelyo),DONE,2026-09-17,581889,28,1084,187,yes,
10925942_0102_p102,10925942,102,Trésor des Amadis T. 1,BM Lyon (numelyo),DONE,2026-09-17,581889,27,1031,188,yes,
10925942_0103_p103,10925942,103,Trésor des Amadis T. 1,BM Lyon (numelyo),DONE,2026-09-17,581889,31,1214,229,yes,
10925942_0104_p104,10925942,104,Trésor des Amadis T. 1,BM Lyon (numelyo),DONE,2026-09-17,581889,26,965,176,yes,
10925942_0105_p105,10925942,105,Trésor des Amadis T. 1,BM Lyon (numelyo),DONE,2026-09-17,581889,29,1175,208,yes,
10925942_0106_p106,10925942,106,Trésor des Amadis T. 1,BM Lyon (numelyo),DONE,2026-09-17,581889,25,932,169,yes,
10925942_0107_p107,10925942,107,Trésor des Amadis T. 1,BM Lyon (numelyo),DONE,2026-09-17,581889,27,996,185,yes,
10925942_0108_p108,10925942,108,Trésor des Amadis T. 1,BM Lyon (numelyo),DONE,2026-09-17,581889,28,1096,200,yes,
10925942_0109_p109,10925942,109,Trésor des Amadis T. 1,BM Lyon (numelyo),DONE,2026-09-17,581889,25,948,174,yes,
10925942_0110_p110,10925942,110,Trésor des Amadis T. 1,BM Lyon (numelyo),DONE,2026-09-17,581889,30,1156,208,yes,
10925942_0111_p111,10925942,111,Trésor des Amadis T. 1,BM Lyon (numelyo),DONE,2026-09-17,36202,29,1223,220,no,trained-on
10925942_0112_p112,10925942,112,Trésor des Amadis T. 1,BM Lyon (numelyo),DONE,2026-04-22,36202,28,1165,216,no,trained-on
10925942_0113_p113,10925942,113,Trésor des Amadis T. 1,BM Lyon (numelyo),DONE,2026-04-22,36202,27,1045,186,no,trained-on
10925942_0114_p114,10925942,114,Trésor des Amadis T. 1,BM Lyon (numelyo),DONE,2026-04-22,36202,26,1048,181,no,trained-on
10925942_0115_p115,10925942,115,Trésor des Amadis T. 1,BM Lyon (numelyo),DONE,2026-04-22,36202,28,1141,200,no,trained-on
10925942_0116_p116,10925942,116,Trésor des Amadis T. 1,BM Lyon (numelyo),DONE,2026-04-22,36202,27,1106,192,no,trained-on
10925942_0117_p117,10925942,117,Trésor des Amadis T. 1,BM Lyon (numelyo),DONE,2026-04-22,36202,30,1282,223,no,trained-on
10925942_0118_p118,10925942,118,Trésor des Amadis T. 1,BM Lyon (numelyo),DONE,2026-04-22,36202,28,1120,210,no,trained-on
10925942_0119_p119,10925942,119,Trésor des Amadis T. 1,BM Lyon (numelyo),DONE,2026-04-22,36202,29,1217,221,no,trained-on
10925942_0120_p120,10925942,120,Trésor des Amadis T. 1,BM Lyon (numelyo),DONE,2026-04-22,36202,29,1148,215,no,trained-on
10925942_0121_p121,10925942,121,Trésor des Amadis T. 1,BM Lyon (numelyo),DONE,2026-04-22,36202,30,1219,218,no,trained-on
10925942_0122_p122,10925942,122,Trésor des Amadis T. 1,BM Lyon (numelyo),DONE,2026-04-22,36202,29,1096,193,no,trained-on
10925942_0123_p123,10925942,123,Trésor des Amadis T. 1,BM Lyon (numelyo),DONE,2026-04-22,36202,29,1216,220,no,trained-on
10925942_0124_p124,10925942,124,Trésor des Amadis T. 1,BM Lyon (numelyo),DONE,2026-04-22,36202,30,1195,223,no,trained-on
10925942_0125_p125,10925942,125,Trésor des Amadis T. 1,BM Lyon (numelyo),DONE,2026-04-22,36202,30,1277,236,no,trained-on
10925942_0126_p126,10925942,126,Trésor des Amadis T. 1,BM Lyon (numelyo),DONE,2026-04-15,36202,27,1056,196,no,trained-on
10925942_0127_p127,10925942,127,Trésor des Amadis T. 1,BM Lyon (numelyo),DONE,2026-04-22,36202,28,1117,198,no,trained-on
10925942_0128_p128,10925942,128,Trésor des Amadis T. 1,BM Lyon (numelyo),DONE,2026-04-16,36202,28,1122,201,no,trained-on
10925942_0129_p129,10925942,129,Trésor des Amadis T. 1,BM Lyon (numelyo),DONE,2025-10-21,36202,30,1278,229,no,trained-on
10925942_0130_p130,10925942,130,Trésor des Amadis T. 1,BM Lyon (numelyo),DONE,2026-04-22,36202,29,1141,198,no,trained-on
10925942_0131_p131,10925942,131,Trésor des Amadis T. 1,BM Lyon (numelyo),DONE,2026-04-16,36202,29,1241,222,no,trained-on
10925942_0132_p132,10925942,132,Trésor des Amadis T. 1,BM Lyon (numelyo),DONE,2026-04-22,36202,30,1232,233,no,trained-on
10925942_0133_p133,10925942,133,Trésor des Amadis T. 1,BM Lyon (numelyo),DONE,2026-04-22,36202,30,1271,223,no,trained-on
10925942_0134_p134,10925942,134,Trésor des Amadis T. 1,BM Lyon (numelyo),DONE,2026-04-22,36202,29,1144,197,no,trained-on
10925942_0135_p135,10925942,135,Trésor des Amadis T. 1,BM Lyon (numelyo),DONE,2026-04-22,36202,30,1273,236,no,trained-on
10925942_0136_p136,10925942,136,Trésor des Amadis T. 1,BM Lyon (numelyo),DONE,2026-04-22,36202,25,937,161,no,trained-on
10925942_0137_p137,10925942,137,Trésor des Amadis T. 1,BM Lyon (numelyo),DONE,2026-04-22,36202,29,1187,224,no,trained-on
10925942_0138_p138,10925942,138,Trésor des Amadis T. 1,BM Lyon (numelyo),DONE,2026-04-17,36202,29,1117,204,no,trained-on
10925942_0139_p139,10925942,139,Trésor des Amadis T. 1,BM Lyon (numelyo),DONE,2026-04-22,36202,24,831,138,no,trained-on
10925942_0140_p140,10925942,140,Trésor des Amadis T. 1,BM Lyon (numelyo),DONE,2026-04-22,36202,30,1157,219,no,trained-on
10925942_0141_p141,10925942,141,Trésor des Amadis T. 1,BM Lyon (numelyo),DONE,2026-04-22,36202,27,1140,203,no,trained-on
10925942_0142_p142,10925942,142,Trésor des Amadis T. 1,BM Lyon (numelyo),DONE,2026-04-22,36202,27,1028,181,no,trained-on
10925942_0143_p143,10925942,143,Trésor des Amadis T. 1,BM Lyon (numelyo),DONE,2026-04-22,36202,28,1190,226,no,trained-on
10925942_0144_p144,10925942,144,Trésor des Amadis T. 1,BM Lyon (numelyo),DONE,2026-04-22,36202,31,1270,223,no,trained-on
10925942_0145_p145,10925942,145,Trésor des Amadis T. 1,BM Lyon (numelyo),DONE,2026-04-22,36202,29,1221,225,no,trained-on
10925942_0146_p146,10925942,146,Trésor des Amadis T. 1,BM Lyon (numelyo),DONE,2026-04-22,551777,30,1233,219,no,trained-on
10925942_0147_p147,10925942,147,Trésor des Amadis T. 1,BM Lyon (numelyo),DONE,2026-04-22,551777,29,1124,206,no,trained-on
10925942_0148_p148,10925942,148,Trésor des Amadis T. 1,BM Lyon (numelyo),DONE,2026-04-22,551777,30,1287,241,no,trained-on
10925942_0149_p149,10925942,149,Trésor des Amadis T. 1,BM Lyon (numelyo),DONE,2026-04-22,551777,28,1102,204,no,trained-on
10925942_0150_p150,10925942,150,Trésor des Amadis T. 1,BM Lyon (numelyo),DONE,2026-04-22,551777,31,1268,224,no,trained-on
10925942_0151_p151,10925942,151,Trésor des Amadis T. 1,BM Lyon (numelyo),DONE,2026-04-22,551777,30,1135,215,no,trained-on
10925942_0152_p152,10925942,152,Trésor des Amadis T. 1,BM Lyon (numelyo),DONE,2026-04-20,551777,28,1090,192,no,trained-on
10925942_0153_p153,10925942,153,Trésor des Amadis T. 1,BM Lyon (numelyo),DONE,2026-04-22,551777,28,1143,200,no,trained-on
10925942_0154_p154,10925942,154,Trésor des Amadis T. 1,BM Lyon (numelyo),DONE,2026-04-22,551777,29,1164,203,no,trained-on
10925942_0155_p155,10925942,155,Trésor des Amadis T. 1,BM Lyon (numelyo),DONE,2026-04-22,551777,28,1140,209,no,trained-on
10925942_0156_p156,10925942,156,Trésor des Amadis T. 1,BM Lyon (numelyo),DONE,2026-04-20,551777,31,1298,235,no,trained-on
10925942_0157_p157,10925942,157,Trésor des Amadis T. 1,BM Lyon (numelyo),DONE,2026-04-22,551777,30,1277,221,no,trained-on
10925942_0158_p158,10925942,158,Trésor des Amadis T. 1,BM Lyon (numelyo),DONE,2026-04-22,551777,31,1284,224,no,trained-on
10925942_0159_p159,10925942,159,Trésor des Amadis T. 1,BM Lyon (numelyo),DONE,2026-04-22,551777,27,1079,196,no,trained-on
10925942_0160_p160,10925942,160,Trésor des Amadis T. 1,BM Lyon (numelyo),DONE,2026-09-09,551777,27,1106,197,no,trained-on
10925942_0161_p161,10925942,161,Trésor des Amadis T. 1,BM Lyon (numelyo),DONE,2026-04-22,551777,28,1130,203,no,trained-on
10925942_0162_p162,10925942,162,Trésor des Amadis T. 1,BM Lyon (numelyo),DONE,2026-04-22,551777,27,1093,200,no,trained-on
10925942_0163_p163,10925942,163,Trésor des Amadis T. 1,BM Lyon (numelyo),DONE,2026-04-22,551777,29,1222,214,no,trained-on
10925942_0164_p164,10925942,164,Trésor des Amadis T. 1,BM Lyon (numelyo),DONE,2026-04-20,551777,29,1261,230,no,trained-on
10925942_0165_p165,10925942,165,Trésor des Amadis T. 1,BM Lyon (numelyo),DONE,2026-04-22,551777,29,1163,213,no,trained-on
10925942_0166_p166,10925942,166,Trésor des Amadis T. 1,BM Lyon (numelyo),DONE,2026-04-22,551777,28,1129,204,no,trained-on
10925942_0167_p167,10925942,167,Trésor des Amadis T. 1,BM Lyon (numelyo),DONE,2026-04-22,551777,30,1312,228,no,trained-on
10925942_0168_p168,10925942,168,Trésor des Amadis T. 1,BM Lyon (numelyo),DONE,2026-04-22,551777,31,1290,232,no,trained-on
10925942_0169_p169,10925942,169,Trésor des Amadis T. 1,BM Lyon (numelyo),DONE,2026-04-20,551777,29,1196,214,no,trained-on
10925942_0170_p170,10925942,170,Trésor des Amadis T. 1,BM Lyon (numelyo),DONE,2026-04-22,551777,29,1211,220,no,trained-on
10925942_0171_p171,10925942,171,Trésor des Amadis T. 1,BM Lyon (numelyo),DONE,2026-04-23,551777,27,1062,185,no,trained-on
10925942_0172_p172,10925942,172,Trésor des Amadis T. 1,BM Lyon (numelyo),DONE,2026-04-22,551777,31,1282,232,no,trained-on
10925942_0173_p173,10925942,173,Trésor des Amadis T. 1,BM Lyon (numelyo),DONE,2026-04-22,551777,28,1151,206,no,trained-on
10925942_0174_p174,10925942,174,Trésor des Amadis T. 1,BM Lyon (numelyo),DONE,2026-04-22,551777,31,1299,225,no,trained-on
10925942_0175_p175,10925942,175,Trésor des Amadis T. 1,BM Lyon (numelyo),DONE,2026-04-23,551777,29,1165,213,no,trained-on
10925942_0176_p176,10925942,176,Trésor des Amadis T. 1,BM Lyon (numelyo),DONE,2026-04-22,551777,29,1180,207,no,trained-on
10925942_0177_p177,10925942,177,Trésor des Amadis T. 1,BM Lyon (numelyo),DONE,2026-04-23,551777,30,1270,229,no,trained-on
10925942_0178_p178,10925942,178,Trésor des Amadis T. 1,BM Lyon (numelyo),DONE,2026-04-22,551777,25,980,181,no,trained-on
10925942_0179_p179,10925942,179,Trésor des Amadis T. 1,BM Lyon (numelyo),DONE,2026-04-22,551777,29,1194,212,no,trained-on
10925942_0180_p180,10925942,180,Trésor des Amadis T. 1,BM Lyon (numelyo),DONE,2026-04-23,551777,28,1065,184,no,trained-on
10925942_0181_p181,10925942,181,Trésor des Amadis T. 1,BM Lyon (numelyo),DONE,2026-04-22,551777,31,1294,233,no,trained-on
10925942_0182_p182,10925942,182,Trésor des Amadis T. 1,BM Lyon (numelyo),DONE,2026-04-22,551777,31,1255,233,no,trained-on
10925942_0183_p183,10925942,183,Trésor des Amadis T. 1,BM Lyon (numelyo),DONE,2026-04-22,551777,30,1188,206,no,trained-on
10925942_0184_p184,10925942,184,Trésor des Amadis T. 1,BM Lyon (numelyo),DONE,2026-04-22,551777,31,1290,232,no,trained-on
10925942_0185_p185,10925942,185,Trésor des Amadis T. 1,BM Lyon (numelyo),DONE,2026-04-23,551777,30,1179,206,no,trained-on
10925942_0186_p186,10925942,186,Trésor des Amadis T. 1,BM Lyon (numelyo),DONE,2026-04-22,551777,31,1278,229,no,trained-on
10925942_0187_p187,10925942,187,Trésor des Amadis T. 1,BM Lyon (numelyo),DONE,2026-04-22,551777,29,1169,215,no,trained-on
10925942_0188_p188,10925942,188,Trésor des Amadis T. 1,BM Lyon (numelyo),DONE,2026-04-22,551777,29,1161,221,no,trained-on
10925942_0189_p189,10925942,189,Trésor des Amadis T. 1,BM Lyon (numelyo),DONE,2026-04-22,551777,30,1250,228,no,trained-on
10925942_0190_p190,10925942,190,Trésor des Amadis T. 1,BM Lyon (numelyo),DONE,2026-04-23,554557,28,1176,209,no,trained-on
10925942_0191_p191,10925942,191,Trésor des Amadis T. 1,BM Lyon (numelyo),DONE,2026-04-23,554557,27,1122,194,no,trained-on
10925942_0192_p192,10925942,192,Trésor des Amadis T. 1,BM Lyon (numelyo),DONE,2026-04-23,554557,29,1186,207,no,trained-on
10925942_0193_p193,10925942,193,Trésor des Amadis T. 1,BM Lyon (numelyo),DONE,2026-04-23,554557,28,1116,197,no,trained-on
10925942_0194_p194,10925942,194,Trésor des Amadis T. 1,BM Lyon (numelyo),DONE,2026-04-23,554557,26,1041,191,no,trained-on
10925942_0195_p195,10925942,195,Trésor des Amadis T. 1,BM Lyon (numelyo),DONE,2026-04-24,554557,28,1088,198,no,trained-on
10925942_0196_p196,10925942,196,Trésor des Amadis T. 1,BM Lyon (numelyo),DONE,2026-04-24,554557,26,1070,188,no,trained-on
10925942_0197_p197,10925942,197,Trésor des Amadis T. 1,BM Lyon (numelyo),DONE,2026-04-23,554557,27,1091,197,no,trained-on
10925942_0198_p198,10925942,198,Trésor des Amadis T. 1,BM Lyon (numelyo),DONE,2026-04-24,554557,29,1152,206,no,trained-on
10925942_0199_p199,10925942,199,Trésor des Amadis T. 1,BM Lyon (numelyo),DONE,2026-04-24,554557,29,1158,211,no,trained-on
10925942_0200_p200,10925942,200,Trésor des Amadis T. 1,BM Lyon (numelyo),DONE,2026-04-24,554557,31,1291,229,no,trained-on
10925942_0201_p201,10925942,201,Trésor des Amadis T. 1,BM Lyon (numelyo),DONE,2026-04-24,554557,28,1136,211,no,trained-on
10925942_0202_p202,10925942,202,Trésor des Amadis T. 1,BM Lyon (numelyo),DONE,2026-04-24,554557,29,1141,201,no,trained-on
10925942_0203_p203,10925942,203,Trésor des Amadis T. 1,BM Lyon (numelyo),DONE,2026-04-24,554557,29,1144,205,no,trained-on
10925942_0204_p204,10925942,204,Trésor des Amadis T. 1,BM Lyon (numelyo),DONE,2026-04-24,554557,29,1171,207,no,trained-on
10925942_0205_p205,10925942,205,Trésor des Amadis T. 1,BM Lyon (numelyo),DONE,2026-04-24,554557,29,1147,212,no,trained-on
10925942_0206_p206,10925942,206,Trésor des Amadis T. 1,BM Lyon (numelyo),DONE,2026-04-24,554557,29,1188,227,no,trained-on
10925942_0207_p207,10925942,207,Trésor des Amadis T. 1,BM Lyon (numelyo),DONE,2026-04-25,554557,29,1130,196,no,trained-on
10925942_0208_p208,10925942,208,Trésor des Amadis T. 1,BM Lyon (numelyo),DONE,2026-04-24,554557,28,1155,225,no,trained-on
10925942_0209_p209,10925942,209,Trésor des Amadis T. 1,BM Lyon (numelyo),DONE,2026-04-25,554557,30,1267,236,no,trained-on
10925942_0210_p210,10925942,210,Trésor des Amadis T. 1,BM Lyon (numelyo),DONE,2026-04-25,554557,29,1120,208,no,trained-on
10925942_0211_p211,10925942,211,Trésor des Amadis T. 1,BM Lyon (numelyo),DONE,2026-04-24,554557,27,1117,196,no,trained-on
10925942_0212_p212,10925942,212,Trésor des Amadis T. 1,BM Lyon (numelyo),DONE,2026-04-25,554557,24,862,159,no,trained-on
10925942_0213_p213,10925942,213,Trésor des Amadis T. 1,BM Lyon (numelyo),DONE,2026-04-27,554557,27,1068,189,no,trained-on
10925942_0214_p214,10925942,214,Trésor des Amadis T. 1,BM Lyon (numelyo),DONE,2026-04-25,554557,30,1174,212,no,trained-on
10925942_0215_p215,10925942,215,Trésor des Amadis T. 1,BM Lyon (numelyo),DONE,2026-04-25,554557,30,1258,222,no,trained-on
10925942_0216_p216,10925942,216,Trésor des Amadis T. 1,BM Lyon (numelyo),DONE,2026-04-25,554557,29,1222,223,no,trained-on
10925942_0217_p217,10925942,217,Trésor des Amadis T. 1,BM Lyon (numelyo),DONE,2026-04-25,554557,28,1120,198,no,trained-on
10925942_0218_p218,10925942,218,Trésor des Amadis T. 1,BM Lyon (numelyo),DONE,2026-04-27,554557,31,1279,232,no,trained-on
10925942_0219_p219,10925942,219,Trésor des Amadis T. 1,BM Lyon (numelyo),DONE,2026-04-25,554557,27,1083,192,no,trained-on
10925942_0220_p220,10925942,220,Trésor des Amadis T. 1,BM Lyon (numelyo),DONE,2026-04-27,554557,31,1288,215,no,trained-on
10925942_0221_p221,10925942,221,Trésor des Amadis T. 1,BM Lyon (numelyo),DONE,2026-04-27,554557,28,1146,205,no,trained-on
10925942_0222_p222,10925942,222,Trésor des Amadis T. 1,BM Lyon (numelyo),DONE,2026-04-27,554557,28,1157,206,no,trained-on
10925942_0223_p223,10925942,223,Trésor des Amadis T. 1,BM Lyon (numelyo),DONE,2026-04-27,554557,29,1231,232,no,trained-on
10925942_0224_p224,10925942,224,Trésor des Amadis T. 1,BM Lyon (numelyo),DONE,2026-04-27,554557,30,1217,217,no,trained-on
10925942_0225_p225,10925942,225,Trésor des Amadis T. 1,BM Lyon (numelyo),DONE,2026-04-27,554557,28,1181,206,no,trained-on
10925942_0226_p226,10925942,226,Trésor des Amadis T. 1,BM Lyon (numelyo),DONE,2026-04-27,554557,27,1105,199,no,trained-on
10925942_0227_p227,10925942,227,Trésor des Amadis T. 1,BM Lyon (numelyo),DONE,2026-04-27,554557,25,869,158,no,trained-on
10925942_0228_p228,10925942,228,Trésor des Amadis T. 1,BM Lyon (numelyo),DONE,2026-04-27,554557,28,1139,208,no,trained-on
10925942_0229_p229,10925942,229,Trésor des Amadis T. 1,BM Lyon (numelyo),DONE,2026-04-27,554557,27,1051,186,no,trained-on
10925942_0230_p230,10925942,230,Trésor des Amadis T. 1,BM Lyon (numelyo),DONE,2026-04-27,554557,28,1090,198,no,trained-on
10925942_0231_p231,10925942,231,Trésor des Amadis T. 1,BM Lyon (numelyo),DONE,2026-04-27,554557,29,1124,203,no,trained-on
10925942_0232_p232,10925942,232,Trésor des Amadis T. 1,BM Lyon (numelyo),DONE,2026-04-27,554557,29,1210,217,no,trained-on
10925942_0233_p233,10925942,233,Trésor des Amadis T. 1,BM Lyon (numelyo),DONE,2026-04-27,554557,30,1216,214,no,trained-on
10925942_0234_p234,10925942,234,Trésor des Amadis T. 1,BM Lyon (numelyo),DONE,2026-04-28,554557,30,1180,214,no,trained-on
10925942_0235_p235,10925942,235,Trésor des Amadis T. 1,BM Lyon (numelyo),DONE,2026-04-27,554557,29,1160,204,no,trained-on
10925942_0236_p236,10925942,236,Trésor des Amadis T. 1,BM Lyon (numelyo),DONE,2026-04-27,554557,29,1172,216,no,trained-on
10925942_0237_p237,10925942,237,Trésor des Amadis T. 1,BM Lyon (numelyo),DONE,2026-04-27,554557,29,1145,207,no,trained-on
10925942_0238_p238,10925942,238,Trésor des Amadis T. 1,BM Lyon (numelyo),DONE,2026-04-27,554557,31,1232,224,no,trained-on
10925942_0239_p239,10925942,239,Trésor des Amadis T. 1,BM Lyon (numelyo),DONE,2026-04-27,554557,29,1190,208,no,trained-on
10925942_0240_p240,10925942,240,Trésor des Amadis T. 1,BM Lyon (numelyo),DONE,2026-04-27,554557,29,1118,204,no,trained-on
10925942_0241_p241,10925942,241,Trésor des Amadis T. 1,BM Lyon (numelyo),DONE,2026-04-27,554557,27,1128,197,no,trained-on
10925942_0242_p242,10925942,242,Trésor des Amadis T. 1,BM Lyon (numelyo),DONE,2026-04-28,554557,29,1113,199,no,trained-on
10925942_0243_p243,10925942,243,Trésor des Amadis T. 1,BM Lyon (numelyo),DONE,2026-04-28,554557,30,1258,231,no,trained-on
10925942_0244_p244,10925942,244,Trésor des Amadis T. 1,BM Lyon (numelyo),DONE,2026-04-28,554557,20,760,137,no,trained-on
10925942_0245_p245,10925942,245,Trésor des Amadis T. 1,BM Lyon (numelyo),DONE,2026-04-28,554557,25,840,151,no,trained-on
10925942_0246_p246,10925942,246,Trésor des Amadis T. 1,BM Lyon (numelyo),DONE,2026-04-28,554557,28,1163,215,no,trained-on
10925942_0247_p247,10925942,247,Trésor des Amadis T. 1,BM Lyon (numelyo),DONE,2026-04-28,554557,31,1311,232,no,trained-on
10925942_0248_p248,10925942,248,Trésor des Amadis T. 1,BM Lyon (numelyo),DONE,2026-04-28,554557,30,1178,218,no,trained-on
10925942_0249_p249,10925942,249,Trésor des Amadis T. 1,BM Lyon (numelyo),DONE,2026-04-28,554557,25,962,171,no,trained-on
10925942_0250_p250,10925942,250,Trésor des Amadis T. 1,BM Lyon (numelyo),DONE,2026-04-28,554557,29,1165,214,no,trained-on
10925942_0251_p251,10925942,251,Trésor des Amadis T. 1,BM Lyon (numelyo),DONE,2026-04-28,554557,27,1053,188,no,trained-on
10925942_0252_p252,10925942,252,Trésor des Amadis T. 1,BM Lyon (numelyo),DONE,2026-04-28,554557,29,1169,212,no,trained-on
10925942_0253_p253,10925942,253,Trésor des Amadis T. 1,BM Lyon (numelyo),DONE,2026-04-28,554557,28,1139,203,no,trained-on
10925942_0254_p254,10925942,254,Trésor des Amadis T. 1,BM Lyon (numelyo),DONE,2026-04-28,554557,31,1307,232,no,trained-on
10925942_0255_p255,10925942,255,Trésor des Amadis T. 1,BM Lyon (numelyo),DONE,2026-04-28,554557,17,726,126,no,trained-on
10925942_0256_p256,10925942,256,Trésor des Amadis T. 1,BM Lyon (numelyo),DONE,2026-04-29,554557,24,804,150,no,trained-on
10925942_0257_p257,10925942,257,Trésor des Amadis T. 1,BM Lyon (numelyo),DONE,2026-04-29,554557,30,1293,222,no,trained-on
10925942_0258_p258,10925942,258,Trésor des Amadis T. 1,BM Lyon (numelyo),DONE,2026-04-28,554557,28,1199,215,no,trained-on
10925942_0259_p259,10925942,259,Trésor des Amadis T. 1,BM Lyon (numelyo),DONE,2026-04-28,554557,28,1159,207,no,trained-on
10925942_0260_p260,10925942,260,Trésor des Amadis T. 1,BM Lyon (numelyo),DONE,2026-04-29,554557,29,1133,210,no,trained-on
10925942_0261_p261,10925942,261,Trésor des Amadis T. 1,BM Lyon (numelyo),DONE,2026-04-28,554557,28,1169,219,no,trained-on
10925942_0262_p262,10925942,262,Trésor des Amadis T. 1,BM Lyon (numelyo),DONE,2026-04-29,554557,27,1120,195,no,trained-on
10925942_0263_p263,10925942,263,Trésor des Amadis T. 1,BM Lyon (numelyo),DONE,2026-04-28,554557,28,1137,196,no,trained-on
10925942_0264_p264,10925942,264,Trésor des Amadis T. 1,BM Lyon (numelyo),DONE,2026-04-29,554557,28,1149,210,no,trained-on
10925942_0265_p265,10925942,265,Trésor des Amadis T. 1,BM Lyon (numelyo),DONE,2026-04-28,554557,29,1232,232,no,trained-on
10925942_0266_p266,10925942,266,Trésor des Amadis T. 1,BM Lyon (numelyo),DONE,2026-04-28,554557,31,1309,237,no,trained-on
10925942_0267_p267,10925942,267,Trésor des Amadis T. 1,BM Lyon (numelyo),DONE,2026-04-28,554557,28,1139,200,no,trained-on
10925942_0268_p268,10925942,268,Trésor des Amadis T. 1,BM Lyon (numelyo),DONE,2026-09-09,554557,29,1136,203,no,trained-on
10925942_0269_p269,10925942,269,Trésor des Amadis T. 1,BM Lyon (numelyo),DONE,2026-09-09,554557,30,1269,226,no,trained-on
10925942_0270_p270,10925942,270,Trésor des Amadis T. 1,BM Lyon (numelyo),DONE,2026-04-29,554557,29,1137,201,no,trained-on
10925942_0271_p271,10925942,271,Trésor des Amadis T. 1,BM Lyon (numelyo),DONE,2026-04-29,554557,30,1273,228,no,trained-on
10925942_0272_p272,10925942,272,Trésor des Amadis T. 1,BM Lyon (numelyo),DONE,2026-09-09,554557,28,1132,212,no,trained-on
10925942_0273_p273,10925942,273,Trésor des Amadis T. 1,BM Lyon (numelyo),DONE,2026-04-29,554557,28,1090,197,no,trained-on
10925942_0274_p274,10925942,274,Trésor des Amadis T. 1,BM Lyon (numelyo),DONE,2026-04-29,554557,29,1182,209,no,trained-on
10925942_0275_p275,10925942,275,Trésor des Amadis T. 1,BM Lyon (numelyo),DONE,2026-04-29,554557,29,1122,209,no,trained-on
10925942_0276_p276,10925942,276,Trésor des Amadis T. 1,BM Lyon (numelyo),DONE,2026-04-29,554557,28,1126,203,no,trained-on
10925942_0277_p277,10925942,277,Trésor des Amadis T. 1,BM Lyon (numelyo),DONE,2026-04-29,554557,28,1117,199,no,trained-on
10925942_0278_p278,10925942,278,Trésor des Amadis T. 1,BM Lyon (numelyo),DONE,2026-04-29,554557,27,998,171,no,trained-on
10925942_0279_p279,10925942,279,Trésor des Amadis T. 1,BM Lyon (numelyo),DONE,2026-04-29,554557,28,1076,192,no,trained-on
10925942_0280_p280,10925942,280,Trésor des Amadis T. 1,BM Lyon (numelyo),DONE,2026-04-29,554557,29,1205,216,no,trained-on
10925942_0281_p281,10925942,281,Trésor des Amadis T. 1,BM Lyon (numelyo),DONE,2026-04-29,554557,30,1294,231,no,trained-on
10925942_0282_p282,10925942,282,Trésor des Amadis T. 1,BM Lyon (numelyo),DONE,2026-04-29,554557,31,1249,227,no,trained-on
10925942_0283_p283,10925942,283,Trésor des Amadis T. 1,BM Lyon (numelyo),DONE,2026-04-29,554557,30,1268,236,no,trained-on
10925942_0284_p284,10925942,284,Trésor des Amadis T. 1,BM Lyon (numelyo),DONE,2026-04-29,554557,29,1142,201,no,trained-on
10925942_0285_p285,10925942,285,Trésor des Amadis T. 1,BM Lyon (numelyo),DONE,2026-04-29,554557,30,1300,233,no,trained-on
10925942_0286_p286,10925942,286,Trésor des Amadis T. 1,BM Lyon (numelyo),DONE,2026-04-29,554557,26,1075,190,no,trained-on
10925942_0287_p287,10925942,287,Trésor des Amadis T. 1,BM Lyon (numelyo),DONE,2026-04-29,554557,30,1281,231,no,trained-on
10925942_0288_p288,10925942,288,Trésor des Amadis T. 1,BM Lyon (numelyo),DONE,2026-04-29,554557,28,1136,198,no,trained-on
10925942_0289_p289,10925942,289,Trésor des Amadis T. 1,BM Lyon (numelyo),DONE,2026-04-29,554557,28,1149,205,no,trained-on
10925942_0290_p290,10925942,290,Trésor des Amadis T. 1,BM Lyon (numelyo),DONE,2026-04-29,554557,29,1259,223,no,trained-on
10925942_0291_p291,10925942,291,Trésor des Amadis T. 1,BM Lyon (numelyo),DONE,2026-04-29,554557,29,1104,195,no,trained-on
10925942_0292_p292,10925942,292,Trésor des Amadis T. 1,BM Lyon (numelyo),DONE,2026-04-29,554557,31,1304,242,no,trained-on
10925942_0293_p293,10925942,293,Trésor des Amadis T. 1,BM Lyon (numelyo),DONE,2026-04-29,554557,29,1110,194,no,trained-on
10925942_0294_p294,10925942,294,Trésor des Amadis T. 1,BM Lyon (numelyo),DONE,2026-04-29,554557,31,1300,239,no,trained-on
10925942_0295_p295,10925942,295,Trésor des Amadis T. 1,BM Lyon (numelyo),DONE,2026-04-30,554557,28,1158,219,no,trained-on
10925942_0296_p296,10925942,296,Trésor des Amadis T. 1,BM Lyon (numelyo),DONE,2026-04-29,554557,29,1160,211,no,trained-on
10925942_0297_p297,10925942,297,Trésor des Amadis T. 1,BM Lyon (numelyo),DONE,2026-04-29,554557,28,1099,192,no,trained-on
10925942_0298_p298,10925942,298,Trésor des Amadis T. 1,BM Lyon (numelyo),DONE,2026-04-29,554557,29,1132,209,no,trained-on
10925942_0299_p299,10925942,299,Trésor des Amadis T. 1,BM Lyon (numelyo),DONE,2026-04-30,554557,28,1099,205,no,trained-on
10925942_0300_p300,10925942,300,Trésor des Amadis T. 1,BM Lyon (numelyo),DONE,2026-04-30,554557,30,1269,231,no,trained-on
10925942_0301_p301,10925942,301,Trésor des Amadis T. 1,BM Lyon (numelyo),DONE,2026-04-30,554557,28,1126,205,no,trained-on
10925942_0302_p302,10925942,302,Trésor des Amadis T. 1,BM Lyon (numelyo),DONE,2026-04-30,554557,30,1254,228,no,trained-on
10925942_0303_p303,10925942,303,Trésor des Amadis T. 1,BM Lyon (numelyo),DONE,2026-04-30,554557,27,1113,200,no,trained-on
10925942_0304_p304,10925942,304,Trésor des Amadis T. 1,BM Lyon (numelyo),DONE,2026-04-30,554557,31,1297,235,no,trained-on
10925942_0305_p305,10925942,305,Trésor des Amadis T. 1,BM Lyon (numelyo),DONE,2026-04-30,554557,30,1301,231,no,trained-on
10925942_0306_p306,10925942,306,Trésor des Amadis T. 1,BM Lyon (numelyo),DONE,2026-04-30,554557,28,1065,194,no,trained-on
10925942_0307_p307,10925942,307,Trésor des Amadis T. 1,BM Lyon (numelyo),DONE,2026-04-30,554557,27,1119,198,no,trained-on
10925942_0308_p308,10925942,308,Trésor des Amadis T. 1,BM Lyon (numelyo),DONE,2026-04-30,554557,31,1313,228,no,trained-on
10925942_0309_p309,10925942,309,Trésor des Amadis T. 1,BM Lyon (numelyo),DONE,2026-04-30,554557,28,1106,192,no,trained-on
10925942_0310_p310,10925942,310,Trésor des Amadis T. 1,BM Lyon (numelyo),DONE,2026-04-30,554557,31,1286,234,no,trained-on
10925942_0311_p311,10925942,311,Trésor des Amadis T. 1,BM Lyon (numelyo),DONE,2026-04-30,554557,31,1263,219,no,trained-on
10925942_0312_p312,10925942,312,Trésor des Amadis T. 1,BM Lyon (numelyo),DONE,2026-04-30,554557,28,1078,191,no,trained-on
10925942_0313_p313,10925942,313,Trésor des Amadis T. 1,BM Lyon (numelyo),DONE,2026-04-30,554557,27,1054,190,no,trained-on
10925942_0314_p314,10925942,314,Trésor des Amadis T. 1,BM Lyon (numelyo),DONE,2026-04-30,554557,27,1115,202,no,trained-on
10925942_0315_p315,10925942,315,Trésor des Amadis T. 1,BM Lyon (numelyo),DONE,2026-09-10,554557,28,1118,196,no,trained-on
10925942_0316_p316,10925942,316,Trésor des Amadis T. 1,BM Lyon (numelyo),DONE,2026-04-30,554557,31,1280,230,no,trained-on
10925942_0317_p317,10925942,317,Trésor des Amadis T. 1,BM Lyon (numelyo),DONE,2026-04-30,554557,29,1213,224,no,trained-on
10925942_0318_p318,10925942,318,Trésor des Amadis T. 1,BM Lyon (numelyo),DONE,2026-04-30,554557,28,1143,207,no,trained-on
10925942_0319_p319,10925942,319,Trésor des Amadis T. 1,BM Lyon (numelyo),DONE,2026-04-30,554557,30,1270,231,no,trained-on
10925942_0320_p320,10925942,320,Trésor des Amadis T. 1,BM Lyon (numelyo),DONE,2026-04-30,554557,28,1092,190,no,trained-on
10925942_0321_p321,10925942,321,Trésor des Amadis T. 1,BM Lyon (numelyo),DONE,2026-04-30,554557,28,1133,202,no,trained-on
10925942_0322_p322,10925942,322,Trésor des Amadis T. 1,BM Lyon (numelyo),DONE,2026-04-30,554557,28,1102,192,no,trained-on
10925942_0323_p323,10925942,323,Trésor des Amadis T. 1,BM Lyon (numelyo),DONE,2026-04-30,554557,30,1265,238,no,trained-on
10925942_0324_p324,10925942,324,Trésor des Amadis T. 1,BM Lyon (numelyo),DONE,2026-04-30,554557,28,1126,209,no,trained-on
10925942_0325_p325,10925942,325,Trésor des Amadis T. 1,BM Lyon (numelyo),DONE,2026-04-30,554557,31,1331,246,no,trained-on
10925942_0326_p326,10925942,326,Trésor des Amadis T. 1,BM Lyon (numelyo),DONE,2026-04-30,554557,29,1167,211,no,trained-on
10925942_0327_p327,10925942,327,Trésor des Amadis T. 1,BM Lyon (numelyo),DONE,2026-04-30,554557,29,1141,202,no,trained-on
10925942_0328_p328,10925942,328,Trésor des Amadis T. 1,BM Lyon (numelyo),DONE,2026-04-30,554557,30,1275,225,no,trained-on
10925942_0329_p329,10925942,329,Trésor des Amadis T. 1,BM Lyon (numelyo),DONE,2026-04-30,554557,29,1170,217,no,trained-on
10925942_0330_p330,10925942,330,Trésor des Amadis T. 1,BM Lyon (numelyo),DONE,2026-04-30,554557,31,1271,241,no,trained-on
10925942_0331_p331,10925942,331,Trésor des Amadis T. 1,BM Lyon (numelyo),DONE,2026-04-30,554557,27,1117,217,no,trained-on
10925942_0332_p332,10925942,332,Trésor des Amadis T. 1,BM Lyon (numelyo),DONE,2026-04-30,554557,30,1190,211,no,trained-on
10925942_0333_p333,10925942,333,Trésor des Amadis T. 1,BM Lyon (numelyo),DONE,2026-04-30,554557,30,1261,227,no,trained-on
10925942_0334_p334,10925942,334,Trésor des Amadis T. 1,BM Lyon (numelyo),DONE,2026-04-30,554557,30,1272,235,no,trained-on
10925942_0335_p335,10925942,335,Trésor des Amadis T. 1,BM Lyon (numelyo),DONE,2026-04-30,554557,27,998,163,no,trained-on
10925942_0336_p336,10925942,336,Trésor des Amadis T. 1,BM Lyon (numelyo),DONE,2026-05-02,554557,25,818,139,no,trained-on
10925942_0337_p337,10925942,337,Trésor des Amadis T. 1,BM Lyon (numelyo),DONE,2026-05-02,554557,30,1259,221,no,trained-on
10925942_0338_p338,10925942,338,Trésor des Amadis T. 1,BM Lyon (numelyo),DONE,2026-05-02,554557,29,1105,193,no,trained-on
10925942_0339_p339,10925942,339,Trésor des Amadis T. 1,BM Lyon (numelyo),DONE,2026-05-02,554557,29,1157,212,no,trained-on
10925942_0340_p340,10925942,340,Trésor des Amadis T. 1,BM Lyon (numelyo),DONE,2026-05-02,554557,30,1267,224,no,trained-on
10925942_0341_p341,10925942,341,Trésor des Amadis T. 1,BM Lyon (numelyo),DONE,2026-05-02,554557,30,1280,222,no,trained-on
10925942_0342_p342,10925942,342,Trésor des Amadis T. 1,BM Lyon (numelyo),DONE,2026-05-02,554557,28,1089,185,no,trained-on
10925942_0343_p343,10925942,343,Trésor des Amadis T. 1,BM Lyon (numelyo),DONE,2026-05-02,554557,30,1207,210,no,trained-on
10925942_0344_p344,10925942,344,Trésor des Amadis T. 1,BM Lyon (numelyo),DONE,2026-05-02,554557,29,1150,202,no,trained-on
10925942_0345_p345,10925942,345,Trésor des Amadis T. 1,BM Lyon (numelyo),DONE,2026-05-02,554557,28,1174,199,no,trained-on
10925942_0346_p346,10925942,346,Trésor des Amadis T. 1,BM Lyon (numelyo),DONE,2026-05-02,554557,29,1157,211,no,trained-on
10925942_0347_p347,10925942,347,Trésor des Amadis T. 1,BM Lyon (numelyo),DONE,2026-05-02,554557,28,1114,200,no,trained-on
10925942_0348_p348,10925942,348,Trésor des Amadis T. 1,BM Lyon (numelyo),DONE,2026-05-02,554557,28,1111,192,no,trained-on
10925942_0349_p349,10925942,349,Trésor des Amadis T. 1,BM Lyon (numelyo),DONE,2026-05-02,554557,28,1103,193,no,trained-on
10925942_0350_p350,10925942,350,Trésor des Amadis T. 1,BM Lyon (numelyo),DONE,2026-05-02,554557,31,1294,238,no,trained-on
10925942_0351_p351,10925942,351,Trésor des Amadis T. 1,BM Lyon (numelyo),DONE,2026-05-02,554557,27,1031,179,no,trained-on
10925942_0352_p352,10925942,352,Trésor des Amadis T. 1,BM Lyon (numelyo),DONE,2026-05-02,554557,31,1267,227,no,trained-on
10925942_0353_p353,10925942,353,Trésor des Amadis T. 1,BM Lyon (numelyo),DONE,2026-05-02,554557,27,1088,185,no,trained-on
10925942_0354_p354,10925942,354,Trésor des Amadis T. 1,BM Lyon (numelyo),DONE,2026-05-03,554557,31,1290,227,no,trained-on
10925942_0355_p355,10925942,355,Trésor des Amadis T. 1,BM Lyon (numelyo),DONE,2026-05-03,554557,29,1138,193,no,trained-on
10925942_0356_p356,10925942,356,Trésor des Amadis T. 1,BM Lyon (numelyo),DONE,2026-05-03,554557,31,1300,246,no,trained-on
10925942_0357_p357,10925942,357,Trésor des Amadis T. 1,BM Lyon (numelyo),DONE,2026-05-03,554557,27,1115,201,no,trained-on
10925942_0358_p358,10925942,358,Trésor des Amadis T. 1,BM Lyon (numelyo),DONE,2026-05-03,554557,31,1275,229,no,trained-on
10925942_0359_p359,10925942,359,Trésor des Amadis T. 1,BM Lyon (numelyo),DONE,2026-05-03,554557,30,1274,226,no,trained-on
10925942_0360_p360,10925942,360,Trésor des Amadis T. 1,BM Lyon (numelyo),DONE,2026-05-03,554557,27,958,172,no,trained-on
10925942_0361_p361,10925942,361,Trésor des Amadis T. 1,BM Lyon (numelyo),DONE,2026-05-03,554557,30,1252,217,no,trained-on
10925942_0362_p362,10925942,362,Trésor des Amadis T. 1,BM Lyon (numelyo),DONE,2026-05-03,554557,30,1190,201,no,trained-on
10925942_0363_p363,10925942,363,Trésor des Amadis T. 1,BM Lyon (numelyo),DONE,2026-05-03,554557,30,1190,216,no,trained-on
10925942_0364_p364,10925942,364,Trésor des Amadis T. 1,BM Lyon (numelyo),DONE,2026-05-03,554557,29,1107,190,no,trained-on
10925942_0365_p365,10925942,365,Trésor des Amadis T. 1,BM Lyon (numelyo),DONE,2026-05-03,554557,28,1078,183,no,trained-on
10925942_0366_p366,10925942,366,Trésor des Amadis T. 1,BM Lyon (numelyo),DONE,2026-05-03,554557,31,1256,225,no,trained-on
10925942_0367_p367,10925942,367,Trésor des Amadis T. 1,BM Lyon (numelyo),DONE,2026-05-03,554557,28,1082,192,no,trained-on
10925942_0368_p368,10925942,368,Trésor des Amadis T. 1,BM Lyon (numelyo),DONE,2026-05-03,554557,29,1101,191,no,trained-on
10925942_0369_p369,10925942,369,Trésor des Amadis T. 1,BM Lyon (numelyo),DONE,2026-05-03,554557,30,1269,217,no,trained-on
10925942_0370_p370,10925942,370,Trésor des Amadis T. 1,BM Lyon (numelyo),DONE,2026-05-03,554557,29,1061,181,no,trained-on
10925942_0371_p371,10925942,371,Trésor des Amadis T. 1,BM Lyon (numelyo),DONE,2026-05-03,554557,31,1290,236,no,trained-on
10925942_0372_p372,10925942,372,Trésor des Amadis T. 1,BM Lyon (numelyo),DONE,2026-05-03,554557,28,1057,183,no,trained-on
10925942_0373_p373,10925942,373,Trésor des Amadis T. 1,BM Lyon (numelyo),DONE,2026-05-03,554557,27,1067,178,no,trained-on
10925942_0374_p374,10925942,374,Trésor des Amadis T. 1,BM Lyon (numelyo),DONE,2026-05-03,554557,31,1302,235,no,trained-on
10925942_0375_p375,10925942,375,Trésor des Amadis T. 1,BM Lyon (numelyo),DONE,2026-05-03,554557,24,858,150,no,trained-on
10925942_0376_p376,10925942,376,Trésor des Amadis T. 1,BM Lyon (numelyo),DONE,2026-05-05,554557,31,1252,231,no,trained-on
10925942_0377_p377,10925942,377,Trésor des Amadis T. 1,BM Lyon (numelyo),DONE,2026-05-05,554557,29,1167,202,no,trained-on
10925942_0378_p378,10925942,378,Trésor des Amadis T. 1,BM Lyon (numelyo),DONE,2026-05-05,554557,31,1289,225,no,trained-on
10925942_0379_p379,10925942,379,Trésor des Amadis T. 1,BM Lyon (numelyo),DONE,2026-05-05,554557,30,1252,223,no,trained-on
10925942_0380_p380,10925942,380,Trésor des Amadis T. 1,BM Lyon (numelyo),DONE,2026-05-05,554557,27,1097,198,no,trained-on
10925942_0381_p381,10925942,381,Trésor des Amadis T. 1,BM Lyon (numelyo),DONE,2026-05-05,554557,30,1289,222,no,trained-on
10925942_0382_p382,10925942,382,Trésor des Amadis T. 1,BM Lyon (numelyo),DONE,2026-05-05,554557,30,1312,231,no,trained-on
10925942_0383_p383,10925942,383,Trésor des Amadis T. 1,BM Lyon (numelyo),DONE,2026-05-05,554557,28,1140,196,no,trained-on
10925942_0384_p384,10925942,384,Trésor des Amadis T. 1,BM Lyon (numelyo),DONE,2026-05-05,554557,31,1295,233,no,trained-on
10925942_0385_p385,10925942,385,Trésor des Amadis T. 1,BM Lyon (numelyo),DONE,2026-05-05,554557,28,1166,211,no,trained-on
10925942_0386_p386,10925942,386,Trésor des Amadis T. 1,BM Lyon (numelyo),DONE,2026-05-05,554557,29,1206,210,no,trained-on
10925942_0387_p387,10925942,387,Trésor des Amadis T. 1,BM Lyon (numelyo),DONE,2026-05-05,554557,31,1307,238,no,trained-on
10925942_0388_p388,10925942,388,Trésor des Amadis T. 1,BM Lyon (numelyo),DONE,2026-05-05,554557,27,1087,189,no,trained-on
10925942_0389_p389,10925942,389,Trésor des Amadis T. 1,BM Lyon (numelyo),DONE,2026-05-05,554557,26,912,167,no,trained-on
10925942_0390_p390,10925942,390,Trésor des Amadis T. 1,BM Lyon (numelyo),DONE,2026-05-05,554557,28,1123,198,no,trained-on
10925942_0391_p391,10925942,391,Trésor des Amadis T. 1,BM Lyon (numelyo),DONE,2026-05-05,554557,29,1136,198,no,trained-on
10925942_0392_p392,10925942,392,Trésor des Amadis T. 1,BM Lyon (numelyo),DONE,2026-05-05,554557,31,1246,223,no,trained-on
10925942_0393_p393,10925942,393,Trésor des Amadis T. 1,BM Lyon (numelyo),DONE,2026-05-05,554557,28,1115,189,no,trained-on
10925942_0394_p394,10925942,394,Trésor des Amadis T. 1,BM Lyon (numelyo),DONE,2026-05-05,554557,31,1217,210,no,trained-on
10925942_0395_p395,10925942,395,Trésor des Amadis T. 1,BM Lyon (numelyo),DONE,2026-05-05,554557,28,1132,186,no,trained-on
10925942_0396_p396,10925942,396,Trésor des Amadis T. 1,BM Lyon (numelyo),DONE,2026-05-05,554557,28,1094,199,no,trained-on
10925942_0397_p397,10925942,397,Trésor des Amadis T. 1,BM Lyon (numelyo),DONE,2026-05-05,554557,28,1127,201,no,trained-on
10925942_0398_p398,10925942,398,Trésor des Amadis T. 1,BM Lyon (numelyo),DONE,2026-05-05,554557,29,1147,193,no,trained-on
10925942_0399_p399,10925942,399,Trésor des Amadis T. 1,BM Lyon (numelyo),DONE,2026-05-05,554557,29,1138,212,no,trained-on
10925942_0400_p400,10925942,400,Trésor des Amadis T. 1,BM Lyon (numelyo),DONE,2026-05-05,554557,31,1278,216,no,trained-on
10925942_0401_p401,10925942,401,Trésor des Amadis T. 1,BM Lyon (numelyo),DONE,2026-05-05,554557,28,1108,202,no,trained-on
10925942_0402_p402,10925942,402,Trésor des Amadis T. 1,BM Lyon (numelyo),DONE,2026-05-05,554557,28,1020,186,no,trained-on
10925942_0403_p403,10925942,403,Trésor des Amadis T. 1,BM Lyon (numelyo),DONE,2026-05-06,554557,28,1093,193,no,trained-on
10925942_0404_p404,10925942,404,Trésor des Amadis T. 1,BM Lyon (numelyo),DONE,2026-05-05,554557,31,1282,231,no,trained-on
10925942_0405_p405,10925942,405,Trésor des Amadis T. 1,BM Lyon (numelyo),DONE,2026-05-05,554557,28,1108,197,no,trained-on
10925942_0406_p406,10925942,406,Trésor des Amadis T. 1,BM Lyon (numelyo),DONE,2026-05-05,554557,26,1013,172,no,trained-on
10925942_0407_p407,10925942,407,Trésor des Amadis T. 1,BM Lyon (numelyo),DONE,2026-05-05,554557,31,1256,223,no,trained-on
10925942_0408_p408,10925942,408,Trésor des Amadis T. 1,BM Lyon (numelyo),DONE,2026-05-05,554557,28,1081,193,no,trained-on
10925942_0409_p409,10925942,409,Trésor des Amadis T. 1,BM Lyon (numelyo),DONE,2026-05-05,554557,30,1265,222,no,trained-on
10925942_0410_p410,10925942,410,Trésor des Amadis T. 1,BM Lyon (numelyo),DONE,2026-05-05,554557,28,1096,201,no,trained-on
10925942_0411_p411,10925942,411,Trésor des Amadis T. 1,BM Lyon (numelyo),DONE,2026-05-05,554557,30,1288,230,no,trained-on
10925942_0412_p412,10925942,412,Trésor des Amadis T. 1,BM Lyon (numelyo),DONE,2026-05-06,554557,28,1073,199,no,trained-on
10925942_0413_p413,10925942,413,Trésor des Amadis T. 1,BM Lyon (numelyo),DONE,2026-05-06,554557,28,1166,209,no,trained-on
10925942_0414_p414,10925942,414,Trésor des Amadis T. 1,BM Lyon (numelyo),DONE,2026-05-06,554557,26,1070,202,no,trained-on
10925942_0415_p415,10925942,415,Trésor des Amadis T. 1,BM Lyon (numelyo),DONE,2026-05-06,554557,27,1053,179,no,trained-on
10925942_0416_p416,10925942,416,Trésor des Amadis T. 1,BM Lyon (numelyo),DONE,2026-05-06,554557,29,1155,213,no,trained-on
10925942_0417_p417,10925942,417,Trésor des Amadis T. 1,BM Lyon (numelyo),DONE,2026-05-06,554557,27,1080,195,no,trained-on
10925942_0418_p418,10925942,418,Trésor des Amadis T. 1,BM Lyon (numelyo),DONE,2026-05-06,554557,28,1109,199,no,trained-on
10925942_0419_p419,10925942,419,Trésor des Amadis T. 1,BM Lyon (numelyo),DONE,2026-05-06,554557,30,1292,238,no,trained-on
10925942_0420_p420,10925942,420,Trésor des Amadis T. 1,BM Lyon (numelyo),DONE,2026-05-06,554557,30,1294,231,no,trained-on
10925942_0421_p421,10925942,421,Trésor des Amadis T. 1,BM Lyon (numelyo),DONE,2026-05-06,554557,29,1148,191,no,trained-on
10925942_0422_p422,10925942,422,Trésor des Amadis T. 1,BM Lyon (numelyo),DONE,2026-05-06,554557,28,1131,203,no,trained-on
10925942_0423_p423,10925942,423,Trésor des Amadis T. 1,BM Lyon (numelyo),DONE,2026-05-06,554557,29,1130,203,no,trained-on
10925942_0424_p424,10925942,424,Trésor des Amadis T. 1,BM Lyon (numelyo),DONE,2026-05-06,554557,31,1282,239,no,trained-on
10925942_0425_p425,10925942,425,Trésor des Amadis T. 1,BM Lyon (numelyo),DONE,2026-05-06,554557,30,1294,232,no,trained-on
10925942_0426_p426,10925942,426,Trésor des Amadis T. 1,BM Lyon (numelyo),DONE,2026-05-06,554557,31,1303,255,no,trained-on
10925942_0427_p427,10925942,427,Trésor des Amadis T. 1,BM Lyon (numelyo),DONE,2026-05-06,554557,29,1247,233,no,trained-on
10925942_0428_p428,10925942,428,Trésor des Amadis T. 1,BM Lyon (numelyo),DONE,2026-05-06,554557,28,1105,204,no,trained-on
10925942_0429_p429,10925942,429,Trésor des Amadis T. 1,BM Lyon (numelyo),DONE,2026-05-06,554557,28,1109,198,no,trained-on
10925942_0430_p430,10925942,430,Trésor des Amadis T. 1,BM Lyon (numelyo),DONE,2026-05-06,554557,31,1287,232,no,trained-on
10925942_0431_p431,10925942,431,Trésor des Amadis T. 1,BM Lyon (numelyo),DONE,2026-05-06,554557,28,1123,207,no,trained-on
10925942_0432_p432,10925942,432,Trésor des Amadis T. 1,BM Lyon (numelyo),DONE,2026-05-06,554557,23,775,141,no,trained-on
10925942_0433_p433,10925942,433,Trésor des Amadis T. 1,BM Lyon (numelyo),DONE,2026-05-06,554557,30,1133,210,no,trained-on
10925942_0434_p434,10925942,434,Trésor des Amadis T. 1,BM Lyon (numelyo),DONE,2026-05-06,554557,29,1131,221,no,trained-on
10925942_0435_p435,10925942,435,Trésor des Amadis T. 1,BM Lyon (numelyo),DONE,2026-05-06,554557,27,1076,197,no,trained-on
10925942_0436_p436,10925942,436,Trésor des Amadis T. 1,BM Lyon (numelyo),DONE,2026-05-06,554557,28,1120,198,no,trained-on
10925942_0437_p437,10925942,437,Trésor des Amadis T. 1,BM Lyon (numelyo),DONE,2026-05-06,554557,28,1111,201,no,trained-on
10925942_0438_p438,10925942,438,Trésor des Amadis T. 1,BM Lyon (numelyo),DONE,2026-05-06,554557,30,1250,221,no,trained-on
10925942_0439_p439,10925942,439,Trésor des Amadis T. 1,BM Lyon (numelyo),DONE,2026-05-06,554557,31,1296,236,no,trained-on
10925942_0440_p440,10925942,440,Trésor des Amadis T. 1,BM Lyon (numelyo),DONE,2026-05-06,554557,31,1305,259,no,trained-on
10925942_0441_p441,10925942,441,Trésor des Amadis T. 1,BM Lyon (numelyo),DONE,2026-05-06,554557,23,834,155,no,trained-on
10925942_0442_p442,10925942,442,Trésor des Amadis T. 1,BM Lyon (numelyo),DONE,2026-05-07,554557,28,1098,197,no,trained-on
10925942_0443_p443,10925942,443,Trésor des Amadis T. 1,BM Lyon (numelyo),DONE,2026-05-07,554557,28,1096,193,no,trained-on
10925942_0444_p444,10925942,444,Trésor des Amadis T. 1,BM Lyon (numelyo),DONE,2026-05-07,554557,31,1260,229,no,trained-on
10925942_0445_p445,10925942,445,Trésor des Amadis T. 1,BM Lyon (numelyo),DONE,2026-05-09,554557,30,1281,232,no,trained-on
10925942_0446_p446,10925942,446,Trésor des Amadis T. 1,BM Lyon (numelyo),DONE,2026-05-07,554557,29,1108,203,no,trained-on
10925942_0447_p447,10925942,447,Trésor des Amadis T. 1,BM Lyon (numelyo),DONE,2026-05-07,554557,29,1174,227,no,trained-on
10925942_0448_p448,10925942,448,Trésor des Amadis T. 1,BM Lyon (numelyo),DONE,2026-05-07,554557,31,1268,233,no,trained-on
10925942_0449_p449,10925942,449,Trésor des Amadis T. 1,BM Lyon (numelyo),DONE,2026-05-07,554557,28,1122,221,no,trained-on
10925942_0450_p450,10925942,450,Trésor des Amadis T. 1,BM Lyon (numelyo),DONE,2026-05-09,554557,28,1090,194,no,trained-on
10925942_0451_p451,10925942,451,Trésor des Amadis T. 1,BM Lyon (numelyo),DONE,2026-05-07,554557,31,1290,232,no,trained-on
10925942_0452_p452,10925942,452,Trésor des Amadis T. 1,BM Lyon (numelyo),DONE,2026-05-07,554557,28,1105,210,no,trained-on
10925942_0453_p453,10925942,453,Trésor des Amadis T. 1,BM Lyon (numelyo),DONE,2026-05-07,554557,31,1288,226,no,trained-on
10925942_0454_p454,10925942,454,Trésor des Amadis T. 1,BM Lyon (numelyo),DONE,2026-05-07,554557,28,1096,188,no,trained-on
10925942_0455_p455,10925942,455,Trésor des Amadis T. 1,BM Lyon (numelyo),DONE,2026-05-07,554557,31,1241,222,no,trained-on
10925942_0456_p456,10925942,456,Trésor des Amadis T. 1,BM Lyon (numelyo),DONE,2026-05-07,554557,29,1097,213,no,trained-on
10925942_0457_p457,10925942,457,Trésor des Amadis T. 1,BM Lyon (numelyo),DONE,2026-05-07,554557,28,1121,217,no,trained-on
10925942_0458_p458,10925942,458,Trésor des Amadis T. 1,BM Lyon (numelyo),DONE,2026-05-07,554557,30,1171,225,no,trained-on
10925942_0459_p459,10925942,459,Trésor des Amadis T. 1,BM Lyon (numelyo),DONE,2026-05-07,554557,30,1307,236,no,trained-on
10925942_0460_p460,10925942,460,Trésor des Amadis T. 1,BM Lyon (numelyo),DONE,2026-05-07,554557,28,1091,197,no,trained-on
10925942_0461_p461,10925942,461,Trésor des Amadis T. 1,BM Lyon (numelyo),DONE,2026-05-07,554557,29,1165,218,no,trained-on
10925942_0462_p462,10925942,462,Trésor des Amadis T. 1,BM Lyon (numelyo),DONE,2026-05-07,554557,30,1250,243,no,trained-on
10925942_0463_p463,10925942,463,Trésor des Amadis T. 1,BM Lyon (numelyo),DONE,2026-05-07,554557,27,1094,210,no,trained-on
10925942_0464_p464,10925942,464,Trésor des Amadis T. 1,BM Lyon (numelyo),DONE,2026-05-07,554557,30,1261,226,no,trained-on
10925942_0465_p465,10925942,465,Trésor des Amadis T. 1,BM Lyon (numelyo),DONE,2026-05-07,554557,30,1261,221,no,trained-on
10925942_0466_p466,10925942,466,Trésor des Amadis T. 1,BM Lyon (numelyo),DONE,2026-05-07,554557,30,1278,238,no,trained-on
10925942_0467_p467,10925942,467,Trésor des Amadis T. 1,BM Lyon (numelyo),DONE,2026-05-15,554557,28,1143,205,no,trained-on
10925942_0468_p468,10925942,468,Trésor des Amadis T. 1,BM Lyon (numelyo),DONE,2026-05-07,554557,27,1086,203,no,trained-on
10925942_0469_p469,10925942,469,Trésor des Amadis T. 1,BM Lyon (numelyo),DONE,2026-05-07,554557,30,1297,246,no,trained-on
10925942_0470_p470,10925942,470,Trésor des Amadis T. 1,BM Lyon (numelyo),DONE,2026-05-07,554557,27,1072,198,no,trained-on
10925942_0471_p471,10925942,471,Trésor des Amadis T. 1,BM Lyon (numelyo),DONE,2026-05-07,554557,30,1309,239,no,trained-on
10925942_0472_p472,10925942,472,Trésor des Amadis T. 1,BM Lyon (numelyo),DONE,2026-05-07,554557,29,1164,204,no,trained-on
10925942_0473_p473,10925942,473,Trésor des Amadis T. 1,BM Lyon (numelyo),DONE,2026-05-15,554557,30,1279,239,no,trained-on
10925942_0474_p474,10925942,474,Trésor des Amadis T. 1,BM Lyon (numelyo),DONE,2026-05-07,554557,31,1307,239,no,trained-on
10925942_0475_p475,10925942,475,Trésor des Amadis T. 1,BM Lyon (numelyo),DONE,2026-05-07,554557,27,1076,191,no,trained-on
10925942_0476_p476,10925942,476,Trésor des Amadis T. 1,BM Lyon (numelyo),DONE,2026-05-07,554557,30,1279,232,no,trained-on
10925942_0477_p477,10925942,477,Trésor des Amadis T. 1,BM Lyon (numelyo),DONE,2026-05-07,554557,30,1294,239,no,trained-on
10925942_0478_p478,10925942,478,Trésor des Amadis T. 1,BM Lyon (numelyo),DONE,2026-05-07,554557,31,1297,224,no,trained-on
10925942_0479_p479,10925942,479,Trésor des Amadis T. 1,BM Lyon (numelyo),DONE,2026-05-07,554557,27,1102,205,no,trained-on
10925942_0480_p480,10925942,480,Trésor des Amadis T. 1,BM Lyon (numelyo),DONE,2026-05-07,554557,31,1311,232,no,trained-on
10925942_0481_p481,10925942,481,Trésor des Amadis T. 1,BM Lyon (numelyo),DONE,2026-05-07,554557,30,1296,231,no,trained-on
10925942_0482_p482,10925942,482,Trésor des Amadis T. 1,BM Lyon (numelyo),DONE,2026-05-07,554557,27,1023,181,no,trained-on
10925942_0483_p483,10925942,483,Trésor des Amadis T. 1,BM Lyon (numelyo),DONE,2026-05-07,554557,30,1227,215,no,trained-on
10925942_0484_p484,10925942,484,Trésor des Amadis T. 1,BM Lyon (numelyo),DONE,2026-05-07,554557,29,1142,209,no,trained-on
10925942_0485_p485,10925942,485,Trésor des Amadis T. 1,BM Lyon (numelyo),DONE,2026-05-16,554557,24,877,154,no,trained-on
10925942_0486_p486,10925942,486,Trésor des Amadis T. 1,BM Lyon (numelyo),DONE,2026-05-09,554557,29,1137,210,no,trained-on
10925942_0487_p487,10925942,487,Trésor des Amadis T. 1,BM Lyon (numelyo),DONE,2026-05-09,554557,28,1049,183,no,trained-on
10925942_0488_p488,10925942,488,Trésor des Amadis T. 1,BM Lyon (numelyo),DONE,2026-05-16,554557,28,1045,176,no,trained-on
10925942_0489_p489,10925942,489,Trésor des Amadis T. 1,BM Lyon (numelyo),DONE,2026-05-09,554557,30,1200,208,no,trained-on
10925942_0490_p490,10925942,490,Trésor des Amadis T. 1,BM Lyon (numelyo),DONE,2026-05-09,554557,29,1133,215,no,trained-on
10925942_0491_p491,10925942,491,Trésor des Amadis T. 1,BM Lyon (numelyo),DONE,2026-05-16,554557,30,1150,202,no,trained-on
10925942_0492_p492,10925942,492,Trésor des Amadis T. 1,BM Lyon (numelyo),DONE,2026-05-16,554557,30,1116,205,no,trained-on
10925942_0493_p493,10925942,493,Trésor des Amadis T. 1,BM Lyon (numelyo),DONE,2026-05-16,554557,28,1056,183,no,trained-on
10925942_0494_p494,10925942,494,Trésor des Amadis T. 1,BM Lyon (numelyo),DONE,2026-05-16,554557,28,1047,187,no,trained-on
10925942_0495_p495,10925942,495,Trésor des Amadis T. 1,BM Lyon (numelyo),DONE,2026-05-16,554557,29,1142,208,no,trained-on
10925942_0496_p496,10925942,496,Trésor des Amadis T. 1,BM Lyon (numelyo),DONE,2026-05-18,554557,30,1168,221,no,trained-on
10925942_0497_p497,10925942,497,Trésor des Amadis T. 1,BM Lyon (numelyo),DONE,2026-05-21,554557,29,1163,202,no,trained-on
10925942_0498_p498,10925942,498,Trésor des Amadis T. 1,BM Lyon (numelyo),DONE,2026-05-21,554557,29,1163,202,no,trained-on
10925942_0499_p499,10925942,499,Trésor des Amadis T. 1,BM Lyon (numelyo),DONE,2026-05-18,554557,27,1104,198,no,trained-on
10925942_0500_p500,10925942,500,Trésor des Amadis T. 1,BM Lyon (numelyo),DONE,2026-05-18,554557,29,1099,201,no,trained-on
10925942_0501_p501,10925942,501,Trésor des Amadis T. 1,BM Lyon (numelyo),DONE,2026-05-18,554557,30,1172,207,no,trained-on
10925942_0502_p502,10925942,502,Trésor des Amadis T. 1,BM Lyon (numelyo),DONE,2026-05-18,554557,31,1262,227,no,trained-on
10925942_0503_p503,10925942,503,Trésor des Amadis T. 1,BM Lyon (numelyo),DONE,2026-05-18,554557,29,1110,208,no,trained-on
10925942_0504_p504,10925942,504,Trésor des Amadis T. 1,BM Lyon (numelyo),DONE,2026-05-18,554557,28,1134,214,no,trained-on
10925942_0505_p505,10925942,505,Trésor des Amadis T. 1,BM Lyon (numelyo),DONE,2026-05-18,554557,29,1153,200,no,trained-on
10925942_0506_p506,10925942,506,Trésor des Amadis T. 1,BM Lyon (numelyo),DONE,2026-05-18,554557,27,1032,190,no,trained-on
10925942_0507_p507,10925942,507,Trésor des Amadis T. 1,BM Lyon (numelyo),DONE,2026-05-18,554557,27,946,164,no,trained-on
10925942_0508_p508,10925942,508,Trésor des Amadis T. 1,BM Lyon (numelyo),DONE,2026-05-18,554557,29,1119,203,no,trained-on
10925942_0509_p509,10925942,509,Trésor des Amadis T. 1,BM Lyon (numelyo),DONE,2026-05-18,554557,28,1163,204,no,trained-on
10925942_0510_p510,10925942,510,Trésor des Amadis T. 1,BM Lyon (numelyo),DONE,2026-05-21,554557,28,1136,203,no,trained-on
10925942_0511_p511,10925942,511,Trésor des Amadis T. 1,BM Lyon (numelyo),DONE,2026-05-19,554557,28,1130,203,no,trained-on
10925942_0512_p512,10925942,512,Trésor des Amadis T. 1,BM Lyon (numelyo),DONE,2026-05-21,554557,29,1176,201,no,trained-on
10925942_0513_p513,10925942,513,Trésor des Amadis T. 1,BM Lyon (numelyo),DONE,2026-05-19,554557,26,1028,185,no,trained-on
10925942_0514_p514,10925942,514,Trésor des Amadis T. 1,BM Lyon (numelyo),DONE,2026-05-19,554557,28,1146,207,no,trained-on
10925942_0515_p515,10925942,515,Trésor des Amadis T. 1,BM Lyon (numelyo),DONE,2026-05-19,554557,28,1089,201,no,trained-on
10925942_0516_p516,10925942,516,Trésor des Amadis T. 1,BM Lyon (numelyo),DONE,2026-05-19,554557,28,1138,210,no,trained-on
10925942_0517_p517,10925942,517,Trésor des Amadis T. 1,BM Lyon (numelyo),DONE,2026-05-19,554557,28,1142,208,no,trained-on
10925942_0518_p518,10925942,518,Trésor des Amadis T. 1,BM Lyon (numelyo),DONE,2026-05-19,554557,29,1122,194,no,trained-on
10925942_0519_p519,10925942,519,Trésor des Amadis T. 1,BM Lyon (numelyo),DONE,2026-05-19,554557,30,1180,208,no,trained-on
10925942_0520_p520,10925942,520,Trésor des Amadis T. 1,BM Lyon (numelyo),DONE,2026-05-19,554557,31,1290,239,no,trained-on
10925942_0521_p521,10925942,521,Trésor des Amadis T. 1,BM Lyon (numelyo),DONE,2026-05-19,554557,30,1168,209,no,trained-on
10925942_0522_p522,10925942,522,Trésor des Amadis T. 1,BM Lyon (numelyo),DONE,2026-05-19,554557,29,1062,182,no,trained-on
10925942_0523_p523,10925942,523,Trésor des Amadis T. 1,BM Lyon (numelyo),DONE,2026-05-21,554557,28,1151,198,no,trained-on
10925942_0524_p524,10925942,524,Trésor des Amadis T. 1,BM Lyon (numelyo),DONE,2026-05-21,554557,27,1085,200,no,trained-on
10925942_0525_p525,10925942,525,Trésor des Amadis T. 1,BM Lyon (numelyo),DONE,2026-05-21,554557,28,1082,191,no,trained-on
10925942_0526_p526,10925942,526,Trésor des Amadis T. 1,BM Lyon (numelyo),DONE,2026-05-21,554557,27,1070,194,no,trained-on
10925942_0527_p527,10925942,527,Trésor des Amadis T. 1,BM Lyon (numelyo),DONE,2026-06-04,554557,30,1283,238,no,trained-on
10925942_0528_p528,10925942,528,Trésor des Amadis T. 1,BM Lyon (numelyo),DONE,2026-05-23,554557,27,1012,185,no,trained-on
10925942_0529_p529,10925942,529,Trésor des Amadis T. 1,BM Lyon (numelyo),DONE,2026-06-04,554557,30,1251,218,no,trained-on
10925942_0530_p530,10925942,530,Trésor des Amadis T. 1,BM Lyon (numelyo),DONE,2026-06-02,554557,29,1101,193,no,trained-on
10925942_0531_p531,10925942,531,Trésor des Amadis T. 1,BM Lyon (numelyo),DONE,2026-06-04,554557,31,1289,225,no,trained-on
10925942_0532_p532,10925942,532,Trésor des Amadis T. 1,BM Lyon (numelyo),DONE,2026-06-02,554557,30,1297,234,no,trained-on
10925942_0533_p533,10925942,533,Trésor des Amadis T. 1,BM Lyon (numelyo),DONE,2026-06-02,554557,28,1089,192,no,trained-on
10925942_0534_p534,10925942,534,Trésor des Amadis T. 1,BM Lyon (numelyo),DONE,2026-06-02,554557,30,1264,235,no,trained-on
10925942_0535_p535,10925942,535,Trésor des Amadis T. 1,BM Lyon (numelyo),DONE,2026-06-02,554557,28,1094,195,no,trained-on
10925942_0536_p536,10925942,536,Trésor des Amadis T. 1,BM Lyon (numelyo),DONE,2026-06-02,554557,28,1096,202,no,trained-on
10925942_0537_p537,10925942,537,Trésor des Amadis T. 1,BM Lyon (numelyo),DONE,2026-06-04,554557,30,1293,238,no,trained-on
10925942_0538_p538,10925942,538,Trésor des Amadis T. 1,BM Lyon (numelyo),DONE,2026-06-04,554557,31,1291,227,no,trained-on
10925942_0539_p539,10925942,539,Trésor des Amadis T. 1,BM Lyon (numelyo),DONE,2026-06-04,554557,30,1348,256,no,trained-on
10925942_0540_p540,10925942,540,Trésor des Amadis T. 1,BM Lyon (numelyo),DONE,2026-06-02,554557,29,1228,226,no,trained-on
10925942_0541_p541,10925942,541,Trésor des Amadis T. 1,BM Lyon (numelyo),DONE,2026-06-02,554557,29,1048,180,no,trained-on
10925942_0542_p542,10925942,542,Trésor des Amadis T. 1,BM Lyon (numelyo),DONE,2026-06-02,554557,23,708,125,no,trained-on
10925942_0543_p543,10925942,543,Trésor des Amadis T. 1,BM Lyon (numelyo),DONE,2026-06-02,554557,30,1220,225,no,trained-on
10925942_0544_p544,10925942,544,Trésor des Amadis T. 1,BM Lyon (numelyo),DONE,2026-06-02,554557,28,1097,199,no,trained-on
10925942_0545_p545,10925942,545,Trésor des Amadis T. 1,BM Lyon (numelyo),DONE,2026-06-02,554557,30,1268,213,no,trained-on
10925942_0546_p546,10925942,546,Trésor des Amadis T. 1,BM Lyon (numelyo),DONE,2026-06-02,554557,29,1120,211,no,trained-on
10925942_0547_p547,10925942,547,Trésor des Amadis T. 1,BM Lyon (numelyo),DONE,2026-06-02,554557,27,1067,194,no,trained-on
10925942_0548_p548,10925942,548,Trésor des Amadis T. 1,BM Lyon (numelyo),DONE,2026-06-02,554557,29,1134,204,no,trained-on
10925942_0549_p549,10925942,549,Trésor des Amadis T. 1,BM Lyon (numelyo),DONE,2026-06-02,554557,27,1072,197,no,trained-on
10925942_0550_p550,10925942,550,Trésor des Amadis T. 1,BM Lyon (numelyo),DONE,2026-06-02,554557,29,1085,204,no,trained-on
10925942_0551_p551,10925942,551,Trésor des Amadis T. 1,BM Lyon (numelyo),DONE,2026-06-02,554557,28,1118,207,no,trained-on
10925942_0552_p552,10925942,552,Trésor des Amadis T. 1,BM Lyon (numelyo),DONE,2026-06-02,554557,29,1141,197,no,trained-on
10925942_0553_p553,10925942,553,Trésor des Amadis T. 1,BM Lyon (numelyo),DONE,2026-06-04,554557,28,1107,201,no,trained-on
10925942_0554_p554,10925942,554,Trésor des Amadis T. 1,BM Lyon (numelyo),DONE,2026-06-02,554557,31,1312,233,no,trained-on
10925942_0555_p555,10925942,555,Trésor des Amadis T. 1,BM Lyon (numelyo),DONE,2026-06-04,554557,28,1103,198,no,trained-on
10925942_0556_p556,10925942,556,Trésor des Amadis T. 1,BM Lyon (numelyo),DONE,2026-06-02,554557,27,1067,187,no,trained-on
10925942_0557_p557,10925942,557,Trésor des Amadis T. 1,BM Lyon (numelyo),DONE,2026-06-02,554557,27,996,164,no,trained-on
10925942_0558_p558,10925942,558,Trésor des Amadis T. 1,BM Lyon (numelyo),DONE,2026-06-04,554557,28,1110,193,no,trained-on
10925942_0559_p559,10925942,559,Trésor des Amadis T. 1,BM Lyon (numelyo),DONE,2026-06-04,554557,28,1152,210,no,trained-on
10925942_0560_p560,10925942,560,Trésor des Amadis T. 1,BM Lyon (numelyo),DONE,2026-06-03,554557,28,1096,198,no,trained-on
10925942_0561_p561,10925942,561,Trésor des Amadis T. 1,BM Lyon (numelyo),DONE,2026-06-03,554557,27,1156,197,no,trained-on
10925942_0562_p562,10925942,562,Trésor des Amadis T. 1,BM Lyon (numelyo),DONE,2026-06-03,554557,28,1118,200,no,trained-on
10925942_0563_p563,10925942,563,Trésor des Amadis T. 1,BM Lyon (numelyo),DONE,2026-06-03,554557,28,1169,206,no,trained-on
10925942_0564_p564,10925942,564,Trésor des Amadis T. 1,BM Lyon (numelyo),DONE,2026-06-03,554557,29,1165,209,no,trained-on
10925942_0565_p565,10925942,565,Trésor des Amadis T. 1,BM Lyon (numelyo),DONE,2026-06-03,554557,30,1294,228,no,trained-on
10925942_0566_p566,10925942,566,Trésor des Amadis T. 1,BM Lyon (numelyo),DONE,2026-06-03,554557,31,1318,240,no,trained-on
10925942_0567_p567,10925942,567,Trésor des Amadis T. 1,BM Lyon (numelyo),DONE,2026-06-03,554557,26,1049,179,no,trained-on
10925942_0568_p568,10925942,568,Trésor des Amadis T. 1,BM Lyon (numelyo),DONE,2026-06-03,554557,28,1110,204,no,trained-on
10925942_0569_p569,10925942,569,Trésor des Amadis T. 1,BM Lyon (numelyo),DONE,2026-06-03,554557,29,1193,208,no,trained-on
10925942_0570_p570,10925942,570,Trésor des Amadis T. 1,BM Lyon (numelyo),DONE,2026-06-03,554557,29,1134,208,no,trained-on
10925942_0571_p571,10925942,571,Trésor des Amadis T. 1,BM Lyon (numelyo),DONE,2026-06-03,554557,28,1096,193,no,trained-on
10925942_0572_p572,10925942,572,Trésor des Amadis T. 1,BM Lyon (numelyo),DONE,2026-06-03,554557,29,1181,219,no,trained-on
10925942_0573_p573,10925942,573,Trésor des Amadis T. 1,BM Lyon (numelyo),DONE,2026-06-03,554557,31,1260,221,no,trained-on
10925942_0574_p574,10925942,574,Trésor des Amadis T. 1,BM Lyon (numelyo),DONE,2026-06-03,554557,28,1144,211,no,trained-on
10925942_0575_p575,10925942,575,Trésor des Amadis T. 1,BM Lyon (numelyo),DONE,2026-06-03,554557,31,1186,204,no,trained-on
10925942_0576_p576,10925942,576,Trésor des Amadis T. 1,BM Lyon (numelyo),DONE,2026-06-03,554557,27,1077,198,no,trained-on
10925942_0577_p577,10925942,577,Trésor des Amadis T. 1,BM Lyon (numelyo),DONE,2026-06-03,554557,30,1227,221,no,trained-on
10925942_0578_p578,10925942,578,Trésor des Amadis T. 1,BM Lyon (numelyo),DONE,2026-06-05,554557,30,1155,212,no,trained-on
10925942_0579_p579,10925942,579,Trésor des Amadis T. 1,BM Lyon (numelyo),DONE,2026-06-03,554557,30,1203,213,no,trained-on
10925942_0580_p580,10925942,580,Trésor des Amadis T. 1,BM Lyon (numelyo),DONE,2026-06-03,554557,30,1116,209,no,trained-on
10925942_0581_p581,10925942,581,Trésor des Amadis T. 1,BM Lyon (numelyo),DONE,2026-06-03,554557,28,1161,209,no,trained-on
10925942_0582_p582,10925942,582,Trésor des Amadis T. 1,BM Lyon (numelyo),DONE,2026-06-03,554557,30,1301,232,no,trained-on
10925942_0583_p583,10925942,583,Trésor des Amadis T. 1,BM Lyon (numelyo),DONE,2026-06-03,554557,27,1099,187,no,trained-on
10925942_0584_p584,10925942,584,Trésor des Amadis T. 1,BM Lyon (numelyo),DONE,2026-06-03,554557,30,1132,199,no,trained-on
10925942_0585_p585,10925942,585,Trésor des Amadis T. 1,BM Lyon (numelyo),DONE,2026-06-03,554557,28,1170,211,no,trained-on
10925942_0586_p586,10925942,586,Trésor des Amadis T. 1,BM Lyon (numelyo),DONE,2026-06-03,554557,30,1196,210,no,trained-on
10925942_0587_p587,10925942,587,Trésor des Amadis T. 1,BM Lyon (numelyo),DONE,2026-06-05,554557,27,1109,197,no,trained-on
10925942_0588_p588,10925942,588,Trésor des Amadis T. 1,BM Lyon (numelyo),DONE,2026-06-03,554557,29,1143,206,no,trained-on
10925942_0589_p589,10925942,589,Trésor des Amadis T. 1,BM Lyon (numelyo),DONE,2026-06-03,554557,30,1217,225,no,trained-on
10925942_0590_p590,10925942,590,Trésor des Amadis T. 1,BM Lyon (numelyo),DONE,2026-06-03,554557,30,1202,214,no,trained-on
10925942_0591_p591,10925942,591,Trésor des Amadis T. 1,BM Lyon (numelyo),DONE,2026-06-03,554557,29,1158,214,no,trained-on
10925942_0592_p592,10925942,592,Trésor des Amadis T. 1,BM Lyon (numelyo),DONE,2026-06-03,554557,28,1125,208,no,trained-on
10925942_0593_p593,10925942,593,Trésor des Amadis T. 1,BM Lyon (numelyo),DONE,2026-06-03,554557,28,1169,210,no,trained-on
10925942_0594_p594,10925942,594,Trésor des Amadis T. 1,BM Lyon (numelyo),DONE,2026-06-03,554557,30,1164,202,no,trained-on
10925942_0595_p595,10925942,595,Trésor des Amadis T. 1,BM Lyon (numelyo),DONE,2026-06-03,554557,28,1162,201,no,trained-on
10925942_0596_p596,10925942,596,Trésor des Amadis T. 1,BM Lyon (numelyo),DONE,2026-06-03,554557,31,1308,224,no,trained-on
10925942_0597_p597,10925942,597,Trésor des Amadis T. 1,BM Lyon (numelyo),DONE,2026-06-03,554557,21,742,133,no,trained-on
10925942_0598_p598,10925942,598,Trésor des Amadis T. 1,BM Lyon (numelyo),DONE,2026-09-18,581889,23,744,127,yes,
10925942_0599_p599,10925942,599,Trésor des Amadis T. 1,BM Lyon (numelyo),DONE,2026-09-18,581889,29,1226,233,yes,
10925942_0600_p600,10925942,600,Trésor des Amadis T. 1,BM Lyon (numelyo),DONE,2026-09-18,581889,31,1297,241,yes,
10925942_0601_p601,10925942,601,Trésor des Amadis T. 1,BM Lyon (numelyo),DONE,2026-09-18,581889,27,1097,187,yes,
10925942_0602_p602,10925942,602,Trésor des Amadis T. 1,BM Lyon (numelyo),DONE,2026-09-18,581889,27,997,179,yes,
10925942_0603_p603,10925942,603,Trésor des Amadis T. 1,BM Lyon (numelyo),DONE,2026-09-18,581889,25,904,169,yes,
10925942_0604_p604,10925942,604,Trésor des Amadis T. 1,BM Lyon (numelyo),DONE,2026-09-18,581889,30,1221,213,yes,
10925942_0605_p605,10925942,605,Trésor des Amadis T. 1,BM Lyon (numelyo),DONE,2026-09-18,581889,28,1057,192,yes,
10925942_0606_p606,10925942,606,Trésor des Amadis T. 1,BM Lyon (numelyo),DONE,2026-09-18,581889,27,1018,186,yes,
10925942_0607_p607,10925942,607,Trésor des Amadis T. 1,BM Lyon (numelyo),DONE,2026-09-18,581889,27,965,179,yes,
10925942_0608_p608,10925942,608,Trésor des Amadis T. 1,BM Lyon (numelyo),DONE,2026-09-18,581889,27,972,171,yes,
10925942_0609_p609,10925942,609,Trésor des Amadis T. 1,BM Lyon (numelyo),DONE,2026-09-18,581889,28,1068,190,yes,
10925942_0610_p610,10925942,610,Trésor des Amadis T. 1,BM Lyon (numelyo),DONE,2026-09-18,581889,29,1119,189,yes,
10925942_0611_p611,10925942,611,Trésor des Amadis T. 1,BM Lyon (numelyo),DONE,2026-09-18,581889,30,1254,228,yes,
10925942_0612_p612,10925942,612,Trésor des Amadis T. 1,BM Lyon (numelyo),DONE,2026-09-18,581889,30,1299,231,yes,
10925942_0613_p613,10925942,613,Trésor des Amadis T. 1,BM Lyon (numelyo),DONE,2026-09-18,581889,23,834,146,yes,
10925942_0614_p614,10925942,614,Trésor des Amadis T. 1,BM Lyon (numelyo),DONE,2026-09-18,581889,25,875,172,yes,
10925942_0615_p615,10925942,615,Trésor des Amadis T. 1,BM Lyon (numelyo),DONE,2026-09-18,581889,28,1125,206,yes,
10925942_0616_p616,10925942,616,Trésor des Amadis T. 1,BM Lyon (numelyo),DONE,2026-09-18,581889,26,935,173,yes,
10925942_0617_p617,10925942,617,Trésor des Amadis T. 1,BM Lyon (numelyo),IN_PROGRESS,2026-09-17,581889,30,1071,198,no,not-corrected
10925942_0618_p618,10925942,618,Trésor des Amadis T. 1,BM Lyon (numelyo),IN_PROGRESS,2026-09-17,581889,32,1269,226,no,not-corrected
10925942_0619_p619,10925942,619,Trésor des Amadis T. 1,BM Lyon (numelyo),IN_PROGRESS,2026-09-17,581889,32,1047,191,no,not-corrected
10925942_0620_p620,10925942,620,Trésor des Amadis T. 1,BM Lyon (numelyo),IN_PROGRESS,2026-09-17,581889,26,929,165,no,not-corrected
10925942_0621_p621,10925942,621,Trésor des Amadis T. 1,BM Lyon (numelyo),IN_PROGRESS,2026-09-17,581889,29,1011,179,no,not-corrected
10925942_0622_p622,10925942,622,Trésor des Amadis T. 1,BM Lyon (numelyo),IN_PROGRESS,2026-09-17,581889,36,866,168,no,not-corrected
10925942_0623_p623,10925942,623,Trésor des Amadis T. 1,BM Lyon (numelyo),IN_PROGRESS,2026-09-17,581889,34,1058,192,no,not-corrected
10925942_0624_p624,10925942,624,Trésor des Amadis T. 1,BM Lyon (numelyo),IN_PROGRESS,2026-09-17,581889,29,1003,187,no,not-corrected
10925942_0625_p625,10925942,625,Trésor des Amadis T. 1,BM Lyon (numelyo),IN_PROGRESS,2026-09-17,581889,33,1066,190,no,not-corrected
10925942_0626_p626,10925942,626,Trésor des Amadis T. 1,BM Lyon (numelyo),IN_PROGRESS,2026-09-17,581889,32,1112,212,no,not-corrected
10925942_0627_p627,10925942,627,Trésor des Amadis T. 1,BM Lyon (numelyo),IN_PROGRESS,2026-09-17,581889,36,1056,198,no,not-corrected
10925942_0628_p628,10925942,628,Trésor des Amadis T. 1,BM Lyon (numelyo),IN_PROGRESS,2026-09-17,581889,29,945,183,no,not-corrected
10925942_0629_p629,10925942,629,Trésor des Amadis T. 1,BM Lyon (numelyo),IN_PROGRESS,2026-09-17,581889,28,1013,180,no,not-corrected
10925942_0630_p630,10925942,630,Trésor des Amadis T. 1,BM Lyon (numelyo),IN_PROGRESS,2026-09-17,581889,28,1109,204,no,not-corrected
10925942_0631_p631,10925942,631,Trésor des Amadis T. 1,BM Lyon (numelyo),IN_PROGRESS,2026-09-17,581889,31,1221,223,no,not-corrected
10925942_0632_p632,10925942,632,Trésor des Amadis T. 1,BM Lyon (numelyo),IN_PROGRESS,2026-09-17,581889,33,936,183,no,not-corrected
10925942_0633_p633,10925942,633,Trésor des Amadis T. 1,BM Lyon (numelyo),IN_PROGRESS,2026-09-17,581889,29,1093,194,no,not-corrected
10925942_0634_p634,10925942,634,Trésor des Amadis T. 1,BM Lyon (numelyo),IN_PROGRESS,2026-09-17,581889,30,1068,196,no,not-corrected
10925942_0635_p635,10925942,635,Trésor des Amadis T. 1,BM Lyon (numelyo),IN_PROGRESS,2026-09-17,581889,29,914,171,no,not-corrected
10925942_0636_p636,10925942,636,Trésor des Amadis T. 1,BM Lyon (numelyo),IN_PROGRESS,2026-09-17,581889,28,1009,187,no,not-corrected
10925942_0637_p637,10925942,637,Trésor des Amadis T. 1,BM Lyon (numelyo),IN_PROGRESS,2026-09-17,581889,30,1181,230,no,not-corrected
10925942_0638_p638,10925942,638,Trésor des Amadis T. 1,BM Lyon (numelyo),IN_PROGRESS,2026-09-17,581889,27,790,147,no,not-corrected
10925942_0639_p639,10925942,639,Trésor des Amadis T. 1,BM Lyon (numelyo),IN_PROGRESS,2026-09-17,581889,35,1135,213,no,not-corrected
10925942_0640_p640,10925942,640,Trésor des Amadis T. 1,BM Lyon (numelyo),IN_PROGRESS,2026-09-17,581889,30,1095,201,no,not-corrected
10925942_0641_p641,10925942,641,Trésor des Amadis T. 1,BM Lyon (numelyo),IN_PROGRESS,2026-09-17,581889,31,1060,186,no,not-corrected
10925942_0642_p642,10925942,642,Trésor des Amadis T. 1,BM Lyon (numelyo),IN_PROGRESS,2026-09-17,581889,29,1109,211,no,not-corrected
10925942_0643_p643,10925942,643,Trésor des Amadis T. 1,BM Lyon (numelyo),IN_PROGRESS,2026-09-17,581889,26,847,150,no,not-corrected
10925942_0644_p644,10925942,644,Trésor des Amadis T. 1,BM Lyon (numelyo),IN_PROGRESS,2026-09-17,581889,30,1066,198,no,not-corrected
10925942_0645_p645,10925942,645,Trésor des Amadis T. 1,BM Lyon (numelyo),IN_PROGRESS,2026-09-17,581889,29,1093,196,no,not-corrected
10925942_0646_p646,10925942,646,Trésor des Amadis T. 1,BM Lyon (numelyo),IN_PROGRESS,2026-09-17,581889,26,1022,184,no,not-corrected
10925942_0647_p647,10925942,647,Trésor des Amadis T. 1,BM Lyon (numelyo),IN_PROGRESS,2026-09-17,581889,31,1170,217,no,not-corrected
10925942_0648_p648,10925942,648,Trésor des Amadis T. 1,BM Lyon (numelyo),IN_PROGRESS,2026-09-17,581889,31,1260,229,no,not-corrected
10925942_0649_p649,10925942,649,Trésor des Amadis T. 1,BM Lyon (numelyo),IN_PROGRESS,2026-09-17,581889,31,1169,209,no,not-corrected
10925942_0650_p650,10925942,650,Trésor des Amadis T. 1,BM Lyon (numelyo),IN_PROGRESS,2026-09-17,581889,28,1029,187,no,not-corrected
10925942_0651_p651,10925942,651,Trésor des Amadis T. 1,BM Lyon (numelyo),IN_PROGRESS,2026-09-17,581889,31,1185,215,no,not-corrected
10925942_0652_p652,10925942,652,Trésor des Amadis T. 1,BM Lyon (numelyo),IN_PROGRESS,2026-09-17,581889,31,1208,219,no,not-corrected
10925942_0653_p653,10925942,653,Trésor des Amadis T. 1,BM Lyon (numelyo),IN_PROGRESS,2026-09-17,581889,31,1079,203,no,not-corrected
10925942_0654_p654,10925942,654,Trésor des Amadis T. 1,BM Lyon (numelyo),IN_PROGRESS,2026-09-17,581889,28,1050,192,no,not-corrected
10925942_0655_p655,10925942,655,Trésor des Amadis T. 1,BM Lyon (numelyo),IN_PROGRESS,2026-09-17,581889,32,1187,228,no,not-corrected
10925942_0656_p656,10925942,656,Trésor des Amadis T. 1,BM Lyon (numelyo),IN_PROGRESS,2026-09-17,581889,30,1143,227,no,not-corrected
10925942_0657_p657,10925942,657,Trésor des Amadis T. 1,BM Lyon (numelyo),IN_PROGRESS,2026-09-17,581889,29,1050,201,no,not-corrected
10925942_0658_p658,10925942,658,Trésor des Amadis T. 1,BM Lyon (numelyo),IN_PROGRESS,2026-09-17,581889,25,858,156,no,not-corrected
10925942_0659_p659,10925942,659,Trésor des Amadis T. 1,BM Lyon (numelyo),IN_PROGRESS,2026-09-17,581889,27,905,162,no,not-corrected
10925942_0660_p660,10925942,660,Trésor des Amadis T. 1,BM Lyon (numelyo),IN_PROGRESS,2026-09-17,581889,29,1054,202,no,not-corrected
10925942_0661_p661,10925942,661,Trésor des Amadis T. 1,BM Lyon (numelyo),IN_PROGRESS,2026-09-17,581889,30,1069,195,no,not-corrected
10925942_0662_p662,10925942,662,Trésor des Amadis T. 1,BM Lyon (numelyo),IN_PROGRESS,2026-09-17,581889,32,1302,243,no,not-corrected
10925942_0663_p663,10925942,663,Trésor des Amadis T. 1,BM Lyon (numelyo),IN_PROGRESS,2026-09-17,581889,29,1013,184,no,not-corrected
10925942_0664_p664,10925942,664,Trésor des Amadis T. 1,BM Lyon (numelyo),IN_PROGRESS,2026-09-17,581889,28,1027,191,no,not-corrected
10925942_0665_p665,10925942,665,Trésor des Amadis T. 1,BM Lyon (numelyo),IN_PROGRESS,2026-09-17,581889,30,1169,220,no,not-corrected
10925942_0666_p666,10925942,666,Trésor des Amadis T. 1,BM Lyon (numelyo),IN_PROGRESS,2026-09-17,581889,28,1073,192,no,not-corrected
10925942_0667_p667,10925942,667,Trésor des Amadis T. 1,BM Lyon (numelyo),IN_PROGRESS,2026-09-17,581889,33,1247,235,no,not-corrected
10925942_0668_p668,10925942,668,Trésor des Amadis T. 1,BM Lyon (numelyo),IN_PROGRESS,2026-09-17,581889,32,1276,241,no,not-corrected
10925942_0669_p669,10925942,669,Trésor des Amadis T. 1,BM Lyon (numelyo),IN_PROGRESS,2026-09-17,581889,28,941,174,no,not-corrected
10925942_0670_p670,10925942,670,Trésor des Amadis T. 1,BM Lyon (numelyo),IN_PROGRESS,2026-09-17,581889,29,1112,208,no,not-corrected
10925942_0671_p671,10925942,671,Trésor des Amadis T. 1,BM Lyon (numelyo),IN_PROGRESS,2026-09-17,581889,28,1019,186,no,not-corrected
10925942_0672_p672,10925942,672,Trésor des Amadis T. 1,BM Lyon (numelyo),IN_PROGRESS,2026-09-17,581889,30,1083,198,no,not-corrected
10925942_0673_p673,10925942,673,Trésor des Amadis T. 1,BM Lyon (numelyo),IN_PROGRESS,2026-09-17,581889,32,1159,217,no,not-corrected
10925942_0674_p674,10925942,674,Trésor des Amadis T. 1,BM Lyon (numelyo),IN_PROGRESS,2026-09-17,581889,30,1071,200,no,not-corrected
10925942_0675_p675,10925942,675,Trésor des Amadis T. 1,BM Lyon (numelyo),IN_PROGRESS,2026-09-17,581889,30,1051,199,no,not-corrected
10925942_0676_p676,10925942,676,Trésor des Amadis T. 1,BM Lyon (numelyo),IN_PROGRESS,2026-09-17,581889,29,1014,193,no,not-corrected
10925942_0677_p677,10925942,677,Trésor des Amadis T. 1,BM Lyon (numelyo),IN_PROGRESS,2026-09-17,581889,28,946,174,no,not-corrected
10925942_0678_p678,10925942,678,Trésor des Amadis T. 1,BM Lyon (numelyo),IN_PROGRESS,2026-09-17,581889,26,941,175,no,not-corrected
10925942_0679_p679,10925942,679,Trésor des Amadis T. 1,BM Lyon (numelyo),IN_PROGRESS,2026-09-17,581889,30,1067,192,no,not-corrected
10925942_0680_p680,10925942,680,Trésor des Amadis T. 1,BM Lyon (numelyo),IN_PROGRESS,2026-09-17,581889,30,1155,214,no,not-corrected
10925942_0681_p681,10925942,681,Trésor des Amadis T. 1,BM Lyon (numelyo),IN_PROGRESS,2026-09-17,581889,27,987,195,no,not-corrected
10925942_0682_p682,10925942,682,Trésor des Amadis T. 1,BM Lyon (numelyo),IN_PROGRESS,2026-09-17,581889,30,1129,205,no,not-corrected
10925942_0683_p683,10925942,683,Trésor des Amadis T. 1,BM Lyon (numelyo),IN_PROGRESS,2026-09-17,581889,30,1091,186,no,not-corrected
10925942_0684_p684,10925942,684,Trésor des Amadis T. 1,BM Lyon (numelyo),IN_PROGRESS,2026-09-17,581889,28,883,160,no,not-corrected
10925942_0685_p685,10925942,685,Trésor des Amadis T. 1,BM Lyon (numelyo),IN_PROGRESS,2026-09-17,581889,29,985,181,no,not-corrected
10925942_0686_p686,10925942,686,Trésor des Amadis T. 1,BM Lyon (numelyo),IN_PROGRESS,2026-09-17,581889,30,1202,226,no,not-corrected
10925942_0687_p687,10925942,687,Trésor des Amadis T. 1,BM Lyon (numelyo),IN_PROGRESS,2026-09-17,581889,31,1067,180,no,not-corrected
10925942_0688_p688,10925942,688,Trésor des Amadis T. 1,BM Lyon (numelyo),IN_PROGRESS,2026-09-17,581889,33,1291,228,no,not-corrected
10925942_0689_p689,10925942,689,Trésor des Amadis T. 1,BM Lyon (numelyo),IN_PROGRESS,2026-09-17,581889,34,1314,223,no,not-corrected
10925942_0690_p690,10925942,690,Trésor des Amadis T. 1,BM Lyon (numelyo),IN_PROGRESS,2026-09-17,581889,32,1293,221,no,not-corrected
10925942_0691_p691,10925942,691,Trésor des Amadis T. 1,BM Lyon (numelyo),IN_PROGRESS,2026-09-17,581889,34,1312,228,no,not-corrected
10925942_0692_p692,10925942,692,Trésor des Amadis T. 1,BM Lyon (numelyo),IN_PROGRESS,2026-09-17,581889,32,1337,241,no,not-corrected
10925942_0693_p693,10925942,693,Trésor des Amadis T. 1,BM Lyon (numelyo),IN_PROGRESS,2026-09-17,581889,30,1141,197,no,not-corrected
10925942_0694_p694,10925942,694,Trésor des Amadis T. 1,BM Lyon (numelyo),IN_PROGRESS,2026-09-17,581889,32,1296,234,no,not-corrected
10925942_0695_p695,10925942,695,Trésor des Amadis T. 1,BM Lyon (numelyo),IN_PROGRESS,2026-09-17,581889,32,1305,232,no,not-corrected
10925942_0696_p696,10925942,696,Trésor des Amadis T. 1,BM Lyon (numelyo),IN_PROGRESS,2026-09-17,581889,32,1318,232,no,not-corrected
10925942_0697_p697,10925942,697,Trésor des Amadis T. 1,BM Lyon (numelyo),IN_PROGRESS,2026-09-17,581889,33,1338,234,no,not-corrected
10925942_0698_p698,10925942,698,Trésor des Amadis T. 1,BM Lyon (numelyo),IN_PROGRESS,2026-09-17,581889,32,1311,241,no,not-corrected
10925942_0699_p699,10925942,699,Trésor des Amadis T. 1,BM Lyon (numelyo),IN_PROGRESS,2026-09-17,581889,34,1358,248,no,not-corrected
10925942_0700_p700,10925942,700,Trésor des Amadis T. 1,BM Lyon (numelyo),IN_PROGRESS,2026-09-17,581889,29,1205,210,no,not-corrected
10925942_0701_p701,10925942,701,Trésor des Amadis T. 1,BM Lyon (numelyo),IN_PROGRESS,2026-09-17,581889,32,1203,223,no,not-corrected
10925942_0702_p702,10925942,702,Trésor des Amadis T. 1,BM Lyon (numelyo),IN_PROGRESS,2026-09-17,581889,32,1311,238,no,not-corrected
10925942_0703_p703,10925942,703,Trésor des Amadis T. 1,BM Lyon (numelyo),IN_PROGRESS,2026-09-17,581889,32,1249,226,no,not-corrected
10925942_0704_p704,10925942,704,Trésor des Amadis T. 1,BM Lyon (numelyo),IN_PROGRESS,2026-09-17,581889,28,1026,170,no,not-corrected
10925942_0705_p705,10925942,705,Trésor des Amadis T. 1,BM Lyon (numelyo),IN_PROGRESS,2026-09-17,581889,30,1102,195,no,not-corrected
10925942_0706_p706,10925942,706,Trésor des Amadis T. 1,BM Lyon (numelyo),IN_PROGRESS,2026-09-17,581889,30,1141,203,no,not-corrected
10925942_0707_p707,10925942,707,Trésor des Amadis T. 1,BM Lyon (numelyo),IN_PROGRESS,2026-09-17,581889,34,1284,252,no,not-corrected
10925942_0708_p708,10925942,708,Trésor des Amadis T. 1,BM Lyon (numelyo),IN_PROGRESS,2026-09-17,581889,26,908,162,no,not-corrected
10925942_0709_p709,10925942,709,Trésor des Amadis T. 1,BM Lyon (numelyo),IN_PROGRESS,2026-09-17,581889,32,1274,230,no,not-corrected
10925942_0710_p710,10925942,710,Trésor des Amadis T. 1,BM Lyon (numelyo),IN_PROGRESS,2026-09-17,581889,31,1335,235,no,not-corrected
10925942_0711_p711,10925942,711,Trésor des Amadis T. 1,BM Lyon (numelyo),IN_PROGRESS,2026-09-17,581889,33,1316,230,no,not-corrected
10925942_0712_p712,10925942,712,Trésor des Amadis T. 1,BM Lyon (numelyo),IN_PROGRESS,2026-09-17,581889,28,980,175,no,not-corrected
10925942_0713_p713,10925942,713,Trésor des Amadis T. 1,BM Lyon (numelyo),IN_PROGRESS,2026-09-17,581889,33,1306,242,no,not-corrected
10925942_0714_p714,10925942,714,Trésor des Amadis T. 1,BM Lyon (numelyo),IN_PROGRESS,2026-09-17,581889,32,1325,249,no,not-corrected
10925942_0715_p715,10925942,715,Trésor des Amadis T. 1,BM Lyon (numelyo),IN_PROGRESS,2026-09-17,581889,32,1293,244,no,not-corrected
10925942_0716_p716,10925942,716,Trésor des Amadis T. 1,BM Lyon (numelyo),IN_PROGRESS,2026-09-17,581889,31,1303,236,no,not-corrected
10925942_0717_p717,10925942,717,Trésor des Amadis T. 1,BM Lyon (numelyo),IN_PROGRESS,2026-09-17,581889,30,1114,205,no,not-corrected
10925942_0718_p718,10925942,718,Trésor des Amadis T. 1,BM Lyon (numelyo),IN_PROGRESS,2026-09-17,581889,32,1310,234,no,not-corrected
10925942_0719_p719,10925942,719,Trésor des Amadis T. 1,BM Lyon (numelyo),IN_PROGRESS,2026-09-17,581889,34,1332,246,no,not-corrected
10925942_0720_p720,10925942,720,Trésor des Amadis T. 1,BM Lyon (numelyo),IN_PROGRESS,2026-09-17,581889,34,1300,242,no,not-corrected
10925942_0721_p721,10925942,721,Trésor des Amadis T. 1,BM Lyon (numelyo),IN_PROGRESS,2026-09-17,581889,33,1316,245,no,not-corrected
10925942_0722_p722,10925942,722,Trésor des Amadis T. 1,BM Lyon (numelyo),IN_PROGRESS,2026-09-17,581889,32,1285,228,no,not-corrected
10925942_0723_p723,10925942,723,Trésor des Amadis T. 1,BM Lyon (numelyo),IN_PROGRESS,2026-09-17,581889,32,1158,209,no,not-corrected
10925942_0724_p724,10925942,724,Trésor des Amadis T. 1,BM Lyon (numelyo),IN_PROGRESS,2026-09-17,581889,26,943,173,no,not-corrected
10925942_0725_p725,10925942,725,Trésor des Amadis T. 1,BM Lyon (numelyo),IN_PROGRESS,2026-09-17,581889,33,1320,251,no,not-corrected
10925942_0726_p726,10925942,726,Trésor des Amadis T. 1,BM Lyon (numelyo),IN_PROGRESS,2026-09-17,581889,27,916,166,no,not-corrected
10925942_0727_p727,10925942,727,Trésor des Amadis T. 1,BM Lyon (numelyo),IN_PROGRESS,2026-09-17,581889,31,1122,190,no,not-corrected
10925942_0728_p728,10925942,728,Trésor des Amadis T. 1,BM Lyon (numelyo),IN_PROGRESS,2026-09-17,581889,30,1169,206,no,not-corrected
10925942_0729_p729,10925942,729,Trésor des Amadis T. 1,BM Lyon (numelyo),IN_PROGRESS,2026-09-17,581889,30,1084,196,no,not-corrected
10925942_0730_p730,10925942,730,Trésor des Amadis T. 1,BM Lyon (numelyo),IN_PROGRESS,2026-09-17,581889,31,1311,233,no,not-corrected
10925942_0731_p731,10925942,731,Trésor des Amadis T. 1,BM Lyon (numelyo),IN_PROGRESS,2026-09-17,581889,33,1311,239,no,not-corrected
10925942_0732_p732,10925942,732,Trésor des Amadis T. 1,BM Lyon (numelyo),IN_PROGRESS,2026-09-17,581889,27,1030,190,no,not-corrected
10925942_0733_p733,10925942,733,Trésor des Amadis T. 1,BM Lyon (numelyo),IN_PROGRESS,2026-09-17,581889,29,1033,187,no,not-corrected
10925942_0734_p734,10925942,734,Trésor des Amadis T. 1,BM Lyon (numelyo),IN_PROGRESS,2026-09-17,581889,33,1315,251,no,not-corrected
10925942_0735_p735,10925942,735,Trésor des Amadis T. 1,BM Lyon (numelyo),IN_PROGRESS,2026-09-17,581889,32,1148,206,no,not-corrected
10925942_0736_p736,10925942,736,Trésor des Amadis T. 1,BM Lyon (numelyo),IN_PROGRESS,2026-09-17,581889,28,1035,193,no,not-corrected
10925942_0737_p737,10925942,737,Trésor des Amadis T. 1,BM Lyon (numelyo),IN_PROGRESS,2026-09-17,581889,32,1052,195,no,not-corrected
10925942_0738_p738,10925942,738,Trésor des Amadis T. 1,BM Lyon (numelyo),IN_PROGRESS,2026-09-17,581889,34,1187,218,no,not-corrected
10925942_0739_p739,10925942,739,Trésor des Amadis T. 1,BM Lyon (numelyo),IN_PROGRESS,2026-09-17,581889,34,1265,235,no,not-corrected
10925942_0740_p740,10925942,740,Trésor des Amadis T. 1,BM Lyon (numelyo),IN_PROGRESS,2026-09-17,581889,32,1313,246,no,not-corrected
10925942_0741_p741,10925942,741,Trésor des Amadis T. 1,BM Lyon (numelyo),IN_PROGRESS,2026-09-17,581889,31,803,137,no,not-corrected
10925942_0742_p742,10925942,742,Trésor des Amadis T. 1,BM Lyon (numelyo),IN_PROGRESS,2026-09-17,581889,32,1188,204,no,not-corrected
10925942_0743_p743,10925942,743,Trésor des Amadis T. 1,BM Lyon (numelyo),IN_PROGRESS,2026-09-17,581889,35,1129,206,no,not-corrected
10925942_0744_p744,10925942,744,Trésor des Amadis T. 1,BM Lyon (numelyo),IN_PROGRESS,2026-09-17,581889,31,1191,208,no,not-corrected
10925942_0745_p745,10925942,745,Trésor des Amadis T. 1,BM Lyon (numelyo),IN_PROGRESS,2026-09-17,581889,32,1158,220,no,not-corrected
10925942_0746_p746,10925942,746,Trésor des Amadis T. 1,BM Lyon (numelyo),IN_PROGRESS,2026-09-17,581889,32,1192,228,no,not-corrected
10925942_0747_p747,10925942,747,Trésor des Amadis T. 1,BM Lyon (numelyo),IN_PROGRESS,2026-09-17,581889,34,1043,182,no,not-corrected
10925942_0748_p748,10925942,748,Trésor des Amadis T. 1,BM Lyon (numelyo),IN_PROGRESS,2026-09-17,581889,29,1152,210,no,not-corrected
10925942_0749_p749,10925942,749,Trésor des Amadis T. 1,BM Lyon (numelyo),IN_PROGRESS,2026-09-17,581889,31,1095,185,no,not-corrected
10925942_0750_p750,10925942,750,Trésor des Amadis T. 1,BM Lyon (numelyo),IN_PROGRESS,2026-09-17,581889,32,1166,203,no,not-corrected
10925942_0751_p751,10925942,751,Trésor des Amadis T. 1,BM Lyon (numelyo),IN_PROGRESS,2026-09-17,581889,33,1304,241,no,not-corrected
10925942_0752_p752,10925942,752,Trésor des Amadis T. 1,BM Lyon (numelyo),IN_PROGRESS,2026-09-17,581889,32,1314,240,no,not-corrected
10925942_0753_p753,10925942,753,Trésor des Amadis T. 1,BM Lyon (numelyo),IN_PROGRESS,2026-09-17,581889,31,1201,219,no,not-corrected
10925942_0754_p754,10925942,754,Trésor des Amadis T. 1,BM Lyon (numelyo),IN_PROGRESS,2026-09-17,581889,32,1300,234,no,not-corrected
10925942_0755_p755,10925942,755,Trésor des Amadis T. 1,BM Lyon (numelyo),IN_PROGRESS,2026-09-17,581889,34,1322,243,no,not-corrected
10925942_0756_p756,10925942,756,Trésor des Amadis T. 1,BM Lyon (numelyo),IN_PROGRESS,2026-09-17,581889,28,926,171,no,not-corrected
10925942_0757_p757,10925942,757,Trésor des Amadis T. 1,BM Lyon (numelyo),IN_PROGRESS,2026-09-17,581889,33,1114,201,no,not-corrected
10925942_0758_p758,10925942,758,Trésor des Amadis T. 1,BM Lyon (numelyo),IN_PROGRESS,2026-09-17,581889,30,1152,202,no,not-corrected
10925942_0759_p759,10925942,759,Trésor des Amadis T. 1,BM Lyon (numelyo),IN_PROGRESS,2026-09-17,581889,35,1148,206,no,not-corrected
10925942_0760_p760,10925942,760,Trésor des Amadis T. 1,BM Lyon (numelyo),IN_PROGRESS,2026-09-17,581889,31,1094,193,no,not-corrected
10925942_0761_p761,10925942,761,Trésor des Amadis T. 1,BM Lyon (numelyo),IN_PROGRESS,2026-09-17,581889,33,1317,233,no,not-corrected
10925942_0762_p762,10925942,762,Trésor des Amadis T. 1,BM Lyon (numelyo),IN_PROGRESS,2026-09-17,581889,33,1192,209,no,not-corrected
10925942_0763_p763,10925942,763,Trésor des Amadis T. 1,BM Lyon (numelyo),IN_PROGRESS,2026-09-17,581889,33,1090,198,no,not-corrected
10925942_0764_p764,10925942,764,Trésor des Amadis T. 1,BM Lyon (numelyo),IN_PROGRESS,2026-09-17,581889,32,1123,197,no,not-corrected
10925942_0765_p765,10925942,765,Trésor des Amadis T. 1,BM Lyon (numelyo),IN_PROGRESS,2026-09-17,581889,31,1200,215,no,not-corrected
10925942_0766_p766,10925942,766,Trésor des Amadis T. 1,BM Lyon (numelyo),IN_PROGRESS,2026-09-17,581889,29,1172,217,no,not-corrected
10925942_0767_p767,10925942,767,Trésor des Amadis T. 1,BM Lyon (numelyo),IN_PROGRESS,2026-09-17,581889,29,997,183,no,not-corrected
10925942_0768_p768,10925942,768,Trésor des Amadis T. 1,BM Lyon (numelyo),IN_PROGRESS,2026-09-17,581889,30,1013,181,no,not-corrected
10925942_0769_p769,10925942,769,Trésor des Amadis T. 1,BM Lyon (numelyo),IN_PROGRESS,2026-09-17,581889,29,1009,187,no,not-corrected
10925942_0770_p770,10925942,770,Trésor des Amadis T. 1,BM Lyon (numelyo),IN_PROGRESS,2026-09-17,581889,31,1102,189,no,not-corrected
10925942_0771_p771,10925942,771,Trésor des Amadis T. 1,BM Lyon (numelyo),IN_PROGRESS,2026-09-17,581889,29,987,170,no,not-corrected
10925942_0772_p772,10925942,772,Trésor des Amadis T. 1,BM Lyon (numelyo),IN_PROGRESS,2026-09-17,581889,30,1116,195,no,not-corrected
10925942_0773_p773,10925942,773,Trésor des Amadis T. 1,BM Lyon (numelyo),IN_PROGRESS,2026-09-17,581889,33,1101,191,no,not-corrected
10925942_0774_p774,10925942,774,Trésor des Amadis T. 1,BM Lyon (numelyo),IN_PROGRESS,2026-09-17,581889,31,1136,198,no,not-corrected
10925942_0775_p775,10925942,775,Trésor des Amadis T. 1,BM Lyon (numelyo),IN_PROGRESS,2026-09-17,581889,33,1302,239,no,not-corrected
10925942_0776_p776,10925942,776,Trésor des Amadis T. 1,BM Lyon (numelyo),IN_PROGRESS,2026-09-17,581889,30,1062,190,no,not-corrected
10925942_0777_p777,10925942,777,Trésor des Amadis T. 1,BM Lyon (numelyo),IN_PROGRESS,2026-09-17,581889,30,1107,194,no,not-corrected
10925942_0778_p778,10925942,778,Trésor des Amadis T. 1,BM Lyon (numelyo),IN_PROGRESS,2026-09-17,581889,32,1281,241,no,not-corrected
10925942_0779_p779,10925942,779,Trésor des Amadis T. 1,BM Lyon (numelyo),IN_PROGRESS,2026-09-17,581889,28,919,157,no,not-corrected
10925942_0780_p780,10925942,780,Trésor des Amadis T. 1,BM Lyon (numelyo),IN_PROGRESS,2026-09-17,581889,31,1185,216,no,not-corrected
10925942_0781_p781,10925942,781,Trésor des Amadis T. 1,BM Lyon (numelyo),IN_PROGRESS,2026-09-17,581889,29,1020,178,no,not-corrected
10925942_0782_p782,10925942,782,Trésor des Amadis T. 1,BM Lyon (numelyo),IN_PROGRESS,2026-09-17,581889,32,1180,210,no,not-corrected
10925942_0783_p783,10925942,783,Trésor des Amadis T. 1,BM Lyon (numelyo),IN_PROGRESS,2026-09-17,581889,33,1315,245,no,not-corrected
10925942_0784_p784,10925942,784,Trésor des Amadis T. 1,BM Lyon (numelyo),IN_PROGRESS,2026-09-17,581889,30,1124,205,no,not-corrected
10925942_0785_p785,10925942,785,Trésor des Amadis T. 1,BM Lyon (numelyo),IN_PROGRESS,2026-09-17,581889,30,1107,194,no,not-corrected
10925942_0786_p786,10925942,786,Trésor des Amadis T. 1,BM Lyon (numelyo),IN_PROGRESS,2026-09-17,581889,30,1218,219,no,not-corrected
10925942_0787_p787,10925942,787,Trésor des Amadis T. 1,BM Lyon (numelyo),IN_PROGRESS,2026-09-17,581889,29,1018,178,no,not-corrected
10925942_0788_p788,10925942,788,Trésor des Amadis T. 1,BM Lyon (numelyo),IN_PROGRESS,2026-09-17,581889,33,1299,240,no,not-corrected
10925942_0789_p789,10925942,789,Trésor des Amadis T. 1,BM Lyon (numelyo),IN_PROGRESS,2026-09-17,581889,31,944,172,no,not-corrected
10925942_0790_p790,10925942,790,Trésor des Amadis T. 1,BM Lyon (numelyo),IN_PROGRESS,2026-09-17,581889,30,1144,217,no,not-corrected
10925942_0791_p791,10925942,791,Trésor des Amadis T. 1,BM Lyon (numelyo),IN_PROGRESS,2026-09-17,581889,28,1005,187,no,not-corrected
10925942_0792_p792,10925942,792,Trésor des Amadis T. 1,BM Lyon (numelyo),IN_PROGRESS,2026-09-17,581889,26,907,164,no,not-corrected
10925942_0793_p793,10925942,793,Trésor des Amadis T. 1,BM Lyon (numelyo),IN_PROGRESS,2026-09-17,581889,31,1122,216,no,not-corrected
10925942_0794_p794,10925942,794,Trésor des Amadis T. 1,BM Lyon (numelyo),IN_PROGRESS,2026-09-17,581889,29,1123,215,no,not-corrected
10925942_0795_p795,10925942,795,Trésor des Amadis T. 1,BM Lyon (numelyo),IN_PROGRESS,2026-09-17,581889,31,958,176,no,not-corrected
10925942_0796_p796,10925942,796,Trésor des Amadis T. 1,BM Lyon (numelyo),IN_PROGRESS,2026-09-17,581889,33,1296,253,no,not-corrected
10925942_0797_p797,10925942,797,Trésor des Amadis T. 1,BM Lyon (numelyo),IN_PROGRESS,2026-09-17,581889,29,1050,190,no,not-corrected
10925942_0798_p798,10925942,798,Trésor des Amadis T. 1,BM Lyon (numelyo),IN_PROGRESS,2026-09-17,581889,30,1104,204,no,not-corrected
10925942_0799_p799,10925942,799,Trésor des Amadis T. 1,BM Lyon (numelyo),IN_PROGRESS,2026-09-17,581889,32,1257,223,no,not-corrected
10925942_0800_p800,10925942,800,Trésor des Amadis T. 1,BM Lyon (numelyo),IN_PROGRESS,2026-09-17,581889,32,1303,235,no,not-corrected
10925942_0801_p801,10925942,801,Trésor des Amadis T. 1,BM Lyon (numelyo),IN_PROGRESS,2026-09-17,581889,33,1306,234,no,not-corrected
10925942_0802_p802,10925942,802,Trésor des Amadis T. 1,BM Lyon (numelyo),IN_PROGRESS,2026-09-17,581889,33,1338,246,no,not-corrected
10925942_0803_p803,10925942,803,Trésor des Amadis T. 1,BM Lyon (numelyo),IN_PROGRESS,2026-09-17,581889,34,1320,254,no,not-corrected
10925942_0804_p804,10925942,804,Trésor des Amadis T. 1,BM Lyon (numelyo),IN_PROGRESS,2026-09-17,581889,32,1333,246,no,not-corrected
10925942_0805_p805,10925942,805,Trésor des Amadis T. 1,BM Lyon (numelyo),IN_PROGRESS,2026-09-17,581889,33,1330,251,no,not-corrected
10925942_0806_p806,10925942,806,Trésor des Amadis T. 1,BM Lyon (numelyo),IN_PROGRESS,2026-09-17,581889,31,1346,250,no,not-corrected
10925942_0807_p807,10925942,807,Trésor des Amadis T. 1,BM Lyon (numelyo),IN_PROGRESS,2026-09-17,581889,33,1331,241,no,not-corrected
10925942_0808_p808,10925942,808,Trésor des Amadis T. 1,BM Lyon (numelyo),IN_PROGRESS,2026-09-17,581889,32,1327,259,no,not-corrected
10925942_0809_p809,10925942,809,Trésor des Amadis T. 1,BM Lyon (numelyo),IN_PROGRESS,2026-09-17,581889,33,1309,251,no,not-corrected
10925942_0810_p810,10925942,810,Trésor des Amadis T. 1,BM Lyon (numelyo),IN_PROGRESS,2026-09-17,581889,31,1253,234,no,not-corrected
10925942_0811_p811,10925942,811,Trésor des Amadis T. 1,BM Lyon (numelyo),IN_PROGRESS,2026-09-17,581889,33,1315,258,no,not-corrected
10925942_0812_p812,10925942,812,Trésor des Amadis T. 1,BM Lyon (numelyo),IN_PROGRESS,2026-09-17,581889,32,1319,236,no,not-corrected
10925942_0813_p813,10925942,813,Trésor des Amadis T. 1,BM Lyon (numelyo),IN_PROGRESS,2026-09-17,581889,27,913,172,no,not-corrected
10925942_0814_p814,10925942,814,Trésor des Amadis T. 1,BM Lyon (numelyo),IN_PROGRESS,2026-09-17,581889,32,1321,237,no,not-corrected
10925942_0815_p815,10925942,815,Trésor des Amadis T. 1,BM Lyon (numelyo),IN_PROGRESS,2026-09-17,581889,33,1317,240,no,not-corrected
10925942_0816_p816,10925942,816,Trésor des Amadis T. 1,BM Lyon (numelyo),IN_PROGRESS,2026-09-17,581889,31,1272,226,no,not-corrected
10925942_0817_p817,10925942,817,Trésor des Amadis T. 1,BM Lyon (numelyo),IN_PROGRESS,2026-09-17,581889,29,953,174,no,not-corrected
10925942_0818_p818,10925942,818,Trésor des Amadis T. 1,BM Lyon (numelyo),IN_PROGRESS,2026-09-17,581889,33,1281,234,no,not-corrected
10925942_0819_p819,10925942,819,Trésor des Amadis T. 1,BM Lyon (numelyo),IN_PROGRESS,2026-09-17,581889,29,987,176,no,not-corrected
10925942_0820_p820,10925942,820,Trésor des Amadis T. 1,BM Lyon (numelyo),IN_PROGRESS,2026-09-17,581889,32,1052,196,no,not-corrected
10925942_0821_p821,10925942,821,Trésor des Amadis T. 1,BM Lyon (numelyo),IN_PROGRESS,2026-09-17,581889,32,1140,208,no,not-corrected
10925942_0822_p822,10925942,822,Trésor des Amadis T. 1,BM Lyon (numelyo),IN_PROGRESS,2026-09-17,581889,36,1107,210,no,not-corrected
10925942_0823_p823,10925942,823,Trésor des Amadis T. 1,BM Lyon (numelyo),IN_PROGRESS,2026-09-17,581889,29,1021,191,no,not-corrected
10925942_0824_p824,10925942,824,Trésor des Amadis T. 1,BM Lyon (numelyo),IN_PROGRESS,2026-09-17,581889,29,1136,228,no,not-corrected
10925942_0825_p825,10925942,825,Trésor des Amadis T. 1,BM Lyon (numelyo),IN_PROGRESS,2026-09-17,581889,30,1135,213,no,not-corrected
10925942_0826_p826,10925942,826,Trésor des Amadis T. 1,BM Lyon (numelyo),IN_PROGRESS,2026-09-17,581889,27,963,179,no,not-corrected
10925942_0827_p827,10925942,827,Trésor des Amadis T. 1,BM Lyon (numelyo),IN_PROGRESS,2026-09-17,581889,29,988,169,no,not-corrected
10925942_0828_p828,10925942,828,Trésor des Amadis T. 1,BM Lyon (numelyo),IN_PROGRESS,2026-09-17,581889,31,1172,216,no,not-corrected
10925942_0829_p829,10925942,829,Trésor des Amadis T. 1,BM Lyon (numelyo),IN_PROGRESS,2026-09-17,581889,29,962,179,no,not-corrected
10925942_0830_p830,10925942,830,Trésor des Amadis T. 1,BM Lyon (numelyo),IN_PROGRESS,2026-09-17,581889,28,1090,202,no,not-corrected
10925942_0831_p831,10925942,831,Trésor des Amadis T. 1,BM Lyon (numelyo),IN_PROGRESS,2026-09-17,581889,30,994,175,no,not-corrected
10925942_0832_p832,10925942,832,Trésor des Amadis T. 1,BM Lyon (numelyo),IN_PROGRESS,2026-09-17,581889,30,1093,195,no,not-corrected
10925942_0833_p833,10925942,833,Trésor des Amadis T. 1,BM Lyon (numelyo),IN_PROGRESS,2026-09-17,581889,32,1103,199,no,not-corrected
10925942_0834_p834,10925942,834,Trésor des Amadis T. 1,BM Lyon (numelyo),IN_PROGRESS,2026-09-17,581889,30,1099,194,no,not-corrected
10925942_0835_p835,10925942,835,Trésor des Amadis T. 1,BM Lyon (numelyo),IN_PROGRESS,2026-09-17,581889,34,1304,234,no,not-corrected
10925942_0836_p836,10925942,836,Trésor des Amadis T. 1,BM Lyon (numelyo),IN_PROGRESS,2026-09-17,581889,31,1180,220,no,not-corrected
10925942_0837_p837,10925942,837,Trésor des Amadis T. 1,BM Lyon (numelyo),IN_PROGRESS,2026-09-17,581889,32,1154,219,no,not-corrected
10925942_0838_p838,10925942,838,Trésor des Amadis T. 1,BM Lyon (numelyo),IN_PROGRESS,2026-09-17,581889,32,1200,218,no,not-corrected
10925942_0839_p839,10925942,839,Trésor des Amadis T. 1,BM Lyon (numelyo),IN_PROGRESS,2026-09-17,581889,32,1201,211,no,not-corrected
10925942_0840_p840,10925942,840,Trésor des Amadis T. 1,BM Lyon (numelyo),IN_PROGRESS,2026-09-17,581889,29,1048,187,no,not-corrected
10925942_0841_p841,10925942,841,Trésor des Amadis T. 1,BM Lyon (numelyo),IN_PROGRESS,2026-09-17,581889,34,1130,214,no,not-corrected
10925942_0842_p842,10925942,842,Trésor des Amadis T. 1,BM Lyon (numelyo),IN_PROGRESS,2026-09-17,581889,32,1163,218,no,not-corrected
10925942_0843_p843,10925942,843,Trésor des Amadis T. 1,BM Lyon (numelyo),IN_PROGRESS,2026-09-17,581889,33,1146,205,no,not-corrected
10925942_0844_p844,10925942,844,Trésor des Amadis T. 1,BM Lyon (numelyo),IN_PROGRESS,2026-09-17,581889,31,1127,199,no,not-corrected
10925942_0845_p845,10925942,845,Trésor des Amadis T. 1,BM Lyon (numelyo),IN_PROGRESS,2026-09-17,581889,32,1223,213,no,not-corrected
10925942_0846_p846,10925942,846,Trésor des Amadis T. 1,BM Lyon (numelyo),IN_PROGRESS,2026-09-17,581889,32,1322,239,no,not-corrected
10925942_0847_p847,10925942,847,Trésor des Amadis T. 1,BM Lyon (numelyo),IN_PROGRESS,2026-09-17,581889,31,1104,196,no,not-corrected
10925942_0848_p848,10925942,848,Trésor des Amadis T. 1,BM Lyon (numelyo),IN_PROGRESS,2026-09-17,581889,31,1128,207,no,not-corrected
10925942_0849_p849,10925942,849,Trésor des Amadis T. 1,BM Lyon (numelyo),IN_PROGRESS,2026-09-17,581889,33,1319,242,no,not-corrected
10925942_0850_p850,10925942,850,Trésor des Amadis T. 1,BM Lyon (numelyo),IN_PROGRESS,2026-09-17,581889,29,1090,198,no,not-corrected
10925942_0851_p851,10925942,851,Trésor des Amadis T. 1,BM Lyon (numelyo),IN_PROGRESS,2026-09-17,581889,33,1140,205,no,not-corrected
10925942_0852_p852,10925942,852,Trésor des Amadis T. 1,BM Lyon (numelyo),IN_PROGRESS,2026-09-17,581889,28,1102,199,no,not-corrected
10925942_0853_p853,10925942,853,Trésor des Amadis T. 1,BM Lyon (numelyo),IN_PROGRESS,2026-09-17,581889,30,971,173,no,not-corrected
10925942_0854_p854,10925942,854,Trésor des Amadis T. 1,BM Lyon (numelyo),IN_PROGRESS,2026-09-17,581889,30,1108,206,no,not-corrected
10925942_0855_p855,10925942,855,Trésor des Amadis T. 1,BM Lyon (numelyo),IN_PROGRESS,2026-09-17,581889,32,1157,216,no,not-corrected
10925942_0856_p856,10925942,856,Trésor des Amadis T. 1,BM Lyon (numelyo),IN_PROGRESS,2026-09-17,581889,29,1069,200,no,not-corrected
10925942_0857_p857,10925942,857,Trésor des Amadis T. 1,BM Lyon (numelyo),IN_PROGRESS,2026-09-17,581889,27,911,160,no,not-corrected
10925942_0858_p858,10925942,858,Trésor des Amadis T. 1,BM Lyon (numelyo),IN_PROGRESS,2026-09-17,581889,27,960,170,no,not-corrected
10925942_0859_p859,10925942,859,Trésor des Amadis T. 1,BM Lyon (numelyo),IN_PROGRESS,2026-09-17,581889,32,1360,247,no,not-corrected
10925942_0860_p860,10925942,860,Trésor des Amadis T. 1,BM Lyon (numelyo),IN_PROGRESS,2026-09-17,581889,29,1013,171,no,not-corrected
10925942_0861_p861,10925942,861,Trésor des Amadis T. 1,BM Lyon (numelyo),IN_PROGRESS,2026-09-17,581889,31,1137,225,no,not-corrected
10925942_0862_p862,10925942,862,Trésor des Amadis T. 1,BM Lyon (numelyo),IN_PROGRESS,2026-09-17,581889,27,987,181,no,not-corrected
10925942_0863_p863,10925942,863,Trésor des Amadis T. 1,BM Lyon (numelyo),IN_PROGRESS,2026-09-17,581889,33,1319,244,no,not-corrected
10925942_0864_p864,10925942,864,Trésor des Amadis T. 1,BM Lyon (numelyo),IN_PROGRESS,2026-09-17,581889,31,1089,201,no,not-corrected
10925942_0865_p865,10925942,865,Trésor des Amadis T. 1,BM Lyon (numelyo),IN_PROGRESS,2026-09-17,581889,29,1009,197,no,not-corrected
10925942_0866_p866,10925942,866,Trésor des Amadis T. 1,BM Lyon (numelyo),IN_PROGRESS,2026-09-17,581889,31,1020,182,no,not-corrected
10925942_0867_p867,10925942,867,Trésor des Amadis T. 1,BM Lyon (numelyo),IN_PROGRESS,2026-09-17,581889,32,1076,199,no,not-corrected
10925942_0868_p868,10925942,868,Trésor des Amadis T. 1,BM Lyon (numelyo),IN_PROGRESS,2026-09-17,581889,31,1195,227,no,not-corrected
10925942_0869_p869,10925942,869,Trésor des Amadis T. 1,BM Lyon (numelyo),IN_PROGRESS,2026-09-17,581889,32,1324,233,no,not-corrected
10925942_0870_p870,10925942,870,Trésor des Amadis T. 1,BM Lyon (numelyo),IN_PROGRESS,2026-09-17,581889,32,1295,234,no,not-corrected
10925942_0871_p871,10925942,871,Trésor des Amadis T. 1,BM Lyon (numelyo),IN_PROGRESS,2026-09-17,581889,33,1278,242,no,not-corrected
10925942_0872_p872,10925942,872,Trésor des Amadis T. 1,BM Lyon (numelyo),IN_PROGRESS,2026-09-17,581889,26,966,174,no,not-corrected
10925942_0873_p873,10925942,873,Trésor des Amadis T. 1,BM Lyon (numelyo),IN_PROGRESS,2026-09-17,581889,33,1209,222,no,not-corrected
10925942_0874_p874,10925942,874,Trésor des Amadis T. 1,BM Lyon (numelyo),IN_PROGRESS,2026-09-17,581889,29,1076,196,no,not-corrected
10925942_0875_p875,10925942,875,Trésor des Amadis T. 1,BM Lyon (numelyo),IN_PROGRESS,2026-09-17,581889,28,1060,193,no,not-corrected
10925942_0876_p876,10925942,876,Trésor des Amadis T. 1,BM Lyon (numelyo),IN_PROGRESS,2026-09-17,581889,31,1111,195,no,not-corrected
10925942_0877_p877,10925942,877,Trésor des Amadis T. 1,BM Lyon (numelyo),IN_PROGRESS,2026-09-17,581889,30,1146,206,no,not-corrected
10925942_0878_p878,10925942,878,Trésor des Amadis T. 1,BM Lyon (numelyo),IN_PROGRESS,2026-09-17,581889,32,1039,182,no,not-corrected
10925942_0879_p879,10925942,879,Trésor des Amadis T. 1,BM Lyon (numelyo),IN_PROGRESS,2026-09-17,581889,30,1057,200,no,not-corrected
10925942_0880_p880,10925942,880,Trésor des Amadis T. 1,BM Lyon (numelyo),IN_PROGRESS,2026-09-17,581889,30,1113,199,no,not-corrected
10925942_0881_p881,10925942,881,Trésor des Amadis T. 1,BM Lyon (numelyo),IN_PROGRESS,2026-09-17,581889,33,1288,253,no,not-corrected
10925942_0882_p882,10925942,882,Trésor des Amadis T. 1,BM Lyon (numelyo),IN_PROGRESS,2026-09-17,581889,30,1034,184,no,not-corrected
10925942_0883_p883,10925942,883,Trésor des Amadis T. 1,BM Lyon (numelyo),IN_PROGRESS,2026-09-17,581889,28,1017,188,no,not-corrected
10925942_0884_p884,10925942,884,Trésor des Amadis T. 1,BM Lyon (numelyo),IN_PROGRESS,2026-09-17,581889,30,1001,180,no,not-corrected
10925942_0885_p885,10925942,885,Trésor des Amadis T. 1,BM Lyon (numelyo),IN_PROGRESS,2026-09-17,581889,31,1173,218,no,not-corrected
10925942_0886_p886,10925942,886,Trésor des Amadis T. 1,BM Lyon (numelyo),IN_PROGRESS,2026-09-17,581889,29,1092,201,no,not-corrected
10925942_0887_p887,10925942,887,Trésor des Amadis T. 1,BM Lyon (numelyo),IN_PROGRESS,2026-09-17,581889,30,1044,185,no,not-corrected
10925942_0888_p888,10925942,888,Trésor des Amadis T. 1,BM Lyon (numelyo),IN_PROGRESS,2026-09-17,581889,31,1216,228,no,not-corrected
10925942_0889_p889,10925942,889,Trésor des Amadis T. 1,BM Lyon (numelyo),IN_PROGRESS,2026-09-17,581889,33,1324,235,no,not-corrected
10925942_0890_p890,10925942,890,Trésor des Amadis T. 1,BM Lyon (numelyo),IN_PROGRESS,2026-09-17,581889,32,1315,240,no,not-corrected
10925942_0891_p891,10925942,891,Trésor des Amadis T. 1,BM Lyon (numelyo),IN_PROGRESS,2026-09-17,581889,33,1260,227,no,not-corrected
10925942_0892_p892,10925942,892,Trésor des Amadis T. 1,BM Lyon (numelyo),IN_PROGRESS,2026-09-17,581889,31,1194,215,no,not-corrected
10925942_0893_p893,10925942,893,Trésor des Amadis T. 1,BM Lyon (numelyo),IN_PROGRESS,2026-09-17,581889,27,919,171,no,not-corrected
10925942_0894_p894,10925942,894,Trésor des Amadis T. 1,BM Lyon (numelyo),IN_PROGRESS,2026-09-17,581889,32,1298,242,no,not-corrected
10925942_0895_p895,10925942,895,Trésor des Amadis T. 1,BM Lyon (numelyo),IN_PROGRESS,2026-09-17,581889,30,1024,180,no,not-corrected
10925942_0896_p896,10925942,896,Trésor des Amadis T. 1,BM Lyon (numelyo),IN_PROGRESS,2026-09-17,581889,32,1266,239,no,not-corrected
10925942_0897_p897,10925942,897,Trésor des Amadis T. 1,BM Lyon (numelyo),IN_PROGRESS,2026-09-17,581889,31,1024,182,no,not-corrected
10925942_0898_p898,10925942,898,Trésor des Amadis T. 1,BM Lyon (numelyo),IN_PROGRESS,2026-09-17,581889,28,987,184,no,not-corrected
10925942_0899_p899,10925942,899,Trésor des Amadis T. 1,BM Lyon (numelyo),IN_PROGRESS,2026-09-17,581889,34,1198,224,no,not-corrected
10925942_0900_p900,10925942,900,Trésor des Amadis T. 1,BM Lyon (numelyo),IN_PROGRESS,2026-09-17,581889,29,1062,185,no,not-corrected
10925942_0901_p901,10925942,901,Trésor des Amadis T. 1,BM Lyon (numelyo),IN_PROGRESS,2026-09-17,581889,30,1064,182,no,not-corrected
10925942_0902_p902,10925942,902,Trésor des Amadis T. 1,BM Lyon (numelyo),IN_PROGRESS,2026-09-17,581889,33,1216,221,no,not-corrected
10925942_0903_p903,10925942,903,Trésor des Amadis T. 1,BM Lyon (numelyo),IN_PROGRESS,2026-09-17,581889,31,1019,178,no,not-corrected
10925942_0904_p904,10925942,904,Trésor des Amadis T. 1,BM Lyon (numelyo),IN_PROGRESS,2026-09-17,581889,29,1022,185,no,not-corrected
10925942_0905_p905,10925942,905,Trésor des Amadis T. 1,BM Lyon (numelyo),IN_PROGRESS,2026-09-17,581889,30,1074,198,no,not-corrected
10925942_0906_p906,10925942,906,Trésor des Amadis T. 1,BM Lyon (numelyo),IN_PROGRESS,2026-09-17,581889,31,1002,177,no,not-corrected
10925942_0907_p907,10925942,907,Trésor des Amadis T. 1,BM Lyon (numelyo),IN_PROGRESS,2026-09-17,581889,31,1102,205,no,not-corrected
10925942_0908_p908,10925942,908,Trésor des Amadis T. 1,BM Lyon (numelyo),IN_PROGRESS,2026-09-17,581889,29,1056,196,no,not-corrected
10925942_0909_p909,10925942,909,Trésor des Amadis T. 1,BM Lyon (numelyo),IN_PROGRESS,2026-09-17,581889,33,1269,219,no,not-corrected
10925942_0910_p910,10925942,910,Trésor des Amadis T. 1,BM Lyon (numelyo),IN_PROGRESS,2026-09-17,581889,30,998,174,no,not-corrected
10925942_0911_p911,10925942,911,Trésor des Amadis T. 1,BM Lyon (numelyo),IN_PROGRESS,2026-09-17,581889,31,1066,187,no,not-corrected
10925942_0912_p912,10925942,912,Trésor des Amadis T. 1,BM Lyon (numelyo),IN_PROGRESS,2026-09-17,581889,31,1156,207,no,not-corrected
10925942_0913_p913,10925942,913,Trésor des Amadis T. 1,BM Lyon (numelyo),IN_PROGRESS,2026-09-17,581889,33,1117,215,no,not-corrected
10925942_0914_p914,10925942,914,Trésor des Amadis T. 1,BM Lyon (numelyo),IN_PROGRESS,2026-09-17,581889,31,1144,203,no,not-corrected
10925942_0915_p915,10925942,915,Trésor des Amadis T. 1,BM Lyon (numelyo),IN_PROGRESS,2026-09-17,581889,31,1120,195,no,not-corrected
10925942_0916_p916,10925942,916,Trésor des Amadis T. 1,BM Lyon (numelyo),IN_PROGRESS,2026-09-17,581889,30,1096,210,no,not-corrected
10925942_0917_p917,10925942,917,Trésor des Amadis T. 1,BM Lyon (numelyo),IN_PROGRESS,2026-09-17,581889,33,1187,215,no,not-corrected
10925942_0918_p918,10925942,918,Trésor des Amadis T. 1,BM Lyon (numelyo),IN_PROGRESS,2026-09-17,581889,31,1137,217,no,not-corrected
10925942_0919_p919,10925942,919,Trésor des Amadis T. 1,BM Lyon (numelyo),IN_PROGRESS,2026-09-17,581889,32,1126,208,no,not-corrected
10925942_0920_p920,10925942,920,Trésor des Amadis T. 1,BM Lyon (numelyo),IN_PROGRESS,2026-09-17,581889,32,1124,203,no,not-corrected
10925942_0921_p921,10925942,921,Trésor des Amadis T. 1,BM Lyon (numelyo),IN_PROGRESS,2026-09-17,581889,33,1174,210,no,not-corrected
10925942_0922_p922,10925942,922,Trésor des Amadis T. 1,BM Lyon (numelyo),IN_PROGRESS,2026-09-17,581889,29,1043,189,no,not-corrected
10925942_0923_p923,10925942,923,Trésor des Amadis T. 1,BM Lyon (numelyo),IN_PROGRESS,2026-09-17,581889,31,1185,223,no,not-corrected
10925942_0924_p924,10925942,924,Trésor des Amadis T. 1,BM Lyon (numelyo),IN_PROGRESS,2026-09-17,581889,29,1014,186,no,not-corrected
10925942_0925_p925,10925942,925,Trésor des Amadis T. 1,BM Lyon (numelyo),IN_PROGRESS,2026-09-17,581889,31,1175,223,no,not-corrected
10925942_0926_p926,10925942,926,Trésor des Amadis T. 1,BM Lyon (numelyo),IN_PROGRESS,2026-09-17,581889,31,1119,210,no,not-corrected
10925942_0927_p927,10925942,927,Trésor des Amadis T. 1,BM Lyon (numelyo),IN_PROGRESS,2026-09-17,581889,31,1102,206,no,not-corrected
10925942_0928_p928,10925942,928,Trésor des Amadis T. 1,BM Lyon (numelyo),IN_PROGRESS,2026-09-17,581889,32,1038,204,no,not-corrected
10925942_0929_p929,10925942,929,Trésor des Amadis T. 1,BM Lyon (numelyo),NEW,2025-09-29,,0,0,0,no,not-corrected
10925942_0930_p930,10925942,930,Trésor des Amadis T. 1,BM Lyon (numelyo),NEW,2025-09-29,,0,0,0,no,not-corrected
10925942_0931_p931,10925942,931,Trésor des Amadis T. 1,BM Lyon (numelyo),NEW,2025-09-29,,0,0,0,no,not-corrected
10925942_0932_p932,10925942,932,Trésor des Amadis T. 1,BM Lyon (numelyo),NEW,2025-09-29,,0,0,0,no,not-corrected
10925942_0933_p933,10925942,933,Trésor des Amadis T. 1,BM Lyon (numelyo),NEW,2025-09-29,,0,0,0,no,not-corrected
10925942_0934_p934,10925942,934,Trésor des Amadis T. 1,BM Lyon (numelyo),NEW,2025-09-29,,0,0,0,no,not-corrected
10926025_0001_p001,10926025,1,Trésor des Amadis T. 2,BM Lyon (numelyo),NEW,2025-09-29,,0,0,0,no,not-corrected
10926025_0002_p002,10926025,2,Trésor des Amadis T. 2,BM Lyon (numelyo),NEW,2025-09-29,,0,0,0,no,not-corrected
10926025_0003_p003,10926025,3,Trésor des Amadis T. 2,BM Lyon (numelyo),NEW,2025-09-29,,0,0,0,no,not-corrected
10926025_0004_p004,10926025,4,Trésor des Amadis T. 2,BM Lyon (numelyo),NEW,2025-09-29,,0,0,0,no,not-corrected
10926025_0005_p005,10926025,5,Trésor des Amadis T. 2,BM Lyon (numelyo),NEW,2025-09-29,,0,0,0,no,not-corrected
10926025_0006_p006,10926025,6,Trésor des Amadis T. 2,BM Lyon (numelyo),NEW,2025-09-29,,0,0,0,no,not-corrected
10926025_0007_p007,10926025,7,Trésor des Amadis T. 2,BM Lyon (numelyo),NEW,2025-09-29,,0,0,0,no,not-corrected
10926025_0008_p008,10926025,8,Trésor des Amadis T. 2,BM Lyon (numelyo),NEW,2025-09-29,,0,0,0,no,not-corrected
10926025_0009_p009,10926025,9,Trésor des Amadis T. 2,BM Lyon (numelyo),NEW,2025-09-29,,0,0,0,no,not-corrected
10926025_0010_p010,10926025,10,Trésor des Amadis T. 2,BM Lyon (numelyo),NEW,2025-09-29,,0,0,0,no,not-corrected
10926025_0011_p011,10926025,11,Trésor des Amadis T. 2,BM Lyon (numelyo),NEW,2025-09-29,,0,0,0,no,not-corrected
10926025_0012_p012,10926025,12,Trésor des Amadis T. 2,BM Lyon (numelyo),NEW,2025-09-29,,0,0,0,no,not-corrected
10926025_0013_p013,10926025,13,Trésor des Amadis T. 2,BM Lyon (numelyo),NEW,2025-09-29,,0,0,0,no,not-corrected
10926025_0014_p014,10926025,14,Trésor des Amadis T. 2,BM Lyon (numelyo),NEW,2025-09-29,,0,0,0,no,not-corrected
10926025_0015_p015,10926025,15,Trésor des Amadis T. 2,BM Lyon (numelyo),NEW,2025-09-29,,0,0,0,no,not-corrected
10926025_0016_p016,10926025,16,Trésor des Amadis T. 2,BM Lyon (numelyo),NEW,2025-09-29,,0,0,0,no,not-corrected
10926025_0017_p017,10926025,17,Trésor des Amadis T. 2,BM Lyon (numelyo),NEW,2025-09-29,,0,0,0,no,not-corrected
10926025_0018_p018,10926025,18,Trésor des Amadis T. 2,BM Lyon (numelyo),NEW,2025-09-29,,0,0,0,no,not-corrected
10926025_0019_p019,10926025,19,Trésor des Amadis T. 2,BM Lyon (numelyo),NEW,2025-09-29,,0,0,0,no,not-corrected
10926025_0020_p020,10926025,20,Trésor des Amadis T. 2,BM Lyon (numelyo),NEW,2025-09-29,,0,0,0,no,not-corrected
10926025_0021_p021,10926025,21,Trésor des Amadis T. 2,BM Lyon (numelyo),NEW,2025-09-29,,0,0,0,no,not-corrected
10926025_0022_p022,10926025,22,Trésor des Amadis T. 2,BM Lyon (numelyo),NEW,2025-09-29,,0,0,0,no,not-corrected
10926025_0023_p023,10926025,23,Trésor des Amadis T. 2,BM Lyon (numelyo),NEW,2025-09-29,,0,0,0,no,not-corrected
10926025_0024_p024,10926025,24,Trésor des Amadis T. 2,BM Lyon (numelyo),NEW,2025-09-29,,0,0,0,no,not-corrected
10926025_0025_p025,10926025,25,Trésor des Amadis T. 2,BM Lyon (numelyo),NEW,2025-09-29,,0,0,0,no,not-corrected
10926025_0026_p026,10926025,26,Trésor des Amadis T. 2,BM Lyon (numelyo),NEW,2025-09-29,,0,0,0,no,not-corrected
10926025_0027_p027,10926025,27,Trésor des Amadis T. 2,BM Lyon (numelyo),NEW,2025-09-29,,0,0,0,no,not-corrected
10926025_0028_p028,10926025,28,Trésor des Amadis T. 2,BM Lyon (numelyo),NEW,2025-09-29,,0,0,0,no,not-corrected
10926025_0029_p029,10926025,29,Trésor des Amadis T. 2,BM Lyon (numelyo),NEW,2025-09-29,,0,0,0,no,not-corrected
10926025_0030_p030,10926025,30,Trésor des Amadis T. 2,BM Lyon (numelyo),NEW,2025-09-29,,0,0,0,no,not-corrected
10926025_0031_p031,10926025,31,Trésor des Amadis T. 2,BM Lyon (numelyo),NEW,2025-09-29,,0,0,0,no,not-corrected
10926025_0032_p032,10926025,32,Trésor des Amadis T. 2,BM Lyon (numelyo),NEW,2025-09-29,,0,0,0,no,not-corrected
10926025_0033_p033,10926025,33,Trésor des Amadis T. 2,BM Lyon (numelyo),NEW,2025-09-29,,0,0,0,no,not-corrected
10926025_0034_p034,10926025,34,Trésor des Amadis T. 2,BM Lyon (numelyo),NEW,2025-09-29,,0,0,0,no,not-corrected
10926025_0035_p035,10926025,35,Trésor des Amadis T. 2,BM Lyon (numelyo),NEW,2025-09-29,,0,0,0,no,not-corrected
10926025_0036_p036,10926025,36,Trésor des Amadis T. 2,BM Lyon (numelyo),NEW,2025-09-29,,0,0,0,no,not-corrected
10926025_0037_p037,10926025,37,Trésor des Amadis T. 2,BM Lyon (numelyo),NEW,2025-09-29,,0,0,0,no,not-corrected
10926025_0038_p038,10926025,38,Trésor des Amadis T. 2,BM Lyon (numelyo),NEW,2025-09-29,,0,0,0,no,not-corrected
10926025_0039_p039,10926025,39,Trésor des Amadis T. 2,BM Lyon (numelyo),NEW,2025-09-29,,0,0,0,no,not-corrected
10926025_0040_p040,10926025,40,Trésor des Amadis T. 2,BM Lyon (numelyo),NEW,2025-09-29,,0,0,0,no,not-corrected
10926025_0041_p041,10926025,41,Trésor des Amadis T. 2,BM Lyon (numelyo),NEW,2025-09-29,,0,0,0,no,not-corrected
10926025_0042_p042,10926025,42,Trésor des Amadis T. 2,BM Lyon (numelyo),NEW,2025-09-29,,0,0,0,no,not-corrected
10926025_0043_p043,10926025,43,Trésor des Amadis T. 2,BM Lyon (numelyo),NEW,2025-09-29,,0,0,0,no,not-corrected
10926025_0044_p044,10926025,44,Trésor des Amadis T. 2,BM Lyon (numelyo),NEW,2025-09-29,,0,0,0,no,not-corrected
10926025_0045_p045,10926025,45,Trésor des Amadis T. 2,BM Lyon (numelyo),NEW,2025-09-29,,0,0,0,no,not-corrected
10926025_0046_p046,10926025,46,Trésor des Amadis T. 2,BM Lyon (numelyo),NEW,2025-09-29,,0,0,0,no,not-corrected
10926025_0047_p047,10926025,47,Trésor des Amadis T. 2,BM Lyon (numelyo),NEW,2025-09-29,,0,0,0,no,not-corrected
10926025_0048_p048,10926025,48,Trésor des Amadis T. 2,BM Lyon (numelyo),NEW,2025-09-29,,0,0,0,no,not-corrected
10926025_0049_p049,10926025,49,Trésor des Amadis T. 2,BM Lyon (numelyo),NEW,2025-09-29,,0,0,0,no,not-corrected
10926025_0050_p050,10926025,50,Trésor des Amadis T. 2,BM Lyon (numelyo),NEW,2025-09-29,,0,0,0,no,not-corrected
10926025_0051_p051,10926025,51,Trésor des Amadis T. 2,BM Lyon (numelyo),NEW,2025-09-29,,0,0,0,no,not-corrected
10926025_0052_p052,10926025,52,Trésor des Amadis T. 2,BM Lyon (numelyo),NEW,2025-09-29,,0,0,0,no,not-corrected
10926025_0053_p053,10926025,53,Trésor des Amadis T. 2,BM Lyon (numelyo),NEW,2025-09-29,,0,0,0,no,not-corrected
10926025_0054_p054,10926025,54,Trésor des Amadis T. 2,BM Lyon (numelyo),NEW,2025-09-29,,0,0,0,no,not-corrected
10926025_0055_p055,10926025,55,Trésor des Amadis T. 2,BM Lyon (numelyo),NEW,2025-09-29,,0,0,0,no,not-corrected
10926025_0056_p056,10926025,56,Trésor des Amadis T. 2,BM Lyon (numelyo),NEW,2025-09-29,,0,0,0,no,not-corrected
10926025_0057_p057,10926025,57,Trésor des Amadis T. 2,BM Lyon (numelyo),NEW,2025-09-29,,0,0,0,no,not-corrected
10926025_0058_p058,10926025,58,Trésor des Amadis T. 2,BM Lyon (numelyo),NEW,2025-09-29,,0,0,0,no,not-corrected
10926025_0059_p059,10926025,59,Trésor des Amadis T. 2,BM Lyon (numelyo),NEW,2025-09-29,,0,0,0,no,not-corrected
10926025_0060_p060,10926025,60,Trésor des Amadis T. 2,BM Lyon (numelyo),NEW,2025-09-29,,0,0,0,no,not-corrected
10926025_0061_p061,10926025,61,Trésor des Amadis T. 2,BM Lyon (numelyo),NEW,2025-09-29,,0,0,0,no,not-corrected
10926025_0062_p062,10926025,62,Trésor des Amadis T. 2,BM Lyon (numelyo),NEW,2025-09-29,,0,0,0,no,not-corrected
10926025_0063_p063,10926025,63,Trésor des Amadis T. 2,BM Lyon (numelyo),NEW,2025-09-29,,0,0,0,no,not-corrected
10926025_0064_p064,10926025,64,Trésor des Amadis T. 2,BM Lyon (numelyo),NEW,2025-09-29,,0,0,0,no,not-corrected
10926025_0065_p065,10926025,65,Trésor des Amadis T. 2,BM Lyon (numelyo),NEW,2025-09-29,,0,0,0,no,not-corrected
10926025_0066_p066,10926025,66,Trésor des Amadis T. 2,BM Lyon (numelyo),NEW,2025-09-29,,0,0,0,no,not-corrected
10926025_0067_p067,10926025,67,Trésor des Amadis T. 2,BM Lyon (numelyo),NEW,2025-09-29,,0,0,0,no,not-corrected
10926025_0068_p068,10926025,68,Trésor des Amadis T. 2,BM Lyon (numelyo),NEW,2025-09-29,,0,0,0,no,not-corrected
10926025_0069_p069,10926025,69,Trésor des Amadis T. 2,BM Lyon (numelyo),NEW,2025-09-29,,0,0,0,no,not-corrected
10926025_0070_p070,10926025,70,Trésor des Amadis T. 2,BM Lyon (numelyo),NEW,2025-09-29,,0,0,0,no,not-corrected
10926025_0071_p071,10926025,71,Trésor des Amadis T. 2,BM Lyon (numelyo),NEW,2025-09-29,,0,0,0,no,not-corrected
10926025_0072_p072,10926025,72,Trésor des Amadis T. 2,BM Lyon (numelyo),NEW,2025-09-29,,0,0,0,no,not-corrected
10926025_0073_p073,10926025,73,Trésor des Amadis T. 2,BM Lyon (numelyo),NEW,2025-09-29,,0,0,0,no,not-corrected
10926025_0074_p074,10926025,74,Trésor des Amadis T. 2,BM Lyon (numelyo),NEW,2025-09-29,,0,0,0,no,not-corrected
10926025_0075_p075,10926025,75,Trésor des Amadis T. 2,BM Lyon (numelyo),NEW,2025-09-29,,0,0,0,no,not-corrected
10926025_0076_p076,10926025,76,Trésor des Amadis T. 2,BM Lyon (numelyo),NEW,2025-09-29,,0,0,0,no,not-corrected
10926025_0077_p077,10926025,77,Trésor des Amadis T. 2,BM Lyon (numelyo),NEW,2025-09-29,,0,0,0,no,not-corrected
10926025_0078_p078,10926025,78,Trésor des Amadis T. 2,BM Lyon (numelyo),NEW,2025-09-29,,0,0,0,no,not-corrected
10926025_0079_p079,10926025,79,Trésor des Amadis T. 2,BM Lyon (numelyo),NEW,2025-09-29,,0,0,0,no,not-corrected
10926025_0080_p080,10926025,80,Trésor des Amadis T. 2,BM Lyon (numelyo),NEW,2025-09-29,,0,0,0,no,not-corrected
10926025_0081_p081,10926025,81,Trésor des Amadis T. 2,BM Lyon (numelyo),NEW,2025-09-29,,0,0,0,no,not-corrected
10926025_0082_p082,10926025,82,Trésor des Amadis T. 2,BM Lyon (numelyo),NEW,2025-09-29,,0,0,0,no,not-corrected
10926025_0083_p083,10926025,83,Trésor des Amadis T. 2,BM Lyon (numelyo),NEW,2025-09-29,,0,0,0,no,not-corrected
10926025_0084_p084,10926025,84,Trésor des Amadis T. 2,BM Lyon (numelyo),NEW,2025-09-29,,0,0,0,no,not-corrected
10926025_0085_p085,10926025,85,Trésor des Amadis T. 2,BM Lyon (numelyo),NEW,2025-09-29,,0,0,0,no,not-corrected
10926025_0086_p086,10926025,86,Trésor des Amadis T. 2,BM Lyon (numelyo),NEW,2025-09-29,,0,0,0,no,not-corrected
10926025_0087_p087,10926025,87,Trésor des Amadis T. 2,BM Lyon (numelyo),NEW,2025-09-29,,0,0,0,no,not-corrected
10926025_0088_p088,10926025,88,Trésor des Amadis T. 2,BM Lyon (numelyo),NEW,2025-09-29,,0,0,0,no,not-corrected
10926025_0089_p089,10926025,89,Trésor des Amadis T. 2,BM Lyon (numelyo),NEW,2025-09-29,,0,0,0,no,not-corrected
10926025_0090_p090,10926025,90,Trésor des Amadis T. 2,BM Lyon (numelyo),NEW,2025-09-29,,0,0,0,no,not-corrected
10926025_0091_p091,10926025,91,Trésor des Amadis T. 2,BM Lyon (numelyo),NEW,2025-09-29,,0,0,0,no,not-corrected
10926025_0092_p092,10926025,92,Trésor des Amadis T. 2,BM Lyon (numelyo),NEW,2025-09-29,,0,0,0,no,not-corrected
10926025_0093_p093,10926025,93,Trésor des Amadis T. 2,BM Lyon (numelyo),NEW,2025-09-29,,0,0,0,no,not-corrected
10926025_0094_p094,10926025,94,Trésor des Amadis T. 2,BM Lyon (numelyo),NEW,2025-09-29,,0,0,0,no,not-corrected
10926025_0095_p095,10926025,95,Trésor des Amadis T. 2,BM Lyon (numelyo),NEW,2025-09-29,,0,0,0,no,not-corrected
10926025_0096_p096,10926025,96,Trésor des Amadis T. 2,BM Lyon (numelyo),NEW,2025-09-29,,0,0,0,no,not-corrected
10926025_0097_p097,10926025,97,Trésor des Amadis T. 2,BM Lyon (numelyo),NEW,2025-09-29,,0,0,0,no,not-corrected
10926025_0098_p098,10926025,98,Trésor des Amadis T. 2,BM Lyon (numelyo),NEW,2025-09-29,,0,0,0,no,not-corrected
10926025_0099_p099,10926025,99,Trésor des Amadis T. 2,BM Lyon (numelyo),NEW,2025-09-29,,0,0,0,no,not-corrected
10926025_0100_p100,10926025,100,Trésor des Amadis T. 2,BM Lyon (numelyo),NEW,2025-09-29,,0,0,0,no,not-corrected
10926025_0101_p101,10926025,101,Trésor des Amadis T. 2,BM Lyon (numelyo),NEW,2025-09-29,,0,0,0,no,not-corrected
10926025_0102_p102,10926025,102,Trésor des Amadis T. 2,BM Lyon (numelyo),NEW,2025-09-29,,0,0,0,no,not-corrected
10926025_0103_p103,10926025,103,Trésor des Amadis T. 2,BM Lyon (numelyo),NEW,2025-09-29,,0,0,0,no,not-corrected
10926025_0104_p104,10926025,104,Trésor des Amadis T. 2,BM Lyon (numelyo),NEW,2025-09-29,,0,0,0,no,not-corrected
10926025_0105_p105,10926025,105,Trésor des Amadis T. 2,BM Lyon (numelyo),NEW,2025-09-29,,0,0,0,no,not-corrected
10926025_0106_p106,10926025,106,Trésor des Amadis T. 2,BM Lyon (numelyo),NEW,2025-09-29,,0,0,0,no,not-corrected
10926025_0107_p107,10926025,107,Trésor des Amadis T. 2,BM Lyon (numelyo),NEW,2025-09-29,,0,0,0,no,not-corrected
10926025_0108_p108,10926025,108,Trésor des Amadis T. 2,BM Lyon (numelyo),NEW,2025-09-29,,0,0,0,no,not-corrected
10926025_0109_p109,10926025,109,Trésor des Amadis T. 2,BM Lyon (numelyo),NEW,2025-09-29,,0,0,0,no,not-corrected
10926025_0110_p110,10926025,110,Trésor des Amadis T. 2,BM Lyon (numelyo),NEW,2025-09-29,,0,0,0,no,not-corrected
10926025_0111_p111,10926025,111,Trésor des Amadis T. 2,BM Lyon (numelyo),NEW,2025-09-29,,0,0,0,no,not-corrected
10926025_0112_p112,10926025,112,Trésor des Amadis T. 2,BM Lyon (numelyo),NEW,2025-09-29,,0,0,0,no,not-corrected
10926025_0113_p113,10926025,113,Trésor des Amadis T. 2,BM Lyon (numelyo),NEW,2025-09-29,,0,0,0,no,not-corrected
10926025_0114_p114,10926025,114,Trésor des Amadis T. 2,BM Lyon (numelyo),NEW,2025-09-29,,0,0,0,no,not-corrected
10926025_0115_p115,10926025,115,Trésor des Amadis T. 2,BM Lyon (numelyo),NEW,2025-09-29,,0,0,0,no,not-corrected
10926025_0116_p116,10926025,116,Trésor des Amadis T. 2,BM Lyon (numelyo),NEW,2025-09-29,,0,0,0,no,not-corrected
10926025_0117_p117,10926025,117,Trésor des Amadis T. 2,BM Lyon (numelyo),NEW,2025-09-29,,0,0,0,no,not-corrected
10926025_0118_p118,10926025,118,Trésor des Amadis T. 2,BM Lyon (numelyo),NEW,2025-09-29,,0,0,0,no,not-corrected
10926025_0119_p119,10926025,119,Trésor des Amadis T. 2,BM Lyon (numelyo),NEW,2025-09-29,,0,0,0,no,not-corrected
10926025_0120_p120,10926025,120,Trésor des Amadis T. 2,BM Lyon (numelyo),NEW,2025-09-29,,0,0,0,no,not-corrected
10926025_0121_p121,10926025,121,Trésor des Amadis T. 2,BM Lyon (numelyo),NEW,2025-09-29,,0,0,0,no,not-corrected
10926025_0122_p122,10926025,122,Trésor des Amadis T. 2,BM Lyon (numelyo),NEW,2025-09-29,,0,0,0,no,not-corrected
10926025_0123_p123,10926025,123,Trésor des Amadis T. 2,BM Lyon (numelyo),NEW,2025-09-29,,0,0,0,no,not-corrected
10926025_0124_p124,10926025,124,Trésor des Amadis T. 2,BM Lyon (numelyo),NEW,2025-09-29,,0,0,0,no,not-corrected
10926025_0125_p125,10926025,125,Trésor des Amadis T. 2,BM Lyon (numelyo),NEW,2025-09-29,,0,0,0,no,not-corrected
10926025_0126_p126,10926025,126,Trésor des Amadis T. 2,BM Lyon (numelyo),NEW,2025-09-29,,0,0,0,no,not-corrected
10926025_0127_p127,10926025,127,Trésor des Amadis T. 2,BM Lyon (numelyo),NEW,2025-09-29,,0,0,0,no,not-corrected
10926025_0128_p128,10926025,128,Trésor des Amadis T. 2,BM Lyon (numelyo),NEW,2025-09-29,,0,0,0,no,not-corrected
10926025_0129_p129,10926025,129,Trésor des Amadis T. 2,BM Lyon (numelyo),NEW,2025-09-29,,0,0,0,no,not-corrected
10926025_0130_p130,10926025,130,Trésor des Amadis T. 2,BM Lyon (numelyo),NEW,2025-09-29,,0,0,0,no,not-corrected
10926025_0131_p131,10926025,131,Trésor des Amadis T. 2,BM Lyon (numelyo),NEW,2025-09-29,,0,0,0,no,not-corrected
10926025_0132_p132,10926025,132,Trésor des Amadis T. 2,BM Lyon (numelyo),NEW,2025-09-29,,0,0,0,no,not-corrected
10926025_0133_p133,10926025,133,Trésor des Amadis T. 2,BM Lyon (numelyo),NEW,2025-09-29,,0,0,0,no,not-corrected
10926025_0134_p134,10926025,134,Trésor des Amadis T. 2,BM Lyon (numelyo),NEW,2025-09-29,,0,0,0,no,not-corrected
10926025_0135_p135,10926025,135,Trésor des Amadis T. 2,BM Lyon (numelyo),NEW,2025-09-29,,0,0,0,no,not-corrected
10926025_0136_p136,10926025,136,Trésor des Amadis T. 2,BM Lyon (numelyo),NEW,2025-09-29,,0,0,0,no,not-corrected
10926025_0137_p137,10926025,137,Trésor des Amadis T. 2,BM Lyon (numelyo),NEW,2025-09-29,,0,0,0,no,not-corrected
10926025_0138_p138,10926025,138,Trésor des Amadis T. 2,BM Lyon (numelyo),NEW,2025-09-29,,0,0,0,no,not-corrected
10926025_0139_p139,10926025,139,Trésor des Amadis T. 2,BM Lyon (numelyo),NEW,2025-09-29,,0,0,0,no,not-corrected
10926025_0140_p140,10926025,140,Trésor des Amadis T. 2,BM Lyon (numelyo),NEW,2025-09-29,,0,0,0,no,not-corrected
10926025_0141_p141,10926025,141,Trésor des Amadis T. 2,BM Lyon (numelyo),NEW,2025-09-29,,0,0,0,no,not-corrected
10926025_0142_p142,10926025,142,Trésor des Amadis T. 2,BM Lyon (numelyo),NEW,2025-09-29,,0,0,0,no,not-corrected
10926025_0143_p143,10926025,143,Trésor des Amadis T. 2,BM Lyon (numelyo),NEW,2025-09-29,,0,0,0,no,not-corrected
10926025_0144_p144,10926025,144,Trésor des Amadis T. 2,BM Lyon (numelyo),NEW,2025-09-29,,0,0,0,no,not-corrected
10926025_0145_p145,10926025,145,Trésor des Amadis T. 2,BM Lyon (numelyo),NEW,2025-09-29,,0,0,0,no,not-corrected
10926025_0146_p146,10926025,146,Trésor des Amadis T. 2,BM Lyon (numelyo),NEW,2025-09-29,,0,0,0,no,not-corrected
10926025_0147_p147,10926025,147,Trésor des Amadis T. 2,BM Lyon (numelyo),NEW,2025-09-29,,0,0,0,no,not-corrected
10926025_0148_p148,10926025,148,Trésor des Amadis T. 2,BM Lyon (numelyo),NEW,2025-09-29,,0,0,0,no,not-corrected
10926025_0149_p149,10926025,149,Trésor des Amadis T. 2,BM Lyon (numelyo),NEW,2025-09-29,,0,0,0,no,not-corrected
10926025_0150_p150,10926025,150,Trésor des Amadis T. 2,BM Lyon (numelyo),NEW,2025-09-29,,0,0,0,no,not-corrected
10926025_0151_p151,10926025,151,Trésor des Amadis T. 2,BM Lyon (numelyo),NEW,2025-09-29,,0,0,0,no,not-corrected
10926025_0152_p152,10926025,152,Trésor des Amadis T. 2,BM Lyon (numelyo),NEW,2025-09-29,,0,0,0,no,not-corrected
10926025_0153_p153,10926025,153,Trésor des Amadis T. 2,BM Lyon (numelyo),NEW,2025-09-29,,0,0,0,no,not-corrected
10926025_0154_p154,10926025,154,Trésor des Amadis T. 2,BM Lyon (numelyo),NEW,2025-09-29,,0,0,0,no,not-corrected
10926025_0155_p155,10926025,155,Trésor des Amadis T. 2,BM Lyon (numelyo),NEW,2025-09-29,,0,0,0,no,not-corrected
10926025_0156_p156,10926025,156,Trésor des Amadis T. 2,BM Lyon (numelyo),NEW,2025-09-29,,0,0,0,no,not-corrected
10926025_0157_p157,10926025,157,Trésor des Amadis T. 2,BM Lyon (numelyo),NEW,2025-09-29,,0,0,0,no,not-corrected
10926025_0158_p158,10926025,158,Trésor des Amadis T. 2,BM Lyon (numelyo),NEW,2025-09-29,,0,0,0,no,not-corrected
10926025_0159_p159,10926025,159,Trésor des Amadis T. 2,BM Lyon (numelyo),NEW,2025-09-29,,0,0,0,no,not-corrected
10926025_0160_p160,10926025,160,Trésor des Amadis T. 2,BM Lyon (numelyo),NEW,2025-09-29,,0,0,0,no,not-corrected
10926025_0161_p161,10926025,161,Trésor des Amadis T. 2,BM Lyon (numelyo),NEW,2025-09-29,,0,0,0,no,not-corrected
10926025_0162_p162,10926025,162,Trésor des Amadis T. 2,BM Lyon (numelyo),NEW,2025-09-29,,0,0,0,no,not-corrected
10926025_0163_p163,10926025,163,Trésor des Amadis T. 2,BM Lyon (numelyo),NEW,2025-09-29,,0,0,0,no,not-corrected
10926025_0164_p164,10926025,164,Trésor des Amadis T. 2,BM Lyon (numelyo),NEW,2025-09-29,,0,0,0,no,not-corrected
10926025_0165_p165,10926025,165,Trésor des Amadis T. 2,BM Lyon (numelyo),NEW,2025-09-29,,0,0,0,no,not-corrected
10926025_0166_p166,10926025,166,Trésor des Amadis T. 2,BM Lyon (numelyo),NEW,2025-09-29,,0,0,0,no,not-corrected
10926025_0167_p167,10926025,167,Trésor des Amadis T. 2,BM Lyon (numelyo),NEW,2025-09-29,,0,0,0,no,not-corrected
10926025_0168_p168,10926025,168,Trésor des Amadis T. 2,BM Lyon (numelyo),NEW,2025-09-29,,0,0,0,no,not-corrected
10926025_0169_p169,10926025,169,Trésor des Amadis T. 2,BM Lyon (numelyo),NEW,2025-09-29,,0,0,0,no,not-corrected
10926025_0170_p170,10926025,170,Trésor des Amadis T. 2,BM Lyon (numelyo),NEW,2025-09-29,,0,0,0,no,not-corrected
10926025_0171_p171,10926025,171,Trésor des Amadis T. 2,BM Lyon (numelyo),NEW,2025-09-29,,0,0,0,no,not-corrected
10926025_0172_p172,10926025,172,Trésor des Amadis T. 2,BM Lyon (numelyo),NEW,2025-09-29,,0,0,0,no,not-corrected
10926025_0173_p173,10926025,173,Trésor des Amadis T. 2,BM Lyon (numelyo),NEW,2025-09-29,,0,0,0,no,not-corrected
10926025_0174_p174,10926025,174,Trésor des Amadis T. 2,BM Lyon (numelyo),NEW,2025-09-29,,0,0,0,no,not-corrected
10926025_0175_p175,10926025,175,Trésor des Amadis T. 2,BM Lyon (numelyo),NEW,2025-09-29,,0,0,0,no,not-corrected
10926025_0176_p176,10926025,176,Trésor des Amadis T. 2,BM Lyon (numelyo),NEW,2025-09-29,,0,0,0,no,not-corrected
10926025_0177_p177,10926025,177,Trésor des Amadis T. 2,BM Lyon (numelyo),NEW,2025-09-29,,0,0,0,no,not-corrected
10926025_0178_p178,10926025,178,Trésor des Amadis T. 2,BM Lyon (numelyo),NEW,2025-09-29,,0,0,0,no,not-corrected
10926025_0179_p179,10926025,179,Trésor des Amadis T. 2,BM Lyon (numelyo),NEW,2025-09-29,,0,0,0,no,not-corrected
10926025_0180_p180,10926025,180,Trésor des Amadis T. 2,BM Lyon (numelyo),NEW,2025-09-29,,0,0,0,no,not-corrected
10926025_0181_p181,10926025,181,Trésor des Amadis T. 2,BM Lyon (numelyo),NEW,2025-09-29,,0,0,0,no,not-corrected
10926025_0182_p182,10926025,182,Trésor des Amadis T. 2,BM Lyon (numelyo),NEW,2025-09-29,,0,0,0,no,not-corrected
10926025_0183_p183,10926025,183,Trésor des Amadis T. 2,BM Lyon (numelyo),NEW,2025-09-29,,0,0,0,no,not-corrected
10926025_0184_p184,10926025,184,Trésor des Amadis T. 2,BM Lyon (numelyo),NEW,2025-09-29,,0,0,0,no,not-corrected
10926025_0185_p185,10926025,185,Trésor des Amadis T. 2,BM Lyon (numelyo),NEW,2025-09-29,,0,0,0,no,not-corrected
10926025_0186_p186,10926025,186,Trésor des Amadis T. 2,BM Lyon (numelyo),NEW,2025-09-29,,0,0,0,no,not-corrected
10926025_0187_p187,10926025,187,Trésor des Amadis T. 2,BM Lyon (numelyo),NEW,2025-09-29,,0,0,0,no,not-corrected
10926025_0188_p188,10926025,188,Trésor des Amadis T. 2,BM Lyon (numelyo),NEW,2025-09-29,,0,0,0,no,not-corrected
10926025_0189_p189,10926025,189,Trésor des Amadis T. 2,BM Lyon (numelyo),NEW,2025-09-29,,0,0,0,no,not-corrected
10926025_0190_p190,10926025,190,Trésor des Amadis T. 2,BM Lyon (numelyo),NEW,2025-09-29,,0,0,0,no,not-corrected
10926025_0191_p191,10926025,191,Trésor des Amadis T. 2,BM Lyon (numelyo),NEW,2025-09-29,,0,0,0,no,not-corrected
10926025_0192_p192,10926025,192,Trésor des Amadis T. 2,BM Lyon (numelyo),NEW,2025-09-29,,0,0,0,no,not-corrected
10926025_0193_p193,10926025,193,Trésor des Amadis T. 2,BM Lyon (numelyo),NEW,2025-09-29,,0,0,0,no,not-corrected
10926025_0194_p194,10926025,194,Trésor des Amadis T. 2,BM Lyon (numelyo),NEW,2025-09-29,,0,0,0,no,not-corrected
10926025_0195_p195,10926025,195,Trésor des Amadis T. 2,BM Lyon (numelyo),NEW,2025-09-29,,0,0,0,no,not-corrected
10926025_0196_p196,10926025,196,Trésor des Amadis T. 2,BM Lyon (numelyo),NEW,2025-09-29,,0,0,0,no,not-corrected
10926025_0197_p197,10926025,197,Trésor des Amadis T. 2,BM Lyon (numelyo),NEW,2025-09-29,,0,0,0,no,not-corrected
10926025_0198_p198,10926025,198,Trésor des Amadis T. 2,BM Lyon (numelyo),NEW,2025-09-29,,0,0,0,no,not-corrected
10926025_0199_p199,10926025,199,Trésor des Amadis T. 2,BM Lyon (numelyo),NEW,2025-09-29,,0,0,0,no,not-corrected
10926025_0200_p200,10926025,200,Trésor des Amadis T. 2,BM Lyon (numelyo),NEW,2025-09-29,,0,0,0,no,not-corrected
10926025_0201_p201,10926025,201,Trésor des Amadis T. 2,BM Lyon (numelyo),NEW,2025-09-29,,0,0,0,no,not-corrected
10926025_0202_p202,10926025,202,Trésor des Amadis T. 2,BM Lyon (numelyo),NEW,2025-09-29,,0,0,0,no,not-corrected
10926025_0203_p203,10926025,203,Trésor des Amadis T. 2,BM Lyon (numelyo),NEW,2025-09-29,,0,0,0,no,not-corrected
10926025_0204_p204,10926025,204,Trésor des Amadis T. 2,BM Lyon (numelyo),NEW,2025-09-29,,0,0,0,no,not-corrected
10926025_0205_p205,10926025,205,Trésor des Amadis T. 2,BM Lyon (numelyo),NEW,2025-09-29,,0,0,0,no,not-corrected
10926025_0206_p206,10926025,206,Trésor des Amadis T. 2,BM Lyon (numelyo),NEW,2025-09-29,,0,0,0,no,not-corrected
10926025_0207_p207,10926025,207,Trésor des Amadis T. 2,BM Lyon (numelyo),NEW,2025-09-29,,0,0,0,no,not-corrected
10926025_0208_p208,10926025,208,Trésor des Amadis T. 2,BM Lyon (numelyo),NEW,2025-09-29,,0,0,0,no,not-corrected
10926025_0209_p209,10926025,209,Trésor des Amadis T. 2,BM Lyon (numelyo),NEW,2025-09-29,,0,0,0,no,not-corrected
10926025_0210_p210,10926025,210,Trésor des Amadis T. 2,BM Lyon (numelyo),NEW,2025-09-29,,0,0,0,no,not-corrected
10926025_0211_p211,10926025,211,Trésor des Amadis T. 2,BM Lyon (numelyo),NEW,2025-09-29,,0,0,0,no,not-corrected
10926025_0212_p212,10926025,212,Trésor des Amadis T. 2,BM Lyon (numelyo),NEW,2025-09-29,,0,0,0,no,not-corrected
10926025_0213_p213,10926025,213,Trésor des Amadis T. 2,BM Lyon (numelyo),NEW,2025-09-29,,0,0,0,no,not-corrected
10926025_0214_p214,10926025,214,Trésor des Amadis T. 2,BM Lyon (numelyo),NEW,2025-09-29,,0,0,0,no,not-corrected
10926025_0215_p215,10926025,215,Trésor des Amadis T. 2,BM Lyon (numelyo),NEW,2025-09-29,,0,0,0,no,not-corrected
10926025_0216_p216,10926025,216,Trésor des Amadis T. 2,BM Lyon (numelyo),NEW,2025-09-29,,0,0,0,no,not-corrected
10926025_0217_p217,10926025,217,Trésor des Amadis T. 2,BM Lyon (numelyo),NEW,2025-09-29,,0,0,0,no,not-corrected
10926025_0218_p218,10926025,218,Trésor des Amadis T. 2,BM Lyon (numelyo),NEW,2025-09-29,,0,0,0,no,not-corrected
10926025_0219_p219,10926025,219,Trésor des Amadis T. 2,BM Lyon (numelyo),NEW,2025-09-29,,0,0,0,no,not-corrected
10926025_0220_p220,10926025,220,Trésor des Amadis T. 2,BM Lyon (numelyo),NEW,2025-09-29,,0,0,0,no,not-corrected
10926025_0221_p221,10926025,221,Trésor des Amadis T. 2,BM Lyon (numelyo),NEW,2025-09-29,,0,0,0,no,not-corrected
10926025_0222_p222,10926025,222,Trésor des Amadis T. 2,BM Lyon (numelyo),NEW,2025-09-29,,0,0,0,no,not-corrected
10926025_0223_p223,10926025,223,Trésor des Amadis T. 2,BM Lyon (numelyo),NEW,2025-09-29,,0,0,0,no,not-corrected
10926025_0224_p224,10926025,224,Trésor des Amadis T. 2,BM Lyon (numelyo),NEW,2025-09-29,,0,0,0,no,not-corrected
10926025_0225_p225,10926025,225,Trésor des Amadis T. 2,BM Lyon (numelyo),NEW,2025-09-29,,0,0,0,no,not-corrected
10926025_0226_p226,10926025,226,Trésor des Amadis T. 2,BM Lyon (numelyo),NEW,2025-09-29,,0,0,0,no,not-corrected
10926025_0227_p227,10926025,227,Trésor des Amadis T. 2,BM Lyon (numelyo),NEW,2025-09-29,,0,0,0,no,not-corrected
10926025_0228_p228,10926025,228,Trésor des Amadis T. 2,BM Lyon (numelyo),NEW,2025-09-29,,0,0,0,no,not-corrected
10926025_0229_p229,10926025,229,Trésor des Amadis T. 2,BM Lyon (numelyo),NEW,2025-09-29,,0,0,0,no,not-corrected
10926025_0230_p230,10926025,230,Trésor des Amadis T. 2,BM Lyon (numelyo),NEW,2025-09-29,,0,0,0,no,not-corrected
10926025_0231_p231,10926025,231,Trésor des Amadis T. 2,BM Lyon (numelyo),NEW,2025-09-29,,0,0,0,no,not-corrected
10926025_0232_p232,10926025,232,Trésor des Amadis T. 2,BM Lyon (numelyo),NEW,2025-09-29,,0,0,0,no,not-corrected
10926025_0233_p233,10926025,233,Trésor des Amadis T. 2,BM Lyon (numelyo),NEW,2025-09-29,,0,0,0,no,not-corrected
10926025_0234_p234,10926025,234,Trésor des Amadis T. 2,BM Lyon (numelyo),NEW,2025-09-29,,0,0,0,no,not-corrected
10926025_0235_p235,10926025,235,Trésor des Amadis T. 2,BM Lyon (numelyo),NEW,2025-09-29,,0,0,0,no,not-corrected
10926025_0236_p236,10926025,236,Trésor des Amadis T. 2,BM Lyon (numelyo),NEW,2025-09-29,,0,0,0,no,not-corrected
10926025_0237_p237,10926025,237,Trésor des Amadis T. 2,BM Lyon (numelyo),NEW,2025-09-29,,0,0,0,no,not-corrected
10926025_0238_p238,10926025,238,Trésor des Amadis T. 2,BM Lyon (numelyo),NEW,2025-09-29,,0,0,0,no,not-corrected
10926025_0239_p239,10926025,239,Trésor des Amadis T. 2,BM Lyon (numelyo),NEW,2025-09-29,,0,0,0,no,not-corrected
10926025_0240_p240,10926025,240,Trésor des Amadis T. 2,BM Lyon (numelyo),NEW,2025-09-29,,0,0,0,no,not-corrected
10926025_0241_p241,10926025,241,Trésor des Amadis T. 2,BM Lyon (numelyo),NEW,2025-09-29,,0,0,0,no,not-corrected
10926025_0242_p242,10926025,242,Trésor des Amadis T. 2,BM Lyon (numelyo),NEW,2025-09-29,,0,0,0,no,not-corrected
10926025_0243_p243,10926025,243,Trésor des Amadis T. 2,BM Lyon (numelyo),NEW,2025-09-29,,0,0,0,no,not-corrected
10926025_0244_p244,10926025,244,Trésor des Amadis T. 2,BM Lyon (numelyo),NEW,2025-09-29,,0,0,0,no,not-corrected
10926025_0245_p245,10926025,245,Trésor des Amadis T. 2,BM Lyon (numelyo),NEW,2025-09-29,,0,0,0,no,not-corrected
10926025_0246_p246,10926025,246,Trésor des Amadis T. 2,BM Lyon (numelyo),NEW,2025-09-29,,0,0,0,no,not-corrected
10926025_0247_p247,10926025,247,Trésor des Amadis T. 2,BM Lyon (numelyo),NEW,2025-09-29,,0,0,0,no,not-corrected
10926025_0248_p248,10926025,248,Trésor des Amadis T. 2,BM Lyon (numelyo),NEW,2025-09-29,,0,0,0,no,not-corrected
10926025_0249_p249,10926025,249,Trésor des Amadis T. 2,BM Lyon (numelyo),NEW,2025-09-29,,0,0,0,no,not-corrected
10926025_0250_p250,10926025,250,Trésor des Amadis T. 2,BM Lyon (numelyo),NEW,2025-09-29,,0,0,0,no,not-corrected
10926025_0251_p251,10926025,251,Trésor des Amadis T. 2,BM Lyon (numelyo),NEW,2025-09-29,,0,0,0,no,not-corrected
10926025_0252_p252,10926025,252,Trésor des Amadis T. 2,BM Lyon (numelyo),NEW,2025-09-29,,0,0,0,no,not-corrected
10926025_0253_p253,10926025,253,Trésor des Amadis T. 2,BM Lyon (numelyo),NEW,2025-09-29,,0,0,0,no,not-corrected
10926025_0254_p254,10926025,254,Trésor des Amadis T. 2,BM Lyon (numelyo),NEW,2025-09-29,,0,0,0,no,not-corrected
10926025_0255_p255,10926025,255,Trésor des Amadis T. 2,BM Lyon (numelyo),NEW,2025-09-29,,0,0,0,no,not-corrected
10926025_0256_p256,10926025,256,Trésor des Amadis T. 2,BM Lyon (numelyo),NEW,2025-09-29,,0,0,0,no,not-corrected
10926025_0257_p257,10926025,257,Trésor des Amadis T. 2,BM Lyon (numelyo),NEW,2025-09-29,,0,0,0,no,not-corrected
10926025_0258_p258,10926025,258,Trésor des Amadis T. 2,BM Lyon (numelyo),NEW,2025-09-29,,0,0,0,no,not-corrected
10926025_0259_p259,10926025,259,Trésor des Amadis T. 2,BM Lyon (numelyo),NEW,2025-09-29,,0,0,0,no,not-corrected
10926025_0260_p260,10926025,260,Trésor des Amadis T. 2,BM Lyon (numelyo),NEW,2025-09-29,,0,0,0,no,not-corrected
10926025_0261_p261,10926025,261,Trésor des Amadis T. 2,BM Lyon (numelyo),NEW,2025-09-29,,0,0,0,no,not-corrected
10926025_0262_p262,10926025,262,Trésor des Amadis T. 2,BM Lyon (numelyo),NEW,2025-09-29,,0,0,0,no,not-corrected
10926025_0263_p263,10926025,263,Trésor des Amadis T. 2,BM Lyon (numelyo),NEW,2025-09-29,,0,0,0,no,not-corrected
10926025_0264_p264,10926025,264,Trésor des Amadis T. 2,BM Lyon (numelyo),NEW,2025-09-29,,0,0,0,no,not-corrected
10926025_0265_p265,10926025,265,Trésor des Amadis T. 2,BM Lyon (numelyo),NEW,2025-09-29,,0,0,0,no,not-corrected
10926025_0266_p266,10926025,266,Trésor des Amadis T. 2,BM Lyon (numelyo),NEW,2025-09-29,,0,0,0,no,not-corrected
10926025_0267_p267,10926025,267,Trésor des Amadis T. 2,BM Lyon (numelyo),NEW,2025-09-29,,0,0,0,no,not-corrected
10926025_0268_p268,10926025,268,Trésor des Amadis T. 2,BM Lyon (numelyo),NEW,2025-09-29,,0,0,0,no,not-corrected
10926025_0269_p269,10926025,269,Trésor des Amadis T. 2,BM Lyon (numelyo),NEW,2025-09-29,,0,0,0,no,not-corrected
10926025_0270_p270,10926025,270,Trésor des Amadis T. 2,BM Lyon (numelyo),NEW,2025-09-29,,0,0,0,no,not-corrected
10926025_0271_p271,10926025,271,Trésor des Amadis T. 2,BM Lyon (numelyo),NEW,2025-09-29,,0,0,0,no,not-corrected
10926025_0272_p272,10926025,272,Trésor des Amadis T. 2,BM Lyon (numelyo),NEW,2025-09-29,,0,0,0,no,not-corrected
10926025_0273_p273,10926025,273,Trésor des Amadis T. 2,BM Lyon (numelyo),NEW,2025-09-29,,0,0,0,no,not-corrected
10926025_0274_p274,10926025,274,Trésor des Amadis T. 2,BM Lyon (numelyo),NEW,2025-09-29,,0,0,0,no,not-corrected
10926025_0275_p275,10926025,275,Trésor des Amadis T. 2,BM Lyon (numelyo),NEW,2025-09-29,,0,0,0,no,not-corrected
10926025_0276_p276,10926025,276,Trésor des Amadis T. 2,BM Lyon (numelyo),NEW,2025-09-29,,0,0,0,no,not-corrected
10926025_0277_p277,10926025,277,Trésor des Amadis T. 2,BM Lyon (numelyo),NEW,2025-09-29,,0,0,0,no,not-corrected
10926025_0278_p278,10926025,278,Trésor des Amadis T. 2,BM Lyon (numelyo),NEW,2025-09-29,,0,0,0,no,not-corrected
10926025_0279_p279,10926025,279,Trésor des Amadis T. 2,BM Lyon (numelyo),NEW,2025-09-29,,0,0,0,no,not-corrected
10926025_0280_p280,10926025,280,Trésor des Amadis T. 2,BM Lyon (numelyo),NEW,2025-09-29,,0,0,0,no,not-corrected
10926025_0281_p281,10926025,281,Trésor des Amadis T. 2,BM Lyon (numelyo),NEW,2025-09-29,,0,0,0,no,not-corrected
10926025_0282_p282,10926025,282,Trésor des Amadis T. 2,BM Lyon (numelyo),NEW,2025-09-29,,0,0,0,no,not-corrected
10926025_0283_p283,10926025,283,Trésor des Amadis T. 2,BM Lyon (numelyo),NEW,2025-09-29,,0,0,0,no,not-corrected
10926025_0284_p284,10926025,284,Trésor des Amadis T. 2,BM Lyon (numelyo),NEW,2025-09-29,,0,0,0,no,not-corrected
10926025_0285_p285,10926025,285,Trésor des Amadis T. 2,BM Lyon (numelyo),NEW,2025-09-29,,0,0,0,no,not-corrected
10926025_0286_p286,10926025,286,Trésor des Amadis T. 2,BM Lyon (numelyo),NEW,2025-09-29,,0,0,0,no,not-corrected
10926025_0287_p287,10926025,287,Trésor des Amadis T. 2,BM Lyon (numelyo),NEW,2025-09-29,,0,0,0,no,not-corrected
10926025_0288_p288,10926025,288,Trésor des Amadis T. 2,BM Lyon (numelyo),NEW,2025-09-29,,0,0,0,no,not-corrected
10926025_0289_p289,10926025,289,Trésor des Amadis T. 2,BM Lyon (numelyo),NEW,2025-09-29,,0,0,0,no,not-corrected
10926025_0290_p290,10926025,290,Trésor des Amadis T. 2,BM Lyon (numelyo),NEW,2025-09-29,,0,0,0,no,not-corrected
10926025_0291_p291,10926025,291,Trésor des Amadis T. 2,BM Lyon (numelyo),NEW,2025-09-29,,0,0,0,no,not-corrected
10926025_0292_p292,10926025,292,Trésor des Amadis T. 2,BM Lyon (numelyo),NEW,2025-09-29,,0,0,0,no,not-corrected
10926025_0293_p293,10926025,293,Trésor des Amadis T. 2,BM Lyon (numelyo),NEW,2025-09-29,,0,0,0,no,not-corrected
10926025_0294_p294,10926025,294,Trésor des Amadis T. 2,BM Lyon (numelyo),NEW,2025-09-29,,0,0,0,no,not-corrected
10926025_0295_p295,10926025,295,Trésor des Amadis T. 2,BM Lyon (numelyo),NEW,2025-09-29,,0,0,0,no,not-corrected
10926025_0296_p296,10926025,296,Trésor des Amadis T. 2,BM Lyon (numelyo),NEW,2025-09-29,,0,0,0,no,not-corrected
10926025_0297_p297,10926025,297,Trésor des Amadis T. 2,BM Lyon (numelyo),NEW,2025-09-29,,0,0,0,no,not-corrected
10926025_0298_p298,10926025,298,Trésor des Amadis T. 2,BM Lyon (numelyo),NEW,2025-09-29,,0,0,0,no,not-corrected
10926025_0299_p299,10926025,299,Trésor des Amadis T. 2,BM Lyon (numelyo),NEW,2025-09-29,,0,0,0,no,not-corrected
10926025_0300_p300,10926025,300,Trésor des Amadis T. 2,BM Lyon (numelyo),NEW,2025-09-29,,0,0,0,no,not-corrected
10926025_0301_p301,10926025,301,Trésor des Amadis T. 2,BM Lyon (numelyo),NEW,2025-09-29,,0,0,0,no,not-corrected
10926025_0302_p302,10926025,302,Trésor des Amadis T. 2,BM Lyon (numelyo),NEW,2025-09-29,,0,0,0,no,not-corrected
10926025_0303_p303,10926025,303,Trésor des Amadis T. 2,BM Lyon (numelyo),NEW,2025-09-29,,0,0,0,no,not-corrected
10926025_0304_p304,10926025,304,Trésor des Amadis T. 2,BM Lyon (numelyo),NEW,2025-09-29,,0,0,0,no,not-corrected
10926025_0305_p305,10926025,305,Trésor des Amadis T. 2,BM Lyon (numelyo),NEW,2025-09-29,,0,0,0,no,not-corrected
10926025_0306_p306,10926025,306,Trésor des Amadis T. 2,BM Lyon (numelyo),NEW,2025-09-29,,0,0,0,no,not-corrected
10926025_0307_p307,10926025,307,Trésor des Amadis T. 2,BM Lyon (numelyo),NEW,2025-09-29,,0,0,0,no,not-corrected
10926025_0308_p308,10926025,308,Trésor des Amadis T. 2,BM Lyon (numelyo),NEW,2025-09-29,,0,0,0,no,not-corrected
10926025_0309_p309,10926025,309,Trésor des Amadis T. 2,BM Lyon (numelyo),NEW,2025-09-29,,0,0,0,no,not-corrected
10926025_0310_p310,10926025,310,Trésor des Amadis T. 2,BM Lyon (numelyo),NEW,2025-09-29,,0,0,0,no,not-corrected
10926025_0311_p311,10926025,311,Trésor des Amadis T. 2,BM Lyon (numelyo),NEW,2025-09-29,,0,0,0,no,not-corrected
10926025_0312_p312,10926025,312,Trésor des Amadis T. 2,BM Lyon (numelyo),NEW,2025-09-29,,0,0,0,no,not-corrected
10926025_0313_p313,10926025,313,Trésor des Amadis T. 2,BM Lyon (numelyo),NEW,2025-09-29,,0,0,0,no,not-corrected
10926025_0314_p314,10926025,314,Trésor des Amadis T. 2,BM Lyon (numelyo),NEW,2025-09-29,,0,0,0,no,not-corrected
10926025_0315_p315,10926025,315,Trésor des Amadis T. 2,BM Lyon (numelyo),NEW,2025-09-29,,0,0,0,no,not-corrected
10926025_0316_p316,10926025,316,Trésor des Amadis T. 2,BM Lyon (numelyo),NEW,2025-09-29,,0,0,0,no,not-corrected
10926025_0317_p317,10926025,317,Trésor des Amadis T. 2,BM Lyon (numelyo),NEW,2025-09-29,,0,0,0,no,not-corrected
10926025_0318_p318,10926025,318,Trésor des Amadis T. 2,BM Lyon (numelyo),NEW,2025-09-29,,0,0,0,no,not-corrected
10926025_0319_p319,10926025,319,Trésor des Amadis T. 2,BM Lyon (numelyo),NEW,2025-09-29,,0,0,0,no,not-corrected
10926025_0320_p320,10926025,320,Trésor des Amadis T. 2,BM Lyon (numelyo),NEW,2025-09-29,,0,0,0,no,not-corrected
10926025_0321_p321,10926025,321,Trésor des Amadis T. 2,BM Lyon (numelyo),NEW,2025-09-29,,0,0,0,no,not-corrected
10926025_0322_p322,10926025,322,Trésor des Amadis T. 2,BM Lyon (numelyo),NEW,2025-09-29,,0,0,0,no,not-corrected
10926025_0323_p323,10926025,323,Trésor des Amadis T. 2,BM Lyon (numelyo),NEW,2025-09-29,,0,0,0,no,not-corrected
10926025_0324_p324,10926025,324,Trésor des Amadis T. 2,BM Lyon (numelyo),NEW,2025-09-29,,0,0,0,no,not-corrected
10926025_0325_p325,10926025,325,Trésor des Amadis T. 2,BM Lyon (numelyo),NEW,2025-09-29,,0,0,0,no,not-corrected
10926025_0326_p326,10926025,326,Trésor des Amadis T. 2,BM Lyon (numelyo),NEW,2025-09-29,,0,0,0,no,not-corrected
10926025_0327_p327,10926025,327,Trésor des Amadis T. 2,BM Lyon (numelyo),NEW,2025-09-29,,0,0,0,no,not-corrected
10926025_0328_p328,10926025,328,Trésor des Amadis T. 2,BM Lyon (numelyo),NEW,2025-09-29,,0,0,0,no,not-corrected
10926025_0329_p329,10926025,329,Trésor des Amadis T. 2,BM Lyon (numelyo),NEW,2025-09-29,,0,0,0,no,not-corrected
10926025_0330_p330,10926025,330,Trésor des Amadis T. 2,BM Lyon (numelyo),NEW,2025-09-29,,0,0,0,no,not-corrected
10926025_0331_p331,10926025,331,Trésor des Amadis T. 2,BM Lyon (numelyo),NEW,2025-09-29,,0,0,0,no,not-corrected
10926025_0332_p332,10926025,332,Trésor des Amadis T. 2,BM Lyon (numelyo),NEW,2025-09-29,,0,0,0,no,not-corrected
10926025_0333_p333,10926025,333,Trésor des Amadis T. 2,BM Lyon (numelyo),NEW,2025-09-29,,0,0,0,no,not-corrected
10926025_0334_p334,10926025,334,Trésor des Amadis T. 2,BM Lyon (numelyo),NEW,2025-09-29,,0,0,0,no,not-corrected
10926025_0335_p335,10926025,335,Trésor des Amadis T. 2,BM Lyon (numelyo),NEW,2025-09-29,,0,0,0,no,not-corrected
10926025_0336_p336,10926025,336,Trésor des Amadis T. 2,BM Lyon (numelyo),NEW,2025-09-29,,0,0,0,no,not-corrected
10926025_0337_p337,10926025,337,Trésor des Amadis T. 2,BM Lyon (numelyo),NEW,2025-09-29,,0,0,0,no,not-corrected
10926025_0338_p338,10926025,338,Trésor des Amadis T. 2,BM Lyon (numelyo),NEW,2025-09-29,,0,0,0,no,not-corrected
10926025_0339_p339,10926025,339,Trésor des Amadis T. 2,BM Lyon (numelyo),NEW,2025-09-29,,0,0,0,no,not-corrected
10926025_0340_p340,10926025,340,Trésor des Amadis T. 2,BM Lyon (numelyo),NEW,2025-09-29,,0,0,0,no,not-corrected
10926025_0341_p341,10926025,341,Trésor des Amadis T. 2,BM Lyon (numelyo),NEW,2025-09-29,,0,0,0,no,not-corrected
10926025_0342_p342,10926025,342,Trésor des Amadis T. 2,BM Lyon (numelyo),NEW,2025-09-29,,0,0,0,no,not-corrected
10926025_0343_p343,10926025,343,Trésor des Amadis T. 2,BM Lyon (numelyo),NEW,2025-09-29,,0,0,0,no,not-corrected
10926025_0344_p344,10926025,344,Trésor des Amadis T. 2,BM Lyon (numelyo),NEW,2025-09-29,,0,0,0,no,not-corrected
10926025_0345_p345,10926025,345,Trésor des Amadis T. 2,BM Lyon (numelyo),NEW,2025-09-29,,0,0,0,no,not-corrected
10926025_0346_p346,10926025,346,Trésor des Amadis T. 2,BM Lyon (numelyo),NEW,2025-09-29,,0,0,0,no,not-corrected
10926025_0347_p347,10926025,347,Trésor des Amadis T. 2,BM Lyon (numelyo),NEW,2025-09-29,,0,0,0,no,not-corrected
10926025_0348_p348,10926025,348,Trésor des Amadis T. 2,BM Lyon (numelyo),NEW,2025-09-29,,0,0,0,no,not-corrected
10926025_0349_p349,10926025,349,Trésor des Amadis T. 2,BM Lyon (numelyo),NEW,2025-09-29,,0,0,0,no,not-corrected
10926025_0350_p350,10926025,350,Trésor des Amadis T. 2,BM Lyon (numelyo),NEW,2025-09-29,,0,0,0,no,not-corrected
10926025_0351_p351,10926025,351,Trésor des Amadis T. 2,BM Lyon (numelyo),NEW,2025-09-29,,0,0,0,no,not-corrected
10926025_0352_p352,10926025,352,Trésor des Amadis T. 2,BM Lyon (numelyo),NEW,2025-09-29,,0,0,0,no,not-corrected
10926025_0353_p353,10926025,353,Trésor des Amadis T. 2,BM Lyon (numelyo),NEW,2025-09-29,,0,0,0,no,not-corrected
10926025_0354_p354,10926025,354,Trésor des Amadis T. 2,BM Lyon (numelyo),NEW,2025-09-29,,0,0,0,no,not-corrected
10926025_0355_p355,10926025,355,Trésor des Amadis T. 2,BM Lyon (numelyo),NEW,2025-09-29,,0,0,0,no,not-corrected
10926025_0356_p356,10926025,356,Trésor des Amadis T. 2,BM Lyon (numelyo),NEW,2025-09-29,,0,0,0,no,not-corrected
10926025_0357_p357,10926025,357,Trésor des Amadis T. 2,BM Lyon (numelyo),NEW,2025-09-29,,0,0,0,no,not-corrected
10926025_0358_p358,10926025,358,Trésor des Amadis T. 2,BM Lyon (numelyo),NEW,2025-09-29,,0,0,0,no,not-corrected
10926025_0359_p359,10926025,359,Trésor des Amadis T. 2,BM Lyon (numelyo),NEW,2025-09-29,,0,0,0,no,not-corrected
10926025_0360_p360,10926025,360,Trésor des Amadis T. 2,BM Lyon (numelyo),NEW,2025-09-29,,0,0,0,no,not-corrected
10926025_0361_p361,10926025,361,Trésor des Amadis T. 2,BM Lyon (numelyo),NEW,2025-09-29,,0,0,0,no,not-corrected
10926025_0362_p362,10926025,362,Trésor des Amadis T. 2,BM Lyon (numelyo),NEW,2025-09-29,,0,0,0,no,not-corrected
10926025_0363_p363,10926025,363,Trésor des Amadis T. 2,BM Lyon (numelyo),NEW,2025-09-29,,0,0,0,no,not-corrected
10926025_0364_p364,10926025,364,Trésor des Amadis T. 2,BM Lyon (numelyo),NEW,2025-09-29,,0,0,0,no,not-corrected
10926025_0365_p365,10926025,365,Trésor des Amadis T. 2,BM Lyon (numelyo),NEW,2025-09-29,,0,0,0,no,not-corrected
10926025_0366_p366,10926025,366,Trésor des Amadis T. 2,BM Lyon (numelyo),NEW,2025-09-29,,0,0,0,no,not-corrected
10926025_0367_p367,10926025,367,Trésor des Amadis T. 2,BM Lyon (numelyo),NEW,2025-09-29,,0,0,0,no,not-corrected
10926025_0368_p368,10926025,368,Trésor des Amadis T. 2,BM Lyon (numelyo),NEW,2025-09-29,,0,0,0,no,not-corrected
10926025_0369_p369,10926025,369,Trésor des Amadis T. 2,BM Lyon (numelyo),NEW,2025-09-29,,0,0,0,no,not-corrected
10926025_0370_p370,10926025,370,Trésor des Amadis T. 2,BM Lyon (numelyo),NEW,2025-09-29,,0,0,0,no,not-corrected
10926025_0371_p371,10926025,371,Trésor des Amadis T. 2,BM Lyon (numelyo),NEW,2025-09-29,,0,0,0,no,not-corrected
10926025_0372_p372,10926025,372,Trésor des Amadis T. 2,BM Lyon (numelyo),NEW,2025-09-29,,0,0,0,no,not-corrected
10926025_0373_p373,10926025,373,Trésor des Amadis T. 2,BM Lyon (numelyo),NEW,2025-09-29,,0,0,0,no,not-corrected
10926025_0374_p374,10926025,374,Trésor des Amadis T. 2,BM Lyon (numelyo),NEW,2025-09-29,,0,0,0,no,not-corrected
10926025_0375_p375,10926025,375,Trésor des Amadis T. 2,BM Lyon (numelyo),NEW,2025-09-29,,0,0,0,no,not-corrected
10926025_0376_p376,10926025,376,Trésor des Amadis T. 2,BM Lyon (numelyo),NEW,2025-09-29,,0,0,0,no,not-corrected
10926025_0377_p377,10926025,377,Trésor des Amadis T. 2,BM Lyon (numelyo),NEW,2025-09-29,,0,0,0,no,not-corrected
10926025_0378_p378,10926025,378,Trésor des Amadis T. 2,BM Lyon (numelyo),NEW,2025-09-29,,0,0,0,no,not-corrected
10926025_0379_p379,10926025,379,Trésor des Amadis T. 2,BM Lyon (numelyo),NEW,2025-09-29,,0,0,0,no,not-corrected
10926025_0380_p380,10926025,380,Trésor des Amadis T. 2,BM Lyon (numelyo),NEW,2025-09-29,,0,0,0,no,not-corrected
10926025_0381_p381,10926025,381,Trésor des Amadis T. 2,BM Lyon (numelyo),NEW,2025-09-29,,0,0,0,no,not-corrected
10926025_0382_p382,10926025,382,Trésor des Amadis T. 2,BM Lyon (numelyo),NEW,2025-09-29,,0,0,0,no,not-corrected
10926025_0383_p383,10926025,383,Trésor des Amadis T. 2,BM Lyon (numelyo),NEW,2025-09-29,,0,0,0,no,not-corrected
10926025_0384_p384,10926025,384,Trésor des Amadis T. 2,BM Lyon (numelyo),NEW,2025-09-29,,0,0,0,no,not-corrected
10926025_0385_p385,10926025,385,Trésor des Amadis T. 2,BM Lyon (numelyo),NEW,2025-09-29,,0,0,0,no,not-corrected
10926025_0386_p386,10926025,386,Trésor des Amadis T. 2,BM Lyon (numelyo),NEW,2025-09-29,,0,0,0,no,not-corrected
10926025_0387_p387,10926025,387,Trésor des Amadis T. 2,BM Lyon (numelyo),NEW,2025-09-29,,0,0,0,no,not-corrected
10926025_0388_p388,10926025,388,Trésor des Amadis T. 2,BM Lyon (numelyo),NEW,2025-09-29,,0,0,0,no,not-corrected
10926025_0389_p389,10926025,389,Trésor des Amadis T. 2,BM Lyon (numelyo),NEW,2025-09-29,,0,0,0,no,not-corrected
10926025_0390_p390,10926025,390,Trésor des Amadis T. 2,BM Lyon (numelyo),NEW,2025-09-29,,0,0,0,no,not-corrected
10926025_0391_p391,10926025,391,Trésor des Amadis T. 2,BM Lyon (numelyo),NEW,2025-09-29,,0,0,0,no,not-corrected
10926025_0392_p392,10926025,392,Trésor des Amadis T. 2,BM Lyon (numelyo),NEW,2025-09-29,,0,0,0,no,not-corrected
10926025_0393_p393,10926025,393,Trésor des Amadis T. 2,BM Lyon (numelyo),NEW,2025-09-29,,0,0,0,no,not-corrected
10926025_0394_p394,10926025,394,Trésor des Amadis T. 2,BM Lyon (numelyo),NEW,2025-09-29,,0,0,0,no,not-corrected
10926025_0395_p395,10926025,395,Trésor des Amadis T. 2,BM Lyon (numelyo),NEW,2025-09-29,,0,0,0,no,not-corrected
10926025_0396_p396,10926025,396,Trésor des Amadis T. 2,BM Lyon (numelyo),NEW,2025-09-29,,0,0,0,no,not-corrected
10926025_0397_p397,10926025,397,Trésor des Amadis T. 2,BM Lyon (numelyo),NEW,2025-09-29,,0,0,0,no,not-corrected
10926025_0398_p398,10926025,398,Trésor des Amadis T. 2,BM Lyon (numelyo),NEW,2025-09-29,,0,0,0,no,not-corrected
10926025_0399_p399,10926025,399,Trésor des Amadis T. 2,BM Lyon (numelyo),NEW,2025-09-29,,0,0,0,no,not-corrected
10926025_0400_p400,10926025,400,Trésor des Amadis T. 2,BM Lyon (numelyo),NEW,2025-09-29,,0,0,0,no,not-corrected
10926025_0401_p401,10926025,401,Trésor des Amadis T. 2,BM Lyon (numelyo),NEW,2025-09-29,,0,0,0,no,not-corrected
10926025_0402_p402,10926025,402,Trésor des Amadis T. 2,BM Lyon (numelyo),NEW,2025-09-29,,0,0,0,no,not-corrected
10926025_0403_p403,10926025,403,Trésor des Amadis T. 2,BM Lyon (numelyo),NEW,2025-09-29,,0,0,0,no,not-corrected
10926025_0404_p404,10926025,404,Trésor des Amadis T. 2,BM Lyon (numelyo),NEW,2025-09-29,,0,0,0,no,not-corrected
10926025_0405_p405,10926025,405,Trésor des Amadis T. 2,BM Lyon (numelyo),NEW,2025-09-29,,0,0,0,no,not-corrected
10926025_0406_p406,10926025,406,Trésor des Amadis T. 2,BM Lyon (numelyo),NEW,2025-09-29,,0,0,0,no,not-corrected
10926025_0407_p407,10926025,407,Trésor des Amadis T. 2,BM Lyon (numelyo),NEW,2025-09-29,,0,0,0,no,not-corrected
10926025_0408_p408,10926025,408,Trésor des Amadis T. 2,BM Lyon (numelyo),NEW,2025-09-29,,0,0,0,no,not-corrected
10926025_0409_p409,10926025,409,Trésor des Amadis T. 2,BM Lyon (numelyo),NEW,2025-09-29,,0,0,0,no,not-corrected
10926025_0410_p410,10926025,410,Trésor des Amadis T. 2,BM Lyon (numelyo),NEW,2025-09-29,,0,0,0,no,not-corrected
10926025_0411_p411,10926025,411,Trésor des Amadis T. 2,BM Lyon (numelyo),NEW,2025-09-29,,0,0,0,no,not-corrected
10926025_0412_p412,10926025,412,Trésor des Amadis T. 2,BM Lyon (numelyo),NEW,2025-09-29,,0,0,0,no,not-corrected
10926025_0413_p413,10926025,413,Trésor des Amadis T. 2,BM Lyon (numelyo),NEW,2025-09-29,,0,0,0,no,not-corrected
10926025_0414_p414,10926025,414,Trésor des Amadis T. 2,BM Lyon (numelyo),NEW,2025-09-29,,0,0,0,no,not-corrected
10926025_0415_p415,10926025,415,Trésor des Amadis T. 2,BM Lyon (numelyo),NEW,2025-09-29,,0,0,0,no,not-corrected
10926025_0416_p416,10926025,416,Trésor des Amadis T. 2,BM Lyon (numelyo),NEW,2025-09-29,,0,0,0,no,not-corrected
10926025_0417_p417,10926025,417,Trésor des Amadis T. 2,BM Lyon (numelyo),NEW,2025-09-29,,0,0,0,no,not-corrected
10926025_0418_p418,10926025,418,Trésor des Amadis T. 2,BM Lyon (numelyo),NEW,2025-09-29,,0,0,0,no,not-corrected
10926025_0419_p419,10926025,419,Trésor des Amadis T. 2,BM Lyon (numelyo),NEW,2025-09-29,,0,0,0,no,not-corrected
10926025_0420_p420,10926025,420,Trésor des Amadis T. 2,BM Lyon (numelyo),NEW,2025-09-29,,0,0,0,no,not-corrected
10926025_0421_p421,10926025,421,Trésor des Amadis T. 2,BM Lyon (numelyo),NEW,2025-09-29,,0,0,0,no,not-corrected
10926025_0422_p422,10926025,422,Trésor des Amadis T. 2,BM Lyon (numelyo),NEW,2025-09-29,,0,0,0,no,not-corrected
10926025_0423_p423,10926025,423,Trésor des Amadis T. 2,BM Lyon (numelyo),NEW,2025-09-29,,0,0,0,no,not-corrected
10926025_0424_p424,10926025,424,Trésor des Amadis T. 2,BM Lyon (numelyo),NEW,2025-09-29,,0,0,0,no,not-corrected
10926025_0425_p425,10926025,425,Trésor des Amadis T. 2,BM Lyon (numelyo),NEW,2025-09-29,,0,0,0,no,not-corrected
10926025_0426_p426,10926025,426,Trésor des Amadis T. 2,BM Lyon (numelyo),NEW,2025-09-29,,0,0,0,no,not-corrected
10926025_0427_p427,10926025,427,Trésor des Amadis T. 2,BM Lyon (numelyo),NEW,2025-09-29,,0,0,0,no,not-corrected
10926025_0428_p428,10926025,428,Trésor des Amadis T. 2,BM Lyon (numelyo),NEW,2025-09-29,,0,0,0,no,not-corrected
10926025_0429_p429,10926025,429,Trésor des Amadis T. 2,BM Lyon (numelyo),NEW,2025-09-29,,0,0,0,no,not-corrected
10926025_0430_p430,10926025,430,Trésor des Amadis T. 2,BM Lyon (numelyo),NEW,2025-09-29,,0,0,0,no,not-corrected
10926025_0431_p431,10926025,431,Trésor des Amadis T. 2,BM Lyon (numelyo),NEW,2025-09-29,,0,0,0,no,not-corrected
10926025_0432_p432,10926025,432,Trésor des Amadis T. 2,BM Lyon (numelyo),NEW,2025-09-29,,0,0,0,no,not-corrected
10926025_0433_p433,10926025,433,Trésor des Amadis T. 2,BM Lyon (numelyo),NEW,2025-09-29,,0,0,0,no,not-corrected
10926025_0434_p434,10926025,434,Trésor des Amadis T. 2,BM Lyon (numelyo),NEW,2025-09-29,,0,0,0,no,not-corrected
10926025_0435_p435,10926025,435,Trésor des Amadis T. 2,BM Lyon (numelyo),NEW,2025-09-29,,0,0,0,no,not-corrected
10926025_0436_p436,10926025,436,Trésor des Amadis T. 2,BM Lyon (numelyo),NEW,2025-09-29,,0,0,0,no,not-corrected
10926025_0437_p437,10926025,437,Trésor des Amadis T. 2,BM Lyon (numelyo),NEW,2025-09-29,,0,0,0,no,not-corrected
10926025_0438_p438,10926025,438,Trésor des Amadis T. 2,BM Lyon (numelyo),NEW,2025-09-29,,0,0,0,no,not-corrected
10926025_0439_p439,10926025,439,Trésor des Amadis T. 2,BM Lyon (numelyo),NEW,2025-09-29,,0,0,0,no,not-corrected
10926025_0440_p440,10926025,440,Trésor des Amadis T. 2,BM Lyon (numelyo),NEW,2025-09-29,,0,0,0,no,not-corrected
10926025_0441_p441,10926025,441,Trésor des Amadis T. 2,BM Lyon (numelyo),NEW,2025-09-29,,0,0,0,no,not-corrected
10926025_0442_p442,10926025,442,Trésor des Amadis T. 2,BM Lyon (numelyo),NEW,2025-09-29,,0,0,0,no,not-corrected
10926025_0443_p443,10926025,443,Trésor des Amadis T. 2,BM Lyon (numelyo),NEW,2025-09-29,,0,0,0,no,not-corrected
10926025_0444_p444,10926025,444,Trésor des Amadis T. 2,BM Lyon (numelyo),NEW,2025-09-29,,0,0,0,no,not-corrected
10926025_0445_p445,10926025,445,Trésor des Amadis T. 2,BM Lyon (numelyo),NEW,2025-09-29,,0,0,0,no,not-corrected
10926025_0446_p446,10926025,446,Trésor des Amadis T. 2,BM Lyon (numelyo),NEW,2025-09-29,,0,0,0,no,not-corrected
10926025_0447_p447,10926025,447,Trésor des Amadis T. 2,BM Lyon (numelyo),NEW,2025-09-29,,0,0,0,no,not-corrected
10926025_0448_p448,10926025,448,Trésor des Amadis T. 2,BM Lyon (numelyo),NEW,2025-09-29,,0,0,0,no,not-corrected
10926025_0449_p449,10926025,449,Trésor des Amadis T. 2,BM Lyon (numelyo),NEW,2025-09-29,,0,0,0,no,not-corrected
10926025_0450_p450,10926025,450,Trésor des Amadis T. 2,BM Lyon (numelyo),NEW,2025-09-29,,0,0,0,no,not-corrected
10926025_0451_p451,10926025,451,Trésor des Amadis T. 2,BM Lyon (numelyo),NEW,2025-09-29,,0,0,0,no,not-corrected
10926025_0452_p452,10926025,452,Trésor des Amadis T. 2,BM Lyon (numelyo),NEW,2025-09-29,,0,0,0,no,not-corrected
10926025_0453_p453,10926025,453,Trésor des Amadis T. 2,BM Lyon (numelyo),NEW,2025-09-29,,0,0,0,no,not-corrected
10926025_0454_p454,10926025,454,Trésor des Amadis T. 2,BM Lyon (numelyo),NEW,2025-09-29,,0,0,0,no,not-corrected
10926025_0455_p455,10926025,455,Trésor des Amadis T. 2,BM Lyon (numelyo),NEW,2025-09-29,,0,0,0,no,not-corrected
10926025_0456_p456,10926025,456,Trésor des Amadis T. 2,BM Lyon (numelyo),NEW,2025-09-29,,0,0,0,no,not-corrected
10926025_0457_p457,10926025,457,Trésor des Amadis T. 2,BM Lyon (numelyo),NEW,2025-09-29,,0,0,0,no,not-corrected
10926025_0458_p458,10926025,458,Trésor des Amadis T. 2,BM Lyon (numelyo),NEW,2025-09-29,,0,0,0,no,not-corrected
10926025_0459_p459,10926025,459,Trésor des Amadis T. 2,BM Lyon (numelyo),NEW,2025-09-29,,0,0,0,no,not-corrected
10926025_0460_p460,10926025,460,Trésor des Amadis T. 2,BM Lyon (numelyo),NEW,2025-09-29,,0,0,0,no,not-corrected
10926025_0461_p461,10926025,461,Trésor des Amadis T. 2,BM Lyon (numelyo),NEW,2025-09-29,,0,0,0,no,not-corrected
10926025_0462_p462,10926025,462,Trésor des Amadis T. 2,BM Lyon (numelyo),NEW,2025-09-29,,0,0,0,no,not-corrected
10926025_0463_p463,10926025,463,Trésor des Amadis T. 2,BM Lyon (numelyo),NEW,2025-09-29,,0,0,0,no,not-corrected
10926025_0464_p464,10926025,464,Trésor des Amadis T. 2,BM Lyon (numelyo),NEW,2025-09-29,,0,0,0,no,not-corrected
10926025_0465_p465,10926025,465,Trésor des Amadis T. 2,BM Lyon (numelyo),NEW,2025-09-29,,0,0,0,no,not-corrected
10926025_0466_p466,10926025,466,Trésor des Amadis T. 2,BM Lyon (numelyo),NEW,2025-09-29,,0,0,0,no,not-corrected
10926025_0467_p467,10926025,467,Trésor des Amadis T. 2,BM Lyon (numelyo),NEW,2025-09-29,,0,0,0,no,not-corrected
10926025_0468_p468,10926025,468,Trésor des Amadis T. 2,BM Lyon (numelyo),NEW,2025-09-29,,0,0,0,no,not-corrected
10926025_0469_p469,10926025,469,Trésor des Amadis T. 2,BM Lyon (numelyo),NEW,2025-09-29,,0,0,0,no,not-corrected
10926025_0470_p470,10926025,470,Trésor des Amadis T. 2,BM Lyon (numelyo),NEW,2025-09-29,,0,0,0,no,not-corrected
10926025_0471_p471,10926025,471,Trésor des Amadis T. 2,BM Lyon (numelyo),NEW,2025-09-29,,0,0,0,no,not-corrected
10926025_0472_p472,10926025,472,Trésor des Amadis T. 2,BM Lyon (numelyo),NEW,2025-09-29,,0,0,0,no,not-corrected
10926025_0473_p473,10926025,473,Trésor des Amadis T. 2,BM Lyon (numelyo),NEW,2025-09-29,,0,0,0,no,not-corrected
10926025_0474_p474,10926025,474,Trésor des Amadis T. 2,BM Lyon (numelyo),NEW,2025-09-29,,0,0,0,no,not-corrected
10926025_0475_p475,10926025,475,Trésor des Amadis T. 2,BM Lyon (numelyo),NEW,2025-09-29,,0,0,0,no,not-corrected
10926025_0476_p476,10926025,476,Trésor des Amadis T. 2,BM Lyon (numelyo),NEW,2025-09-29,,0,0,0,no,not-corrected
10926025_0477_p477,10926025,477,Trésor des Amadis T. 2,BM Lyon (numelyo),NEW,2025-09-29,,0,0,0,no,not-corrected
10926025_0478_p478,10926025,478,Trésor des Amadis T. 2,BM Lyon (numelyo),NEW,2025-09-29,,0,0,0,no,not-corrected
10926025_0479_p479,10926025,479,Trésor des Amadis T. 2,BM Lyon (numelyo),NEW,2025-09-29,,0,0,0,no,not-corrected
10926025_0480_p480,10926025,480,Trésor des Amadis T. 2,BM Lyon (numelyo),NEW,2025-09-29,,0,0,0,no,not-corrected
10926025_0481_p481,10926025,481,Trésor des Amadis T. 2,BM Lyon (numelyo),NEW,2025-09-29,,0,0,0,no,not-corrected
10926025_0482_p482,10926025,482,Trésor des Amadis T. 2,BM Lyon (numelyo),NEW,2025-09-29,,0,0,0,no,not-corrected
10926025_0483_p483,10926025,483,Trésor des Amadis T. 2,BM Lyon (numelyo),NEW,2025-09-29,,0,0,0,no,not-corrected
10926025_0484_p484,10926025,484,Trésor des Amadis T. 2,BM Lyon (numelyo),NEW,2025-09-29,,0,0,0,no,not-corrected
10926025_0485_p485,10926025,485,Trésor des Amadis T. 2,BM Lyon (numelyo),NEW,2025-09-29,,0,0,0,no,not-corrected
10926025_0486_p486,10926025,486,Trésor des Amadis T. 2,BM Lyon (numelyo),NEW,2025-09-29,,0,0,0,no,not-corrected
10926025_0487_p487,10926025,487,Trésor des Amadis T. 2,BM Lyon (numelyo),NEW,2025-09-29,,0,0,0,no,not-corrected
10926025_0488_p488,10926025,488,Trésor des Amadis T. 2,BM Lyon (numelyo),NEW,2025-09-29,,0,0,0,no,not-corrected
10926025_0489_p489,10926025,489,Trésor des Amadis T. 2,BM Lyon (numelyo),NEW,2025-09-29,,0,0,0,no,not-corrected
10926025_0490_p490,10926025,490,Trésor des Amadis T. 2,BM Lyon (numelyo),NEW,2025-09-29,,0,0,0,no,not-corrected
10926025_0491_p491,10926025,491,Trésor des Amadis T. 2,BM Lyon (numelyo),NEW,2025-09-29,,0,0,0,no,not-corrected
10926025_0492_p492,10926025,492,Trésor des Amadis T. 2,BM Lyon (numelyo),NEW,2025-09-29,,0,0,0,no,not-corrected
10926025_0493_p493,10926025,493,Trésor des Amadis T. 2,BM Lyon (numelyo),NEW,2025-09-29,,0,0,0,no,not-corrected
10926025_0494_p494,10926025,494,Trésor des Amadis T. 2,BM Lyon (numelyo),NEW,2025-09-29,,0,0,0,no,not-corrected
10926025_0495_p495,10926025,495,Trésor des Amadis T. 2,BM Lyon (numelyo),NEW,2025-09-29,,0,0,0,no,not-corrected
10926025_0496_p496,10926025,496,Trésor des Amadis T. 2,BM Lyon (numelyo),NEW,2025-09-29,,0,0,0,no,not-corrected
10926025_0497_p497,10926025,497,Trésor des Amadis T. 2,BM Lyon (numelyo),NEW,2025-09-29,,0,0,0,no,not-corrected
10926025_0498_p498,10926025,498,Trésor des Amadis T. 2,BM Lyon (numelyo),NEW,2025-09-29,,0,0,0,no,not-corrected
10926025_0499_p499,10926025,499,Trésor des Amadis T. 2,BM Lyon (numelyo),NEW,2025-09-29,,0,0,0,no,not-corrected
10926025_0500_p500,10926025,500,Trésor des Amadis T. 2,BM Lyon (numelyo),NEW,2025-09-29,,0,0,0,no,not-corrected
10926025_0501_p501,10926025,501,Trésor des Amadis T. 2,BM Lyon (numelyo),NEW,2025-09-29,,0,0,0,no,not-corrected
10926025_0502_p502,10926025,502,Trésor des Amadis T. 2,BM Lyon (numelyo),NEW,2025-09-29,,0,0,0,no,not-corrected
10926025_0503_p503,10926025,503,Trésor des Amadis T. 2,BM Lyon (numelyo),NEW,2025-09-29,,0,0,0,no,not-corrected
10926025_0504_p504,10926025,504,Trésor des Amadis T. 2,BM Lyon (numelyo),NEW,2025-09-29,,0,0,0,no,not-corrected
10926025_0505_p505,10926025,505,Trésor des Amadis T. 2,BM Lyon (numelyo),NEW,2025-09-29,,0,0,0,no,not-corrected
10926025_0506_p506,10926025,506,Trésor des Amadis T. 2,BM Lyon (numelyo),NEW,2025-09-29,,0,0,0,no,not-corrected
10926025_0507_p507,10926025,507,Trésor des Amadis T. 2,BM Lyon (numelyo),NEW,2025-09-29,,0,0,0,no,not-corrected
10926025_0508_p508,10926025,508,Trésor des Amadis T. 2,BM Lyon (numelyo),NEW,2025-09-29,,0,0,0,no,not-corrected
10926025_0509_p509,10926025,509,Trésor des Amadis T. 2,BM Lyon (numelyo),NEW,2025-09-29,,0,0,0,no,not-corrected
10926025_0510_p510,10926025,510,Trésor des Amadis T. 2,BM Lyon (numelyo),NEW,2025-09-29,,0,0,0,no,not-corrected
10926025_0511_p511,10926025,511,Trésor des Amadis T. 2,BM Lyon (numelyo),NEW,2025-09-29,,0,0,0,no,not-corrected
10926025_0512_p512,10926025,512,Trésor des Amadis T. 2,BM Lyon (numelyo),NEW,2025-09-29,,0,0,0,no,not-corrected
10926025_0513_p513,10926025,513,Trésor des Amadis T. 2,BM Lyon (numelyo),NEW,2025-09-29,,0,0,0,no,not-corrected
10926025_0514_p514,10926025,514,Trésor des Amadis T. 2,BM Lyon (numelyo),NEW,2025-09-29,,0,0,0,no,not-corrected
10926025_0515_p515,10926025,515,Trésor des Amadis T. 2,BM Lyon (numelyo),NEW,2025-09-29,,0,0,0,no,not-corrected
10926025_0516_p516,10926025,516,Trésor des Amadis T. 2,BM Lyon (numelyo),NEW,2025-09-29,,0,0,0,no,not-corrected
10926025_0517_p517,10926025,517,Trésor des Amadis T. 2,BM Lyon (numelyo),NEW,2025-09-29,,0,0,0,no,not-corrected
10926025_0518_p518,10926025,518,Trésor des Amadis T. 2,BM Lyon (numelyo),NEW,2025-09-29,,0,0,0,no,not-corrected
10926025_0519_p519,10926025,519,Trésor des Amadis T. 2,BM Lyon (numelyo),NEW,2025-09-29,,0,0,0,no,not-corrected
10926025_0520_p520,10926025,520,Trésor des Amadis T. 2,BM Lyon (numelyo),NEW,2025-09-29,,0,0,0,no,not-corrected
10926025_0521_p521,10926025,521,Trésor des Amadis T. 2,BM Lyon (numelyo),NEW,2025-09-29,,0,0,0,no,not-corrected
10926025_0522_p522,10926025,522,Trésor des Amadis T. 2,BM Lyon (numelyo),NEW,2025-09-29,,0,0,0,no,not-corrected
10926025_0523_p523,10926025,523,Trésor des Amadis T. 2,BM Lyon (numelyo),NEW,2025-09-29,,0,0,0,no,not-corrected
10926025_0524_p524,10926025,524,Trésor des Amadis T. 2,BM Lyon (numelyo),NEW,2025-09-29,,0,0,0,no,not-corrected
10926025_0525_p525,10926025,525,Trésor des Amadis T. 2,BM Lyon (numelyo),NEW,2025-09-29,,0,0,0,no,not-corrected
10926025_0526_p526,10926025,526,Trésor des Amadis T. 2,BM Lyon (numelyo),NEW,2025-09-29,,0,0,0,no,not-corrected
10926025_0527_p527,10926025,527,Trésor des Amadis T. 2,BM Lyon (numelyo),NEW,2025-09-29,,0,0,0,no,not-corrected
10926025_0528_p528,10926025,528,Trésor des Amadis T. 2,BM Lyon (numelyo),NEW,2025-09-29,,0,0,0,no,not-corrected
10926025_0529_p529,10926025,529,Trésor des Amadis T. 2,BM Lyon (numelyo),NEW,2025-09-29,,0,0,0,no,not-corrected
10926025_0530_p530,10926025,530,Trésor des Amadis T. 2,BM Lyon (numelyo),NEW,2025-09-29,,0,0,0,no,not-corrected
10926025_0531_p531,10926025,531,Trésor des Amadis T. 2,BM Lyon (numelyo),NEW,2025-09-29,,0,0,0,no,not-corrected
10926025_0532_p532,10926025,532,Trésor des Amadis T. 2,BM Lyon (numelyo),NEW,2025-09-29,,0,0,0,no,not-corrected
10926025_0533_p533,10926025,533,Trésor des Amadis T. 2,BM Lyon (numelyo),NEW,2025-09-29,,0,0,0,no,not-corrected
10926025_0534_p534,10926025,534,Trésor des Amadis T. 2,BM Lyon (numelyo),NEW,2025-09-29,,0,0,0,no,not-corrected
10926025_0535_p535,10926025,535,Trésor des Amadis T. 2,BM Lyon (numelyo),NEW,2025-09-29,,0,0,0,no,not-corrected
10926025_0536_p536,10926025,536,Trésor des Amadis T. 2,BM Lyon (numelyo),NEW,2025-09-29,,0,0,0,no,not-corrected
10926025_0537_p537,10926025,537,Trésor des Amadis T. 2,BM Lyon (numelyo),NEW,2025-09-29,,0,0,0,no,not-corrected
10926025_0538_p538,10926025,538,Trésor des Amadis T. 2,BM Lyon (numelyo),NEW,2025-09-29,,0,0,0,no,not-corrected
10926025_0539_p539,10926025,539,Trésor des Amadis T. 2,BM Lyon (numelyo),NEW,2025-09-29,,0,0,0,no,not-corrected
10926025_0540_p540,10926025,540,Trésor des Amadis T. 2,BM Lyon (numelyo),NEW,2025-09-29,,0,0,0,no,not-corrected
10926025_0541_p541,10926025,541,Trésor des Amadis T. 2,BM Lyon (numelyo),NEW,2025-09-29,,0,0,0,no,not-corrected
10926025_0542_p542,10926025,542,Trésor des Amadis T. 2,BM Lyon (numelyo),NEW,2025-09-29,,0,0,0,no,not-corrected
10926025_0543_p543,10926025,543,Trésor des Amadis T. 2,BM Lyon (numelyo),NEW,2025-09-29,,0,0,0,no,not-corrected
10926025_0544_p544,10926025,544,Trésor des Amadis T. 2,BM Lyon (numelyo),NEW,2025-09-29,,0,0,0,no,not-corrected
10926025_0545_p545,10926025,545,Trésor des Amadis T. 2,BM Lyon (numelyo),NEW,2025-09-29,,0,0,0,no,not-corrected
10926025_0546_p546,10926025,546,Trésor des Amadis T. 2,BM Lyon (numelyo),NEW,2025-09-29,,0,0,0,no,not-corrected
10926025_0547_p547,10926025,547,Trésor des Amadis T. 2,BM Lyon (numelyo),NEW,2025-09-29,,0,0,0,no,not-corrected
10926025_0548_p548,10926025,548,Trésor des Amadis T. 2,BM Lyon (numelyo),NEW,2025-09-29,,0,0,0,no,not-corrected
10926025_0549_p549,10926025,549,Trésor des Amadis T. 2,BM Lyon (numelyo),NEW,2025-09-29,,0,0,0,no,not-corrected
10926025_0550_p550,10926025,550,Trésor des Amadis T. 2,BM Lyon (numelyo),NEW,2025-09-29,,0,0,0,no,not-corrected
10926025_0551_p551,10926025,551,Trésor des Amadis T. 2,BM Lyon (numelyo),NEW,2025-09-29,,0,0,0,no,not-corrected
10926025_0552_p552,10926025,552,Trésor des Amadis T. 2,BM Lyon (numelyo),NEW,2025-09-29,,0,0,0,no,not-corrected
10926025_0553_p553,10926025,553,Trésor des Amadis T. 2,BM Lyon (numelyo),NEW,2025-09-29,,0,0,0,no,not-corrected
10926025_0554_p554,10926025,554,Trésor des Amadis T. 2,BM Lyon (numelyo),NEW,2025-09-29,,0,0,0,no,not-corrected
10926025_0555_p555,10926025,555,Trésor des Amadis T. 2,BM Lyon (numelyo),NEW,2025-09-29,,0,0,0,no,not-corrected
10926025_0556_p556,10926025,556,Trésor des Amadis T. 2,BM Lyon (numelyo),NEW,2025-09-29,,0,0,0,no,not-corrected
10926025_0557_p557,10926025,557,Trésor des Amadis T. 2,BM Lyon (numelyo),NEW,2025-09-29,,0,0,0,no,not-corrected
10926025_0558_p558,10926025,558,Trésor des Amadis T. 2,BM Lyon (numelyo),NEW,2025-09-29,,0,0,0,no,not-corrected
10926025_0559_p559,10926025,559,Trésor des Amadis T. 2,BM Lyon (numelyo),NEW,2025-09-29,,0,0,0,no,not-corrected
10926025_0560_p560,10926025,560,Trésor des Amadis T. 2,BM Lyon (numelyo),NEW,2025-09-29,,0,0,0,no,not-corrected
10926025_0561_p561,10926025,561,Trésor des Amadis T. 2,BM Lyon (numelyo),NEW,2025-09-29,,0,0,0,no,not-corrected
10926025_0562_p562,10926025,562,Trésor des Amadis T. 2,BM Lyon (numelyo),NEW,2025-09-29,,0,0,0,no,not-corrected
10926025_0563_p563,10926025,563,Trésor des Amadis T. 2,BM Lyon (numelyo),NEW,2025-09-29,,0,0,0,no,not-corrected
10926025_0564_p564,10926025,564,Trésor des Amadis T. 2,BM Lyon (numelyo),NEW,2025-09-29,,0,0,0,no,not-corrected
16583795_0001_p001,16583795,1,"Amadis de Gaule, livre 13 (extrait)",,DONE,2026-06-04,554557,31,1197,228,yes,
16583795_0002_p002,16583795,2,"Amadis de Gaule, livre 13 (extrait)",,DONE,2026-06-04,554557,31,1228,216,yes,
16583795_0003_p003,16583795,3,"Amadis de Gaule, livre 13 (extrait)",,DONE,2026-06-04,554557,31,1209,224,yes,
16583795_0004_p004,16583795,4,"Amadis de Gaule, livre 13 (extrait)",,DONE,2026-06-04,554557,29,1034,183,yes,
